    Blocking waiting for file lock on package cache
    Blocking waiting for file lock on package cache
Fetching exact registry package lenso-plugin-authoring@0.2.0
Fetching exact registry package lenso-app-plan@0.4.6
Fetching exact registry package lenso-process-protocol@0.2.3
Fetching exact registry package lenso-process-sdk@0.2.0
Fetching exact registry package lenso-plugin-bundle@0.6.1
Fetching exact registry package lenso-contract-runtime@0.2.0
Fetching exact registry package lenso-guest-sdk@0.5.1
Fetching exact registry package lenso-plugin-sdk@0.4.6
Fetching exact registry package lenso-capability-http-endpoint-macros@0.1.5
Fetching exact registry package lenso-engine@0.2.0
Fetching exact registry package lenso-engine-markdown@0.2.0
Fetching exact registry package lenso-plugin-catalog@0.1.2
Fetching exact registry package lenso-host-distribution@0.1.24
Fetching exact registry package lenso-runtime-conformance@0.3.10
    Updating crates.io index
     Locking 328 packages to latest Rust 1.98.1 compatible versions
      Adding generic-array v0.14.7 (available: v0.14.9)
Fetching exact published requirement lenso-plugin-sdk-macros@0.1.0
Staged exact registry source lenso-plugin-authoring@0.2.0
Staged exact registry source lenso-app-plan@0.4.6
Staged exact registry source lenso-process-protocol@0.2.3
Staged exact registry source lenso-process-sdk@0.2.0
Staged exact registry source lenso-plugin-bundle@0.6.1
Staged exact registry source lenso-contract-runtime@0.2.0
Staged exact registry source lenso-guest-sdk@0.5.1
Staged exact registry source lenso-plugin-sdk@0.4.6
Staged exact registry source lenso-capability-http-endpoint-macros@0.1.5
Staged exact registry source lenso-engine@0.2.0
Staged exact registry source lenso-engine-markdown@0.2.0
Staged exact registry source lenso-plugin-catalog@0.1.2
Staged exact registry source lenso-host-distribution@0.1.24
Staged exact registry source lenso-runtime-conformance@0.3.10
Staged exact registry source lenso-plugin-sdk-macros@0.1.0
   Packaging lenso-contract-authoring-macros v0.1.1 (/private/var/folders/hp/q9psfx3j2l58mrp6g7d8x8000000gn/T/lenso-release-cohort.r8ncUG/source/crates/lenso-contract-authoring-macros)
warning: patch `lenso v0.5.28 (/private/var/folders/hp/q9psfx3j2l58mrp6g7d8x8000000gn/T/lenso-release-cohort.r8ncUG/source/crates/lenso)` was not used in the crate graph
warning: patch `lenso-agent-tool-cli-plugin v0.1.1 (/private/var/folders/hp/q9psfx3j2l58mrp6g7d8x8000000gn/T/lenso-release-cohort.r8ncUG/source/crates/lenso-agent-tool-cli-plugin)` was not used in the crate graph
warning: patch `lenso-app-plan v0.4.6 (/private/var/folders/hp/q9psfx3j2l58mrp6g7d8x8000000gn/T/lenso-release-cohort.r8ncUG/source/crates/lenso-app-plan)` was not used in the crate graph
warning: patch `lenso-browser-driver v0.1.10 (/private/var/folders/hp/q9psfx3j2l58mrp6g7d8x8000000gn/T/lenso-release-cohort.r8ncUG/source/crates/lenso-browser-driver)` was not used in the crate graph
warning: patch `lenso-bun-adapter v0.1.17 (/private/var/folders/hp/q9psfx3j2l58mrp6g7d8x8000000gn/T/lenso-release-cohort.r8ncUG/source/crates/lenso-bun-adapter)` was not used in the crate graph
warning: patch `lenso-capability-configuration-source v0.1.1 (/private/var/folders/hp/q9psfx3j2l58mrp6g7d8x8000000gn/T/lenso-release-cohort.r8ncUG/source/crates/lenso-capability-configuration-source)` was not used in the crate graph
warning: patch `lenso-capability-http-client v0.3.3 (/private/var/folders/hp/q9psfx3j2l58mrp6g7d8x8000000gn/T/lenso-release-cohort.r8ncUG/source/crates/lenso-capability-http-client)` was not used in the crate graph
warning: patch `lenso-capability-http-endpoint v0.3.6 (/private/var/folders/hp/q9psfx3j2l58mrp6g7d8x8000000gn/T/lenso-release-cohort.r8ncUG/source/crates/lenso-capability-http-endpoint)` was not used in the crate graph
warning: patch `lenso-capability-http-endpoint-macros v0.1.5 (/private/var/folders/hp/q9psfx3j2l58mrp6g7d8x8000000gn/T/lenso-release-cohort.r8ncUG/source/crates/lenso-capability-http-endpoint-macros)` was not used in the crate graph
warning: patch `lenso-capability-http-stream-endpoint v0.1.3 (/private/var/folders/hp/q9psfx3j2l58mrp6g7d8x8000000gn/T/lenso-release-cohort.r8ncUG/source/crates/lenso-capability-http-stream-endpoint)` was not used in the crate graph
warning: patch `lenso-capability-websocket-endpoint v0.1.3 (/private/var/folders/hp/q9psfx3j2l58mrp6g7d8x8000000gn/T/lenso-release-cohort.r8ncUG/source/crates/lenso-capability-websocket-endpoint)` was not used in the crate graph
warning: patch `lenso-cli v0.6.5 (/private/var/folders/hp/q9psfx3j2l58mrp6g7d8x8000000gn/T/lenso-release-cohort.r8ncUG/source/crates/lenso-cli)` was not used in the crate graph
warning: patch `lenso-contract-authoring v0.1.2 (/private/var/folders/hp/q9psfx3j2l58mrp6g7d8x8000000gn/T/lenso-release-cohort.r8ncUG/source/crates/lenso-contract-authoring)` was not used in the crate graph
warning: patch `lenso-contract-codegen v0.10.1 (/private/var/folders/hp/q9psfx3j2l58mrp6g7d8x8000000gn/T/lenso-release-cohort.r8ncUG/source/crates/lenso-contract-codegen)` was not used in the crate graph
warning: patch `lenso-contract-runtime v0.2.0 (/private/var/folders/hp/q9psfx3j2l58mrp6g7d8x8000000gn/T/lenso-release-cohort.r8ncUG/source/crates/lenso-contract-runtime)` was not used in the crate graph
warning: patch `lenso-dylib-adapter v0.2.11 (/private/var/folders/hp/q9psfx3j2l58mrp6g7d8x8000000gn/T/lenso-release-cohort.r8ncUG/source/crates/lenso-dylib-adapter)` was not used in the crate graph
warning: patch `lenso-engine v0.2.0 (/private/var/folders/hp/q9psfx3j2l58mrp6g7d8x8000000gn/T/lenso-release-cohort.r8ncUG/source/crates/lenso-engine)` was not used in the crate graph
warning: patch `lenso-engine-app v0.3.2 (/private/var/folders/hp/q9psfx3j2l58mrp6g7d8x8000000gn/T/lenso-release-cohort.r8ncUG/source/crates/lenso-engine-app)` was not used in the crate graph
warning: patch `lenso-engine-authoring v0.2.4 (/private/var/folders/hp/q9psfx3j2l58mrp6g7d8x8000000gn/T/lenso-release-cohort.r8ncUG/source/crates/lenso-engine-authoring)` was not used in the crate graph
warning: patch `lenso-engine-markdown v0.2.0 (/private/var/folders/hp/q9psfx3j2l58mrp6g7d8x8000000gn/T/lenso-release-cohort.r8ncUG/source/crates/lenso-engine-markdown)` was not used in the crate graph
warning: patch `lenso-engine-runtime v0.2.1 (/private/var/folders/hp/q9psfx3j2l58mrp6g7d8x8000000gn/T/lenso-release-cohort.r8ncUG/source/crates/lenso-engine-runtime)` was not used in the crate graph
warning: patch `lenso-guest-sdk v0.5.1 (/private/var/folders/hp/q9psfx3j2l58mrp6g7d8x8000000gn/T/lenso-release-cohort.r8ncUG/source/crates/lenso-guest-sdk)` was not used in the crate graph
warning: patch `lenso-host-distribution v0.1.24 (/private/var/folders/hp/q9psfx3j2l58mrp6g7d8x8000000gn/T/lenso-release-cohort.r8ncUG/source/crates/lenso-host-distribution)` was not used in the crate graph
warning: patch `lenso-host-runtime v0.1.10 (/private/var/folders/hp/q9psfx3j2l58mrp6g7d8x8000000gn/T/lenso-release-cohort.r8ncUG/source/crates/lenso-host-runtime)` was not used in the crate graph
warning: patch `lenso-http-auth v0.2.5 (/private/var/folders/hp/q9psfx3j2l58mrp6g7d8x8000000gn/T/lenso-release-cohort.r8ncUG/source/crates/lenso-http-auth)` was not used in the crate graph
warning: patch `lenso-http-egress-plugin v0.3.6 (/private/var/folders/hp/q9psfx3j2l58mrp6g7d8x8000000gn/T/lenso-release-cohort.r8ncUG/source/crates/lenso-http-egress-plugin)` was not used in the crate graph
warning: patch `lenso-kernel v0.3.12 (/private/var/folders/hp/q9psfx3j2l58mrp6g7d8x8000000gn/T/lenso-release-cohort.r8ncUG/source/crates/lenso-kernel)` was not used in the crate graph
warning: patch `lenso-native-adapter v0.3.19 (/private/var/folders/hp/q9psfx3j2l58mrp6g7d8x8000000gn/T/lenso-release-cohort.r8ncUG/source/crates/lenso-native-adapter)` was not used in the crate graph
warning: patch `lenso-native-adapter-macros v0.2.8 (/private/var/folders/hp/q9psfx3j2l58mrp6g7d8x8000000gn/T/lenso-release-cohort.r8ncUG/source/crates/lenso-native-adapter-macros)` was not used in the crate graph
warning: patch `lenso-openapi-plugin v0.2.6 (/private/var/folders/hp/q9psfx3j2l58mrp6g7d8x8000000gn/T/lenso-release-cohort.r8ncUG/source/crates/lenso-openapi-plugin)` was not used in the crate graph
warning: patch `lenso-plugin-authoring v0.2.0 (/private/var/folders/hp/q9psfx3j2l58mrp6g7d8x8000000gn/T/lenso-release-cohort.r8ncUG/source/crates/lenso-plugin-authoring)` was not used in the crate graph
warning: patch `lenso-plugin-bundle v0.6.1 (/private/var/folders/hp/q9psfx3j2l58mrp6g7d8x8000000gn/T/lenso-release-cohort.r8ncUG/source/crates/lenso-plugin-bundle)` was not used in the crate graph
warning: patch `lenso-plugin-catalog v0.1.2 (/private/var/folders/hp/q9psfx3j2l58mrp6g7d8x8000000gn/T/lenso-release-cohort.r8ncUG/source/crates/lenso-plugin-catalog)` was not used in the crate graph
warning: patch `lenso-plugin-control-plane v0.4.26 (/private/var/folders/hp/q9psfx3j2l58mrp6g7d8x8000000gn/T/lenso-release-cohort.r8ncUG/source/crates/lenso-plugin-control-plane)` was not used in the crate graph
warning: patch `lenso-plugin-sdk v0.4.6 (/private/var/folders/hp/q9psfx3j2l58mrp6g7d8x8000000gn/T/lenso-release-cohort.r8ncUG/source/crates/lenso-plugin-sdk)` was not used in the crate graph
warning: patch `lenso-plugin-sdk-macros v0.1.0 (/private/var/folders/hp/q9psfx3j2l58mrp6g7d8x8000000gn/T/lenso-release-cohort.r8ncUG/source/crates/lenso-plugin-sdk-macros)` was not used in the crate graph
warning: patch `lenso-process-adapter v0.3.15 (/private/var/folders/hp/q9psfx3j2l58mrp6g7d8x8000000gn/T/lenso-release-cohort.r8ncUG/source/crates/lenso-process-adapter)` was not used in the crate graph
warning: patch `lenso-process-protocol v0.2.3 (/private/var/folders/hp/q9psfx3j2l58mrp6g7d8x8000000gn/T/lenso-release-cohort.r8ncUG/source/crates/lenso-process-protocol)` was not used in the crate graph
warning: patch `lenso-process-sdk v0.2.0 (/private/var/folders/hp/q9psfx3j2l58mrp6g7d8x8000000gn/T/lenso-release-cohort.r8ncUG/source/crates/lenso-process-sdk)` was not used in the crate graph
warning: patch `lenso-quickjs-adapter v0.2.11 (/private/var/folders/hp/q9psfx3j2l58mrp6g7d8x8000000gn/T/lenso-release-cohort.r8ncUG/source/crates/lenso-quickjs-adapter)` was not used in the crate graph
warning: patch `lenso-remote-adapter v0.1.10 (/private/var/folders/hp/q9psfx3j2l58mrp6g7d8x8000000gn/T/lenso-release-cohort.r8ncUG/source/crates/lenso-remote-adapter)` was not used in the crate graph
warning: patch `lenso-runner v0.2.20 (/private/var/folders/hp/q9psfx3j2l58mrp6g7d8x8000000gn/T/lenso-release-cohort.r8ncUG/source/crates/lenso-runner)` was not used in the crate graph
warning: patch `lenso-runtime-codec v0.4.4 (/private/var/folders/hp/q9psfx3j2l58mrp6g7d8x8000000gn/T/lenso-release-cohort.r8ncUG/source/crates/lenso-runtime-codec)` was not used in the crate graph
warning: patch `lenso-runtime-conformance v0.3.10 (/private/var/folders/hp/q9psfx3j2l58mrp6g7d8x8000000gn/T/lenso-release-cohort.r8ncUG/source/crates/lenso-runtime-conformance)` was not used in the crate graph
warning: patch `lenso-test v0.1.3 (/private/var/folders/hp/q9psfx3j2l58mrp6g7d8x8000000gn/T/lenso-release-cohort.r8ncUG/source/crates/lenso-test)` was not used in the crate graph
warning: patch `lenso-wasm-component-adapter v0.2.18 (/private/var/folders/hp/q9psfx3j2l58mrp6g7d8x8000000gn/T/lenso-release-cohort.r8ncUG/source/crates/lenso-wasm-component-adapter)` was not used in the crate graph
warning: patch `lenso-web-host v0.2.5 (/private/var/folders/hp/q9psfx3j2l58mrp6g7d8x8000000gn/T/lenso-release-cohort.r8ncUG/source/crates/lenso-web-host)` was not used in the crate graph
warning: patch `lenso-web-ingress-plugin v0.4.10 (/private/var/folders/hp/q9psfx3j2l58mrp6g7d8x8000000gn/T/lenso-release-cohort.r8ncUG/source/crates/lenso-web-ingress-plugin)` was not used in the crate graph
warning: patch `lenso-workers-driver v0.1.2 (/private/var/folders/hp/q9psfx3j2l58mrp6g7d8x8000000gn/T/lenso-release-cohort.r8ncUG/source/crates/lenso-workers-driver)` was not used in the crate graph
help: Check that the patched package version and available features are compatible
      with the dependency requirements. If the patch has a different version from
      what is locked in the Cargo.lock file, run `cargo update` to use the new
      version. This may also occur with an optional dependency that is not enabled.
    Packaged 6 files, 29.4KiB (7.8KiB compressed)
    Blocking waiting for file lock on package cache
   Packaging lenso-kernel v0.3.12 (/private/var/folders/hp/q9psfx3j2l58mrp6g7d8x8000000gn/T/lenso-release-cohort.r8ncUG/source/crates/lenso-kernel)
warning: patch `lenso v0.5.28 (/private/var/folders/hp/q9psfx3j2l58mrp6g7d8x8000000gn/T/lenso-release-cohort.r8ncUG/source/crates/lenso)` was not used in the crate graph
warning: patch `lenso-agent-tool-cli-plugin v0.1.1 (/private/var/folders/hp/q9psfx3j2l58mrp6g7d8x8000000gn/T/lenso-release-cohort.r8ncUG/source/crates/lenso-agent-tool-cli-plugin)` was not used in the crate graph
warning: patch `lenso-browser-driver v0.1.10 (/private/var/folders/hp/q9psfx3j2l58mrp6g7d8x8000000gn/T/lenso-release-cohort.r8ncUG/source/crates/lenso-browser-driver)` was not used in the crate graph
warning: patch `lenso-bun-adapter v0.1.17 (/private/var/folders/hp/q9psfx3j2l58mrp6g7d8x8000000gn/T/lenso-release-cohort.r8ncUG/source/crates/lenso-bun-adapter)` was not used in the crate graph
warning: patch `lenso-capability-configuration-source v0.1.1 (/private/var/folders/hp/q9psfx3j2l58mrp6g7d8x8000000gn/T/lenso-release-cohort.r8ncUG/source/crates/lenso-capability-configuration-source)` was not used in the crate graph
warning: patch `lenso-capability-http-client v0.3.3 (/private/var/folders/hp/q9psfx3j2l58mrp6g7d8x8000000gn/T/lenso-release-cohort.r8ncUG/source/crates/lenso-capability-http-client)` was not used in the crate graph
warning: patch `lenso-capability-http-endpoint v0.3.6 (/private/var/folders/hp/q9psfx3j2l58mrp6g7d8x8000000gn/T/lenso-release-cohort.r8ncUG/source/crates/lenso-capability-http-endpoint)` was not used in the crate graph
warning: patch `lenso-capability-http-endpoint-macros v0.1.5 (/private/var/folders/hp/q9psfx3j2l58mrp6g7d8x8000000gn/T/lenso-release-cohort.r8ncUG/source/crates/lenso-capability-http-endpoint-macros)` was not used in the crate graph
warning: patch `lenso-capability-http-stream-endpoint v0.1.3 (/private/var/folders/hp/q9psfx3j2l58mrp6g7d8x8000000gn/T/lenso-release-cohort.r8ncUG/source/crates/lenso-capability-http-stream-endpoint)` was not used in the crate graph
warning: patch `lenso-capability-websocket-endpoint v0.1.3 (/private/var/folders/hp/q9psfx3j2l58mrp6g7d8x8000000gn/T/lenso-release-cohort.r8ncUG/source/crates/lenso-capability-websocket-endpoint)` was not used in the crate graph
warning: patch `lenso-cli v0.6.5 (/private/var/folders/hp/q9psfx3j2l58mrp6g7d8x8000000gn/T/lenso-release-cohort.r8ncUG/source/crates/lenso-cli)` was not used in the crate graph
warning: patch `lenso-contract-authoring v0.1.2 (/private/var/folders/hp/q9psfx3j2l58mrp6g7d8x8000000gn/T/lenso-release-cohort.r8ncUG/source/crates/lenso-contract-authoring)` was not used in the crate graph
warning: patch `lenso-contract-authoring-macros v0.1.1 (/private/var/folders/hp/q9psfx3j2l58mrp6g7d8x8000000gn/T/lenso-release-cohort.r8ncUG/source/crates/lenso-contract-authoring-macros)` was not used in the crate graph
warning: patch `lenso-contract-codegen v0.10.1 (/private/var/folders/hp/q9psfx3j2l58mrp6g7d8x8000000gn/T/lenso-release-cohort.r8ncUG/source/crates/lenso-contract-codegen)` was not used in the crate graph
warning: patch `lenso-contract-runtime v0.2.0 (/private/var/folders/hp/q9psfx3j2l58mrp6g7d8x8000000gn/T/lenso-release-cohort.r8ncUG/source/crates/lenso-contract-runtime)` was not used in the crate graph
warning: patch `lenso-dylib-adapter v0.2.11 (/private/var/folders/hp/q9psfx3j2l58mrp6g7d8x8000000gn/T/lenso-release-cohort.r8ncUG/source/crates/lenso-dylib-adapter)` was not used in the crate graph
warning: patch `lenso-engine v0.2.0 (/private/var/folders/hp/q9psfx3j2l58mrp6g7d8x8000000gn/T/lenso-release-cohort.r8ncUG/source/crates/lenso-engine)` was not used in the crate graph
warning: patch `lenso-engine-app v0.3.2 (/private/var/folders/hp/q9psfx3j2l58mrp6g7d8x8000000gn/T/lenso-release-cohort.r8ncUG/source/crates/lenso-engine-app)` was not used in the crate graph
warning: patch `lenso-engine-authoring v0.2.4 (/private/var/folders/hp/q9psfx3j2l58mrp6g7d8x8000000gn/T/lenso-release-cohort.r8ncUG/source/crates/lenso-engine-authoring)` was not used in the crate graph
warning: patch `lenso-engine-markdown v0.2.0 (/private/var/folders/hp/q9psfx3j2l58mrp6g7d8x8000000gn/T/lenso-release-cohort.r8ncUG/source/crates/lenso-engine-markdown)` was not used in the crate graph
warning: patch `lenso-engine-runtime v0.2.1 (/private/var/folders/hp/q9psfx3j2l58mrp6g7d8x8000000gn/T/lenso-release-cohort.r8ncUG/source/crates/lenso-engine-runtime)` was not used in the crate graph
warning: patch `lenso-guest-sdk v0.5.1 (/private/var/folders/hp/q9psfx3j2l58mrp6g7d8x8000000gn/T/lenso-release-cohort.r8ncUG/source/crates/lenso-guest-sdk)` was not used in the crate graph
warning: patch `lenso-host-distribution v0.1.24 (/private/var/folders/hp/q9psfx3j2l58mrp6g7d8x8000000gn/T/lenso-release-cohort.r8ncUG/source/crates/lenso-host-distribution)` was not used in the crate graph
warning: patch `lenso-host-runtime v0.1.10 (/private/var/folders/hp/q9psfx3j2l58mrp6g7d8x8000000gn/T/lenso-release-cohort.r8ncUG/source/crates/lenso-host-runtime)` was not used in the crate graph
warning: patch `lenso-http-auth v0.2.5 (/private/var/folders/hp/q9psfx3j2l58mrp6g7d8x8000000gn/T/lenso-release-cohort.r8ncUG/source/crates/lenso-http-auth)` was not used in the crate graph
warning: patch `lenso-http-egress-plugin v0.3.6 (/private/var/folders/hp/q9psfx3j2l58mrp6g7d8x8000000gn/T/lenso-release-cohort.r8ncUG/source/crates/lenso-http-egress-plugin)` was not used in the crate graph
warning: patch `lenso-native-adapter v0.3.19 (/private/var/folders/hp/q9psfx3j2l58mrp6g7d8x8000000gn/T/lenso-release-cohort.r8ncUG/source/crates/lenso-native-adapter)` was not used in the crate graph
warning: patch `lenso-native-adapter-macros v0.2.8 (/private/var/folders/hp/q9psfx3j2l58mrp6g7d8x8000000gn/T/lenso-release-cohort.r8ncUG/source/crates/lenso-native-adapter-macros)` was not used in the crate graph
warning: patch `lenso-openapi-plugin v0.2.6 (/private/var/folders/hp/q9psfx3j2l58mrp6g7d8x8000000gn/T/lenso-release-cohort.r8ncUG/source/crates/lenso-openapi-plugin)` was not used in the crate graph
warning: patch `lenso-plugin-authoring v0.2.0 (/private/var/folders/hp/q9psfx3j2l58mrp6g7d8x8000000gn/T/lenso-release-cohort.r8ncUG/source/crates/lenso-plugin-authoring)` was not used in the crate graph
warning: patch `lenso-plugin-bundle v0.6.1 (/private/var/folders/hp/q9psfx3j2l58mrp6g7d8x8000000gn/T/lenso-release-cohort.r8ncUG/source/crates/lenso-plugin-bundle)` was not used in the crate graph
warning: patch `lenso-plugin-catalog v0.1.2 (/private/var/folders/hp/q9psfx3j2l58mrp6g7d8x8000000gn/T/lenso-release-cohort.r8ncUG/source/crates/lenso-plugin-catalog)` was not used in the crate graph
warning: patch `lenso-plugin-control-plane v0.4.26 (/private/var/folders/hp/q9psfx3j2l58mrp6g7d8x8000000gn/T/lenso-release-cohort.r8ncUG/source/crates/lenso-plugin-control-plane)` was not used in the crate graph
warning: patch `lenso-plugin-sdk v0.4.6 (/private/var/folders/hp/q9psfx3j2l58mrp6g7d8x8000000gn/T/lenso-release-cohort.r8ncUG/source/crates/lenso-plugin-sdk)` was not used in the crate graph
warning: patch `lenso-plugin-sdk-macros v0.1.0 (/private/var/folders/hp/q9psfx3j2l58mrp6g7d8x8000000gn/T/lenso-release-cohort.r8ncUG/source/crates/lenso-plugin-sdk-macros)` was not used in the crate graph
warning: patch `lenso-process-adapter v0.3.15 (/private/var/folders/hp/q9psfx3j2l58mrp6g7d8x8000000gn/T/lenso-release-cohort.r8ncUG/source/crates/lenso-process-adapter)` was not used in the crate graph
warning: patch `lenso-process-protocol v0.2.3 (/private/var/folders/hp/q9psfx3j2l58mrp6g7d8x8000000gn/T/lenso-release-cohort.r8ncUG/source/crates/lenso-process-protocol)` was not used in the crate graph
warning: patch `lenso-process-sdk v0.2.0 (/private/var/folders/hp/q9psfx3j2l58mrp6g7d8x8000000gn/T/lenso-release-cohort.r8ncUG/source/crates/lenso-process-sdk)` was not used in the crate graph
warning: patch `lenso-quickjs-adapter v0.2.11 (/private/var/folders/hp/q9psfx3j2l58mrp6g7d8x8000000gn/T/lenso-release-cohort.r8ncUG/source/crates/lenso-quickjs-adapter)` was not used in the crate graph
warning: patch `lenso-remote-adapter v0.1.10 (/private/var/folders/hp/q9psfx3j2l58mrp6g7d8x8000000gn/T/lenso-release-cohort.r8ncUG/source/crates/lenso-remote-adapter)` was not used in the crate graph
warning: patch `lenso-runner v0.2.20 (/private/var/folders/hp/q9psfx3j2l58mrp6g7d8x8000000gn/T/lenso-release-cohort.r8ncUG/source/crates/lenso-runner)` was not used in the crate graph
warning: patch `lenso-runtime-codec v0.4.4 (/private/var/folders/hp/q9psfx3j2l58mrp6g7d8x8000000gn/T/lenso-release-cohort.r8ncUG/source/crates/lenso-runtime-codec)` was not used in the crate graph
warning: patch `lenso-runtime-conformance v0.3.10 (/private/var/folders/hp/q9psfx3j2l58mrp6g7d8x8000000gn/T/lenso-release-cohort.r8ncUG/source/crates/lenso-runtime-conformance)` was not used in the crate graph
warning: patch `lenso-test v0.1.3 (/private/var/folders/hp/q9psfx3j2l58mrp6g7d8x8000000gn/T/lenso-release-cohort.r8ncUG/source/crates/lenso-test)` was not used in the crate graph
warning: patch `lenso-wasm-component-adapter v0.2.18 (/private/var/folders/hp/q9psfx3j2l58mrp6g7d8x8000000gn/T/lenso-release-cohort.r8ncUG/source/crates/lenso-wasm-component-adapter)` was not used in the crate graph
warning: patch `lenso-web-host v0.2.5 (/private/var/folders/hp/q9psfx3j2l58mrp6g7d8x8000000gn/T/lenso-release-cohort.r8ncUG/source/crates/lenso-web-host)` was not used in the crate graph
warning: patch `lenso-web-ingress-plugin v0.4.10 (/private/var/folders/hp/q9psfx3j2l58mrp6g7d8x8000000gn/T/lenso-release-cohort.r8ncUG/source/crates/lenso-web-ingress-plugin)` was not used in the crate graph
warning: patch `lenso-workers-driver v0.1.2 (/private/var/folders/hp/q9psfx3j2l58mrp6g7d8x8000000gn/T/lenso-release-cohort.r8ncUG/source/crates/lenso-workers-driver)` was not used in the crate graph
help: Check that the patched package version and available features are compatible
      with the dependency requirements. If the patch has a different version from
      what is locked in the Cargo.lock file, run `cargo update` to use the new
      version. This may also occur with an optional dependency that is not enabled.
    Packaged 32 files, 525.0KiB (87.8KiB compressed)
    Blocking waiting for file lock on package cache
    Blocking waiting for file lock on package cache
   Packaging lenso-native-adapter-macros v0.2.8 (/private/var/folders/hp/q9psfx3j2l58mrp6g7d8x8000000gn/T/lenso-release-cohort.r8ncUG/source/crates/lenso-native-adapter-macros)
warning: patch `lenso v0.5.28 (/private/var/folders/hp/q9psfx3j2l58mrp6g7d8x8000000gn/T/lenso-release-cohort.r8ncUG/source/crates/lenso)` was not used in the crate graph
warning: patch `lenso-agent-tool-cli-plugin v0.1.1 (/private/var/folders/hp/q9psfx3j2l58mrp6g7d8x8000000gn/T/lenso-release-cohort.r8ncUG/source/crates/lenso-agent-tool-cli-plugin)` was not used in the crate graph
warning: patch `lenso-app-plan v0.4.6 (/private/var/folders/hp/q9psfx3j2l58mrp6g7d8x8000000gn/T/lenso-release-cohort.r8ncUG/source/crates/lenso-app-plan)` was not used in the crate graph
warning: patch `lenso-browser-driver v0.1.10 (/private/var/folders/hp/q9psfx3j2l58mrp6g7d8x8000000gn/T/lenso-release-cohort.r8ncUG/source/crates/lenso-browser-driver)` was not used in the crate graph
warning: patch `lenso-bun-adapter v0.1.17 (/private/var/folders/hp/q9psfx3j2l58mrp6g7d8x8000000gn/T/lenso-release-cohort.r8ncUG/source/crates/lenso-bun-adapter)` was not used in the crate graph
warning: patch `lenso-capability-configuration-source v0.1.1 (/private/var/folders/hp/q9psfx3j2l58mrp6g7d8x8000000gn/T/lenso-release-cohort.r8ncUG/source/crates/lenso-capability-configuration-source)` was not used in the crate graph
warning: patch `lenso-capability-http-client v0.3.3 (/private/var/folders/hp/q9psfx3j2l58mrp6g7d8x8000000gn/T/lenso-release-cohort.r8ncUG/source/crates/lenso-capability-http-client)` was not used in the crate graph
warning: patch `lenso-capability-http-endpoint v0.3.6 (/private/var/folders/hp/q9psfx3j2l58mrp6g7d8x8000000gn/T/lenso-release-cohort.r8ncUG/source/crates/lenso-capability-http-endpoint)` was not used in the crate graph
warning: patch `lenso-capability-http-endpoint-macros v0.1.5 (/private/var/folders/hp/q9psfx3j2l58mrp6g7d8x8000000gn/T/lenso-release-cohort.r8ncUG/source/crates/lenso-capability-http-endpoint-macros)` was not used in the crate graph
warning: patch `lenso-capability-http-stream-endpoint v0.1.3 (/private/var/folders/hp/q9psfx3j2l58mrp6g7d8x8000000gn/T/lenso-release-cohort.r8ncUG/source/crates/lenso-capability-http-stream-endpoint)` was not used in the crate graph
warning: patch `lenso-capability-websocket-endpoint v0.1.3 (/private/var/folders/hp/q9psfx3j2l58mrp6g7d8x8000000gn/T/lenso-release-cohort.r8ncUG/source/crates/lenso-capability-websocket-endpoint)` was not used in the crate graph
warning: patch `lenso-cli v0.6.5 (/private/var/folders/hp/q9psfx3j2l58mrp6g7d8x8000000gn/T/lenso-release-cohort.r8ncUG/source/crates/lenso-cli)` was not used in the crate graph
warning: patch `lenso-contract-authoring v0.1.2 (/private/var/folders/hp/q9psfx3j2l58mrp6g7d8x8000000gn/T/lenso-release-cohort.r8ncUG/source/crates/lenso-contract-authoring)` was not used in the crate graph
warning: patch `lenso-contract-authoring-macros v0.1.1 (/private/var/folders/hp/q9psfx3j2l58mrp6g7d8x8000000gn/T/lenso-release-cohort.r8ncUG/source/crates/lenso-contract-authoring-macros)` was not used in the crate graph
warning: patch `lenso-contract-codegen v0.10.1 (/private/var/folders/hp/q9psfx3j2l58mrp6g7d8x8000000gn/T/lenso-release-cohort.r8ncUG/source/crates/lenso-contract-codegen)` was not used in the crate graph
warning: patch `lenso-contract-runtime v0.2.0 (/private/var/folders/hp/q9psfx3j2l58mrp6g7d8x8000000gn/T/lenso-release-cohort.r8ncUG/source/crates/lenso-contract-runtime)` was not used in the crate graph
warning: patch `lenso-dylib-adapter v0.2.11 (/private/var/folders/hp/q9psfx3j2l58mrp6g7d8x8000000gn/T/lenso-release-cohort.r8ncUG/source/crates/lenso-dylib-adapter)` was not used in the crate graph
warning: patch `lenso-engine v0.2.0 (/private/var/folders/hp/q9psfx3j2l58mrp6g7d8x8000000gn/T/lenso-release-cohort.r8ncUG/source/crates/lenso-engine)` was not used in the crate graph
warning: patch `lenso-engine-app v0.3.2 (/private/var/folders/hp/q9psfx3j2l58mrp6g7d8x8000000gn/T/lenso-release-cohort.r8ncUG/source/crates/lenso-engine-app)` was not used in the crate graph
warning: patch `lenso-engine-authoring v0.2.4 (/private/var/folders/hp/q9psfx3j2l58mrp6g7d8x8000000gn/T/lenso-release-cohort.r8ncUG/source/crates/lenso-engine-authoring)` was not used in the crate graph
warning: patch `lenso-engine-markdown v0.2.0 (/private/var/folders/hp/q9psfx3j2l58mrp6g7d8x8000000gn/T/lenso-release-cohort.r8ncUG/source/crates/lenso-engine-markdown)` was not used in the crate graph
warning: patch `lenso-engine-runtime v0.2.1 (/private/var/folders/hp/q9psfx3j2l58mrp6g7d8x8000000gn/T/lenso-release-cohort.r8ncUG/source/crates/lenso-engine-runtime)` was not used in the crate graph
warning: patch `lenso-guest-sdk v0.5.1 (/private/var/folders/hp/q9psfx3j2l58mrp6g7d8x8000000gn/T/lenso-release-cohort.r8ncUG/source/crates/lenso-guest-sdk)` was not used in the crate graph
warning: patch `lenso-host-distribution v0.1.24 (/private/var/folders/hp/q9psfx3j2l58mrp6g7d8x8000000gn/T/lenso-release-cohort.r8ncUG/source/crates/lenso-host-distribution)` was not used in the crate graph
warning: patch `lenso-host-runtime v0.1.10 (/private/var/folders/hp/q9psfx3j2l58mrp6g7d8x8000000gn/T/lenso-release-cohort.r8ncUG/source/crates/lenso-host-runtime)` was not used in the crate graph
warning: patch `lenso-http-auth v0.2.5 (/private/var/folders/hp/q9psfx3j2l58mrp6g7d8x8000000gn/T/lenso-release-cohort.r8ncUG/source/crates/lenso-http-auth)` was not used in the crate graph
warning: patch `lenso-http-egress-plugin v0.3.6 (/private/var/folders/hp/q9psfx3j2l58mrp6g7d8x8000000gn/T/lenso-release-cohort.r8ncUG/source/crates/lenso-http-egress-plugin)` was not used in the crate graph
warning: patch `lenso-kernel v0.3.12 (/private/var/folders/hp/q9psfx3j2l58mrp6g7d8x8000000gn/T/lenso-release-cohort.r8ncUG/source/crates/lenso-kernel)` was not used in the crate graph
warning: patch `lenso-native-adapter v0.3.19 (/private/var/folders/hp/q9psfx3j2l58mrp6g7d8x8000000gn/T/lenso-release-cohort.r8ncUG/source/crates/lenso-native-adapter)` was not used in the crate graph
warning: patch `lenso-openapi-plugin v0.2.6 (/private/var/folders/hp/q9psfx3j2l58mrp6g7d8x8000000gn/T/lenso-release-cohort.r8ncUG/source/crates/lenso-openapi-plugin)` was not used in the crate graph
warning: patch `lenso-plugin-authoring v0.2.0 (/private/var/folders/hp/q9psfx3j2l58mrp6g7d8x8000000gn/T/lenso-release-cohort.r8ncUG/source/crates/lenso-plugin-authoring)` was not used in the crate graph
warning: patch `lenso-plugin-bundle v0.6.1 (/private/var/folders/hp/q9psfx3j2l58mrp6g7d8x8000000gn/T/lenso-release-cohort.r8ncUG/source/crates/lenso-plugin-bundle)` was not used in the crate graph
warning: patch `lenso-plugin-catalog v0.1.2 (/private/var/folders/hp/q9psfx3j2l58mrp6g7d8x8000000gn/T/lenso-release-cohort.r8ncUG/source/crates/lenso-plugin-catalog)` was not used in the crate graph
warning: patch `lenso-plugin-control-plane v0.4.26 (/private/var/folders/hp/q9psfx3j2l58mrp6g7d8x8000000gn/T/lenso-release-cohort.r8ncUG/source/crates/lenso-plugin-control-plane)` was not used in the crate graph
warning: patch `lenso-plugin-sdk v0.4.6 (/private/var/folders/hp/q9psfx3j2l58mrp6g7d8x8000000gn/T/lenso-release-cohort.r8ncUG/source/crates/lenso-plugin-sdk)` was not used in the crate graph
warning: patch `lenso-plugin-sdk-macros v0.1.0 (/private/var/folders/hp/q9psfx3j2l58mrp6g7d8x8000000gn/T/lenso-release-cohort.r8ncUG/source/crates/lenso-plugin-sdk-macros)` was not used in the crate graph
warning: patch `lenso-process-adapter v0.3.15 (/private/var/folders/hp/q9psfx3j2l58mrp6g7d8x8000000gn/T/lenso-release-cohort.r8ncUG/source/crates/lenso-process-adapter)` was not used in the crate graph
warning: patch `lenso-process-protocol v0.2.3 (/private/var/folders/hp/q9psfx3j2l58mrp6g7d8x8000000gn/T/lenso-release-cohort.r8ncUG/source/crates/lenso-process-protocol)` was not used in the crate graph
warning: patch `lenso-process-sdk v0.2.0 (/private/var/folders/hp/q9psfx3j2l58mrp6g7d8x8000000gn/T/lenso-release-cohort.r8ncUG/source/crates/lenso-process-sdk)` was not used in the crate graph
warning: patch `lenso-quickjs-adapter v0.2.11 (/private/var/folders/hp/q9psfx3j2l58mrp6g7d8x8000000gn/T/lenso-release-cohort.r8ncUG/source/crates/lenso-quickjs-adapter)` was not used in the crate graph
warning: patch `lenso-remote-adapter v0.1.10 (/private/var/folders/hp/q9psfx3j2l58mrp6g7d8x8000000gn/T/lenso-release-cohort.r8ncUG/source/crates/lenso-remote-adapter)` was not used in the crate graph
warning: patch `lenso-runner v0.2.20 (/private/var/folders/hp/q9psfx3j2l58mrp6g7d8x8000000gn/T/lenso-release-cohort.r8ncUG/source/crates/lenso-runner)` was not used in the crate graph
warning: patch `lenso-runtime-codec v0.4.4 (/private/var/folders/hp/q9psfx3j2l58mrp6g7d8x8000000gn/T/lenso-release-cohort.r8ncUG/source/crates/lenso-runtime-codec)` was not used in the crate graph
warning: patch `lenso-runtime-conformance v0.3.10 (/private/var/folders/hp/q9psfx3j2l58mrp6g7d8x8000000gn/T/lenso-release-cohort.r8ncUG/source/crates/lenso-runtime-conformance)` was not used in the crate graph
warning: patch `lenso-test v0.1.3 (/private/var/folders/hp/q9psfx3j2l58mrp6g7d8x8000000gn/T/lenso-release-cohort.r8ncUG/source/crates/lenso-test)` was not used in the crate graph
warning: patch `lenso-wasm-component-adapter v0.2.18 (/private/var/folders/hp/q9psfx3j2l58mrp6g7d8x8000000gn/T/lenso-release-cohort.r8ncUG/source/crates/lenso-wasm-component-adapter)` was not used in the crate graph
warning: patch `lenso-web-host v0.2.5 (/private/var/folders/hp/q9psfx3j2l58mrp6g7d8x8000000gn/T/lenso-release-cohort.r8ncUG/source/crates/lenso-web-host)` was not used in the crate graph
warning: patch `lenso-web-ingress-plugin v0.4.10 (/private/var/folders/hp/q9psfx3j2l58mrp6g7d8x8000000gn/T/lenso-release-cohort.r8ncUG/source/crates/lenso-web-ingress-plugin)` was not used in the crate graph
warning: patch `lenso-workers-driver v0.1.2 (/private/var/folders/hp/q9psfx3j2l58mrp6g7d8x8000000gn/T/lenso-release-cohort.r8ncUG/source/crates/lenso-workers-driver)` was not used in the crate graph
help: Check that the patched package version and available features are compatible
      with the dependency requirements. If the patch has a different version from
      what is locked in the Cargo.lock file, run `cargo update` to use the new
      version. This may also occur with an optional dependency that is not enabled.
    Packaged 6 files, 125.9KiB (23.7KiB compressed)
   Packaging lenso-runtime-codec v0.4.4 (/private/var/folders/hp/q9psfx3j2l58mrp6g7d8x8000000gn/T/lenso-release-cohort.r8ncUG/source/crates/lenso-runtime-codec)
warning: patch `lenso v0.5.28 (/private/var/folders/hp/q9psfx3j2l58mrp6g7d8x8000000gn/T/lenso-release-cohort.r8ncUG/source/crates/lenso)` was not used in the crate graph
warning: patch `lenso-agent-tool-cli-plugin v0.1.1 (/private/var/folders/hp/q9psfx3j2l58mrp6g7d8x8000000gn/T/lenso-release-cohort.r8ncUG/source/crates/lenso-agent-tool-cli-plugin)` was not used in the crate graph
warning: patch `lenso-browser-driver v0.1.10 (/private/var/folders/hp/q9psfx3j2l58mrp6g7d8x8000000gn/T/lenso-release-cohort.r8ncUG/source/crates/lenso-browser-driver)` was not used in the crate graph
warning: patch `lenso-bun-adapter v0.1.17 (/private/var/folders/hp/q9psfx3j2l58mrp6g7d8x8000000gn/T/lenso-release-cohort.r8ncUG/source/crates/lenso-bun-adapter)` was not used in the crate graph
warning: patch `lenso-capability-configuration-source v0.1.1 (/private/var/folders/hp/q9psfx3j2l58mrp6g7d8x8000000gn/T/lenso-release-cohort.r8ncUG/source/crates/lenso-capability-configuration-source)` was not used in the crate graph
warning: patch `lenso-capability-http-client v0.3.3 (/private/var/folders/hp/q9psfx3j2l58mrp6g7d8x8000000gn/T/lenso-release-cohort.r8ncUG/source/crates/lenso-capability-http-client)` was not used in the crate graph
warning: patch `lenso-capability-http-endpoint v0.3.6 (/private/var/folders/hp/q9psfx3j2l58mrp6g7d8x8000000gn/T/lenso-release-cohort.r8ncUG/source/crates/lenso-capability-http-endpoint)` was not used in the crate graph
warning: patch `lenso-capability-http-endpoint-macros v0.1.5 (/private/var/folders/hp/q9psfx3j2l58mrp6g7d8x8000000gn/T/lenso-release-cohort.r8ncUG/source/crates/lenso-capability-http-endpoint-macros)` was not used in the crate graph
warning: patch `lenso-capability-http-stream-endpoint v0.1.3 (/private/var/folders/hp/q9psfx3j2l58mrp6g7d8x8000000gn/T/lenso-release-cohort.r8ncUG/source/crates/lenso-capability-http-stream-endpoint)` was not used in the crate graph
warning: patch `lenso-capability-websocket-endpoint v0.1.3 (/private/var/folders/hp/q9psfx3j2l58mrp6g7d8x8000000gn/T/lenso-release-cohort.r8ncUG/source/crates/lenso-capability-websocket-endpoint)` was not used in the crate graph
warning: patch `lenso-cli v0.6.5 (/private/var/folders/hp/q9psfx3j2l58mrp6g7d8x8000000gn/T/lenso-release-cohort.r8ncUG/source/crates/lenso-cli)` was not used in the crate graph
warning: patch `lenso-contract-authoring v0.1.2 (/private/var/folders/hp/q9psfx3j2l58mrp6g7d8x8000000gn/T/lenso-release-cohort.r8ncUG/source/crates/lenso-contract-authoring)` was not used in the crate graph
warning: patch `lenso-contract-authoring-macros v0.1.1 (/private/var/folders/hp/q9psfx3j2l58mrp6g7d8x8000000gn/T/lenso-release-cohort.r8ncUG/source/crates/lenso-contract-authoring-macros)` was not used in the crate graph
warning: patch `lenso-contract-codegen v0.10.1 (/private/var/folders/hp/q9psfx3j2l58mrp6g7d8x8000000gn/T/lenso-release-cohort.r8ncUG/source/crates/lenso-contract-codegen)` was not used in the crate graph
warning: patch `lenso-contract-runtime v0.2.0 (/private/var/folders/hp/q9psfx3j2l58mrp6g7d8x8000000gn/T/lenso-release-cohort.r8ncUG/source/crates/lenso-contract-runtime)` was not used in the crate graph
warning: patch `lenso-dylib-adapter v0.2.11 (/private/var/folders/hp/q9psfx3j2l58mrp6g7d8x8000000gn/T/lenso-release-cohort.r8ncUG/source/crates/lenso-dylib-adapter)` was not used in the crate graph
warning: patch `lenso-engine v0.2.0 (/private/var/folders/hp/q9psfx3j2l58mrp6g7d8x8000000gn/T/lenso-release-cohort.r8ncUG/source/crates/lenso-engine)` was not used in the crate graph
warning: patch `lenso-engine-app v0.3.2 (/private/var/folders/hp/q9psfx3j2l58mrp6g7d8x8000000gn/T/lenso-release-cohort.r8ncUG/source/crates/lenso-engine-app)` was not used in the crate graph
warning: patch `lenso-engine-authoring v0.2.4 (/private/var/folders/hp/q9psfx3j2l58mrp6g7d8x8000000gn/T/lenso-release-cohort.r8ncUG/source/crates/lenso-engine-authoring)` was not used in the crate graph
warning: patch `lenso-engine-markdown v0.2.0 (/private/var/folders/hp/q9psfx3j2l58mrp6g7d8x8000000gn/T/lenso-release-cohort.r8ncUG/source/crates/lenso-engine-markdown)` was not used in the crate graph
warning: patch `lenso-engine-runtime v0.2.1 (/private/var/folders/hp/q9psfx3j2l58mrp6g7d8x8000000gn/T/lenso-release-cohort.r8ncUG/source/crates/lenso-engine-runtime)` was not used in the crate graph
warning: patch `lenso-guest-sdk v0.5.1 (/private/var/folders/hp/q9psfx3j2l58mrp6g7d8x8000000gn/T/lenso-release-cohort.r8ncUG/source/crates/lenso-guest-sdk)` was not used in the crate graph
warning: patch `lenso-host-distribution v0.1.24 (/private/var/folders/hp/q9psfx3j2l58mrp6g7d8x8000000gn/T/lenso-release-cohort.r8ncUG/source/crates/lenso-host-distribution)` was not used in the crate graph
warning: patch `lenso-host-runtime v0.1.10 (/private/var/folders/hp/q9psfx3j2l58mrp6g7d8x8000000gn/T/lenso-release-cohort.r8ncUG/source/crates/lenso-host-runtime)` was not used in the crate graph
warning: patch `lenso-http-auth v0.2.5 (/private/var/folders/hp/q9psfx3j2l58mrp6g7d8x8000000gn/T/lenso-release-cohort.r8ncUG/source/crates/lenso-http-auth)` was not used in the crate graph
warning: patch `lenso-http-egress-plugin v0.3.6 (/private/var/folders/hp/q9psfx3j2l58mrp6g7d8x8000000gn/T/lenso-release-cohort.r8ncUG/source/crates/lenso-http-egress-plugin)` was not used in the crate graph
warning: patch `lenso-native-adapter v0.3.19 (/private/var/folders/hp/q9psfx3j2l58mrp6g7d8x8000000gn/T/lenso-release-cohort.r8ncUG/source/crates/lenso-native-adapter)` was not used in the crate graph
warning: patch `lenso-native-adapter-macros v0.2.8 (/private/var/folders/hp/q9psfx3j2l58mrp6g7d8x8000000gn/T/lenso-release-cohort.r8ncUG/source/crates/lenso-native-adapter-macros)` was not used in the crate graph
warning: patch `lenso-openapi-plugin v0.2.6 (/private/var/folders/hp/q9psfx3j2l58mrp6g7d8x8000000gn/T/lenso-release-cohort.r8ncUG/source/crates/lenso-openapi-plugin)` was not used in the crate graph
warning: patch `lenso-plugin-authoring v0.2.0 (/private/var/folders/hp/q9psfx3j2l58mrp6g7d8x8000000gn/T/lenso-release-cohort.r8ncUG/source/crates/lenso-plugin-authoring)` was not used in the crate graph
warning: patch `lenso-plugin-bundle v0.6.1 (/private/var/folders/hp/q9psfx3j2l58mrp6g7d8x8000000gn/T/lenso-release-cohort.r8ncUG/source/crates/lenso-plugin-bundle)` was not used in the crate graph
warning: patch `lenso-plugin-catalog v0.1.2 (/private/var/folders/hp/q9psfx3j2l58mrp6g7d8x8000000gn/T/lenso-release-cohort.r8ncUG/source/crates/lenso-plugin-catalog)` was not used in the crate graph
warning: patch `lenso-plugin-control-plane v0.4.26 (/private/var/folders/hp/q9psfx3j2l58mrp6g7d8x8000000gn/T/lenso-release-cohort.r8ncUG/source/crates/lenso-plugin-control-plane)` was not used in the crate graph
warning: patch `lenso-plugin-sdk v0.4.6 (/private/var/folders/hp/q9psfx3j2l58mrp6g7d8x8000000gn/T/lenso-release-cohort.r8ncUG/source/crates/lenso-plugin-sdk)` was not used in the crate graph
warning: patch `lenso-plugin-sdk-macros v0.1.0 (/private/var/folders/hp/q9psfx3j2l58mrp6g7d8x8000000gn/T/lenso-release-cohort.r8ncUG/source/crates/lenso-plugin-sdk-macros)` was not used in the crate graph
warning: patch `lenso-process-adapter v0.3.15 (/private/var/folders/hp/q9psfx3j2l58mrp6g7d8x8000000gn/T/lenso-release-cohort.r8ncUG/source/crates/lenso-process-adapter)` was not used in the crate graph
warning: patch `lenso-process-protocol v0.2.3 (/private/var/folders/hp/q9psfx3j2l58mrp6g7d8x8000000gn/T/lenso-release-cohort.r8ncUG/source/crates/lenso-process-protocol)` was not used in the crate graph
warning: patch `lenso-process-sdk v0.2.0 (/private/var/folders/hp/q9psfx3j2l58mrp6g7d8x8000000gn/T/lenso-release-cohort.r8ncUG/source/crates/lenso-process-sdk)` was not used in the crate graph
warning: patch `lenso-quickjs-adapter v0.2.11 (/private/var/folders/hp/q9psfx3j2l58mrp6g7d8x8000000gn/T/lenso-release-cohort.r8ncUG/source/crates/lenso-quickjs-adapter)` was not used in the crate graph
warning: patch `lenso-remote-adapter v0.1.10 (/private/var/folders/hp/q9psfx3j2l58mrp6g7d8x8000000gn/T/lenso-release-cohort.r8ncUG/source/crates/lenso-remote-adapter)` was not used in the crate graph
warning: patch `lenso-runner v0.2.20 (/private/var/folders/hp/q9psfx3j2l58mrp6g7d8x8000000gn/T/lenso-release-cohort.r8ncUG/source/crates/lenso-runner)` was not used in the crate graph
warning: patch `lenso-runtime-conformance v0.3.10 (/private/var/folders/hp/q9psfx3j2l58mrp6g7d8x8000000gn/T/lenso-release-cohort.r8ncUG/source/crates/lenso-runtime-conformance)` was not used in the crate graph
warning: patch `lenso-test v0.1.3 (/private/var/folders/hp/q9psfx3j2l58mrp6g7d8x8000000gn/T/lenso-release-cohort.r8ncUG/source/crates/lenso-test)` was not used in the crate graph
warning: patch `lenso-wasm-component-adapter v0.2.18 (/private/var/folders/hp/q9psfx3j2l58mrp6g7d8x8000000gn/T/lenso-release-cohort.r8ncUG/source/crates/lenso-wasm-component-adapter)` was not used in the crate graph
warning: patch `lenso-web-host v0.2.5 (/private/var/folders/hp/q9psfx3j2l58mrp6g7d8x8000000gn/T/lenso-release-cohort.r8ncUG/source/crates/lenso-web-host)` was not used in the crate graph
warning: patch `lenso-web-ingress-plugin v0.4.10 (/private/var/folders/hp/q9psfx3j2l58mrp6g7d8x8000000gn/T/lenso-release-cohort.r8ncUG/source/crates/lenso-web-ingress-plugin)` was not used in the crate graph
warning: patch `lenso-workers-driver v0.1.2 (/private/var/folders/hp/q9psfx3j2l58mrp6g7d8x8000000gn/T/lenso-release-cohort.r8ncUG/source/crates/lenso-workers-driver)` was not used in the crate graph
help: Check that the patched package version and available features are compatible
      with the dependency requirements. If the patch has a different version from
      what is locked in the Cargo.lock file, run `cargo update` to use the new
      version. This may also occur with an optional dependency that is not enabled.
    Packaged 4 files, 92.6KiB (19.1KiB compressed)
   Packaging lenso-wasm-component-adapter v0.2.18 (/private/var/folders/hp/q9psfx3j2l58mrp6g7d8x8000000gn/T/lenso-release-cohort.r8ncUG/source/crates/lenso-wasm-component-adapter)
warning: patch `lenso v0.5.28 (/private/var/folders/hp/q9psfx3j2l58mrp6g7d8x8000000gn/T/lenso-release-cohort.r8ncUG/source/crates/lenso)` was not used in the crate graph
warning: patch `lenso-agent-tool-cli-plugin v0.1.1 (/private/var/folders/hp/q9psfx3j2l58mrp6g7d8x8000000gn/T/lenso-release-cohort.r8ncUG/source/crates/lenso-agent-tool-cli-plugin)` was not used in the crate graph
warning: patch `lenso-browser-driver v0.1.10 (/private/var/folders/hp/q9psfx3j2l58mrp6g7d8x8000000gn/T/lenso-release-cohort.r8ncUG/source/crates/lenso-browser-driver)` was not used in the crate graph
warning: patch `lenso-bun-adapter v0.1.17 (/private/var/folders/hp/q9psfx3j2l58mrp6g7d8x8000000gn/T/lenso-release-cohort.r8ncUG/source/crates/lenso-bun-adapter)` was not used in the crate graph
warning: patch `lenso-capability-configuration-source v0.1.1 (/private/var/folders/hp/q9psfx3j2l58mrp6g7d8x8000000gn/T/lenso-release-cohort.r8ncUG/source/crates/lenso-capability-configuration-source)` was not used in the crate graph
warning: patch `lenso-capability-http-client v0.3.3 (/private/var/folders/hp/q9psfx3j2l58mrp6g7d8x8000000gn/T/lenso-release-cohort.r8ncUG/source/crates/lenso-capability-http-client)` was not used in the crate graph
warning: patch `lenso-capability-http-endpoint v0.3.6 (/private/var/folders/hp/q9psfx3j2l58mrp6g7d8x8000000gn/T/lenso-release-cohort.r8ncUG/source/crates/lenso-capability-http-endpoint)` was not used in the crate graph
warning: patch `lenso-capability-http-endpoint-macros v0.1.5 (/private/var/folders/hp/q9psfx3j2l58mrp6g7d8x8000000gn/T/lenso-release-cohort.r8ncUG/source/crates/lenso-capability-http-endpoint-macros)` was not used in the crate graph
warning: patch `lenso-capability-http-stream-endpoint v0.1.3 (/private/var/folders/hp/q9psfx3j2l58mrp6g7d8x8000000gn/T/lenso-release-cohort.r8ncUG/source/crates/lenso-capability-http-stream-endpoint)` was not used in the crate graph
warning: patch `lenso-capability-websocket-endpoint v0.1.3 (/private/var/folders/hp/q9psfx3j2l58mrp6g7d8x8000000gn/T/lenso-release-cohort.r8ncUG/source/crates/lenso-capability-websocket-endpoint)` was not used in the crate graph
warning: patch `lenso-cli v0.6.5 (/private/var/folders/hp/q9psfx3j2l58mrp6g7d8x8000000gn/T/lenso-release-cohort.r8ncUG/source/crates/lenso-cli)` was not used in the crate graph
warning: patch `lenso-contract-authoring v0.1.2 (/private/var/folders/hp/q9psfx3j2l58mrp6g7d8x8000000gn/T/lenso-release-cohort.r8ncUG/source/crates/lenso-contract-authoring)` was not used in the crate graph
warning: patch `lenso-contract-authoring-macros v0.1.1 (/private/var/folders/hp/q9psfx3j2l58mrp6g7d8x8000000gn/T/lenso-release-cohort.r8ncUG/source/crates/lenso-contract-authoring-macros)` was not used in the crate graph
warning: patch `lenso-contract-codegen v0.10.1 (/private/var/folders/hp/q9psfx3j2l58mrp6g7d8x8000000gn/T/lenso-release-cohort.r8ncUG/source/crates/lenso-contract-codegen)` was not used in the crate graph
warning: patch `lenso-contract-runtime v0.2.0 (/private/var/folders/hp/q9psfx3j2l58mrp6g7d8x8000000gn/T/lenso-release-cohort.r8ncUG/source/crates/lenso-contract-runtime)` was not used in the crate graph
warning: patch `lenso-dylib-adapter v0.2.11 (/private/var/folders/hp/q9psfx3j2l58mrp6g7d8x8000000gn/T/lenso-release-cohort.r8ncUG/source/crates/lenso-dylib-adapter)` was not used in the crate graph
warning: patch `lenso-engine v0.2.0 (/private/var/folders/hp/q9psfx3j2l58mrp6g7d8x8000000gn/T/lenso-release-cohort.r8ncUG/source/crates/lenso-engine)` was not used in the crate graph
warning: patch `lenso-engine-app v0.3.2 (/private/var/folders/hp/q9psfx3j2l58mrp6g7d8x8000000gn/T/lenso-release-cohort.r8ncUG/source/crates/lenso-engine-app)` was not used in the crate graph
warning: patch `lenso-engine-authoring v0.2.4 (/private/var/folders/hp/q9psfx3j2l58mrp6g7d8x8000000gn/T/lenso-release-cohort.r8ncUG/source/crates/lenso-engine-authoring)` was not used in the crate graph
warning: patch `lenso-engine-markdown v0.2.0 (/private/var/folders/hp/q9psfx3j2l58mrp6g7d8x8000000gn/T/lenso-release-cohort.r8ncUG/source/crates/lenso-engine-markdown)` was not used in the crate graph
warning: patch `lenso-engine-runtime v0.2.1 (/private/var/folders/hp/q9psfx3j2l58mrp6g7d8x8000000gn/T/lenso-release-cohort.r8ncUG/source/crates/lenso-engine-runtime)` was not used in the crate graph
warning: patch `lenso-guest-sdk v0.5.1 (/private/var/folders/hp/q9psfx3j2l58mrp6g7d8x8000000gn/T/lenso-release-cohort.r8ncUG/source/crates/lenso-guest-sdk)` was not used in the crate graph
warning: patch `lenso-host-distribution v0.1.24 (/private/var/folders/hp/q9psfx3j2l58mrp6g7d8x8000000gn/T/lenso-release-cohort.r8ncUG/source/crates/lenso-host-distribution)` was not used in the crate graph
warning: patch `lenso-host-runtime v0.1.10 (/private/var/folders/hp/q9psfx3j2l58mrp6g7d8x8000000gn/T/lenso-release-cohort.r8ncUG/source/crates/lenso-host-runtime)` was not used in the crate graph
warning: patch `lenso-http-auth v0.2.5 (/private/var/folders/hp/q9psfx3j2l58mrp6g7d8x8000000gn/T/lenso-release-cohort.r8ncUG/source/crates/lenso-http-auth)` was not used in the crate graph
warning: patch `lenso-http-egress-plugin v0.3.6 (/private/var/folders/hp/q9psfx3j2l58mrp6g7d8x8000000gn/T/lenso-release-cohort.r8ncUG/source/crates/lenso-http-egress-plugin)` was not used in the crate graph
warning: patch `lenso-native-adapter v0.3.19 (/private/var/folders/hp/q9psfx3j2l58mrp6g7d8x8000000gn/T/lenso-release-cohort.r8ncUG/source/crates/lenso-native-adapter)` was not used in the crate graph
warning: patch `lenso-native-adapter-macros v0.2.8 (/private/var/folders/hp/q9psfx3j2l58mrp6g7d8x8000000gn/T/lenso-release-cohort.r8ncUG/source/crates/lenso-native-adapter-macros)` was not used in the crate graph
warning: patch `lenso-openapi-plugin v0.2.6 (/private/var/folders/hp/q9psfx3j2l58mrp6g7d8x8000000gn/T/lenso-release-cohort.r8ncUG/source/crates/lenso-openapi-plugin)` was not used in the crate graph
warning: patch `lenso-plugin-authoring v0.2.0 (/private/var/folders/hp/q9psfx3j2l58mrp6g7d8x8000000gn/T/lenso-release-cohort.r8ncUG/source/crates/lenso-plugin-authoring)` was not used in the crate graph
warning: patch `lenso-plugin-catalog v0.1.2 (/private/var/folders/hp/q9psfx3j2l58mrp6g7d8x8000000gn/T/lenso-release-cohort.r8ncUG/source/crates/lenso-plugin-catalog)` was not used in the crate graph
warning: patch `lenso-plugin-control-plane v0.4.26 (/private/var/folders/hp/q9psfx3j2l58mrp6g7d8x8000000gn/T/lenso-release-cohort.r8ncUG/source/crates/lenso-plugin-control-plane)` was not used in the crate graph
warning: patch `lenso-plugin-sdk v0.4.6 (/private/var/folders/hp/q9psfx3j2l58mrp6g7d8x8000000gn/T/lenso-release-cohort.r8ncUG/source/crates/lenso-plugin-sdk)` was not used in the crate graph
warning: patch `lenso-plugin-sdk-macros v0.1.0 (/private/var/folders/hp/q9psfx3j2l58mrp6g7d8x8000000gn/T/lenso-release-cohort.r8ncUG/source/crates/lenso-plugin-sdk-macros)` was not used in the crate graph
warning: patch `lenso-process-adapter v0.3.15 (/private/var/folders/hp/q9psfx3j2l58mrp6g7d8x8000000gn/T/lenso-release-cohort.r8ncUG/source/crates/lenso-process-adapter)` was not used in the crate graph
warning: patch `lenso-process-sdk v0.2.0 (/private/var/folders/hp/q9psfx3j2l58mrp6g7d8x8000000gn/T/lenso-release-cohort.r8ncUG/source/crates/lenso-process-sdk)` was not used in the crate graph
warning: patch `lenso-quickjs-adapter v0.2.11 (/private/var/folders/hp/q9psfx3j2l58mrp6g7d8x8000000gn/T/lenso-release-cohort.r8ncUG/source/crates/lenso-quickjs-adapter)` was not used in the crate graph
warning: patch `lenso-remote-adapter v0.1.10 (/private/var/folders/hp/q9psfx3j2l58mrp6g7d8x8000000gn/T/lenso-release-cohort.r8ncUG/source/crates/lenso-remote-adapter)` was not used in the crate graph
warning: patch `lenso-runner v0.2.20 (/private/var/folders/hp/q9psfx3j2l58mrp6g7d8x8000000gn/T/lenso-release-cohort.r8ncUG/source/crates/lenso-runner)` was not used in the crate graph
warning: patch `lenso-test v0.1.3 (/private/var/folders/hp/q9psfx3j2l58mrp6g7d8x8000000gn/T/lenso-release-cohort.r8ncUG/source/crates/lenso-test)` was not used in the crate graph
warning: patch `lenso-web-host v0.2.5 (/private/var/folders/hp/q9psfx3j2l58mrp6g7d8x8000000gn/T/lenso-release-cohort.r8ncUG/source/crates/lenso-web-host)` was not used in the crate graph
warning: patch `lenso-web-ingress-plugin v0.4.10 (/private/var/folders/hp/q9psfx3j2l58mrp6g7d8x8000000gn/T/lenso-release-cohort.r8ncUG/source/crates/lenso-web-ingress-plugin)` was not used in the crate graph
warning: patch `lenso-workers-driver v0.1.2 (/private/var/folders/hp/q9psfx3j2l58mrp6g7d8x8000000gn/T/lenso-release-cohort.r8ncUG/source/crates/lenso-workers-driver)` was not used in the crate graph
help: Check that the patched package version and available features are compatible
      with the dependency requirements. If the patch has a different version from
      what is locked in the Cargo.lock file, run `cargo update` to use the new
      version. This may also occur with an optional dependency that is not enabled.
    Packaged 6 files, 153.4KiB (30.4KiB compressed)
   Packaging lenso-workers-driver v0.1.2 (/private/var/folders/hp/q9psfx3j2l58mrp6g7d8x8000000gn/T/lenso-release-cohort.r8ncUG/source/crates/lenso-workers-driver)
warning: patch `lenso v0.5.28 (/private/var/folders/hp/q9psfx3j2l58mrp6g7d8x8000000gn/T/lenso-release-cohort.r8ncUG/source/crates/lenso)` was not used in the crate graph
warning: patch `lenso-agent-tool-cli-plugin v0.1.1 (/private/var/folders/hp/q9psfx3j2l58mrp6g7d8x8000000gn/T/lenso-release-cohort.r8ncUG/source/crates/lenso-agent-tool-cli-plugin)` was not used in the crate graph
warning: patch `lenso-browser-driver v0.1.10 (/private/var/folders/hp/q9psfx3j2l58mrp6g7d8x8000000gn/T/lenso-release-cohort.r8ncUG/source/crates/lenso-browser-driver)` was not used in the crate graph
warning: patch `lenso-bun-adapter v0.1.17 (/private/var/folders/hp/q9psfx3j2l58mrp6g7d8x8000000gn/T/lenso-release-cohort.r8ncUG/source/crates/lenso-bun-adapter)` was not used in the crate graph
warning: patch `lenso-capability-configuration-source v0.1.1 (/private/var/folders/hp/q9psfx3j2l58mrp6g7d8x8000000gn/T/lenso-release-cohort.r8ncUG/source/crates/lenso-capability-configuration-source)` was not used in the crate graph
warning: patch `lenso-capability-http-client v0.3.3 (/private/var/folders/hp/q9psfx3j2l58mrp6g7d8x8000000gn/T/lenso-release-cohort.r8ncUG/source/crates/lenso-capability-http-client)` was not used in the crate graph
warning: patch `lenso-capability-http-endpoint v0.3.6 (/private/var/folders/hp/q9psfx3j2l58mrp6g7d8x8000000gn/T/lenso-release-cohort.r8ncUG/source/crates/lenso-capability-http-endpoint)` was not used in the crate graph
warning: patch `lenso-capability-http-endpoint-macros v0.1.5 (/private/var/folders/hp/q9psfx3j2l58mrp6g7d8x8000000gn/T/lenso-release-cohort.r8ncUG/source/crates/lenso-capability-http-endpoint-macros)` was not used in the crate graph
warning: patch `lenso-capability-http-stream-endpoint v0.1.3 (/private/var/folders/hp/q9psfx3j2l58mrp6g7d8x8000000gn/T/lenso-release-cohort.r8ncUG/source/crates/lenso-capability-http-stream-endpoint)` was not used in the crate graph
warning: patch `lenso-capability-websocket-endpoint v0.1.3 (/private/var/folders/hp/q9psfx3j2l58mrp6g7d8x8000000gn/T/lenso-release-cohort.r8ncUG/source/crates/lenso-capability-websocket-endpoint)` was not used in the crate graph
warning: patch `lenso-cli v0.6.5 (/private/var/folders/hp/q9psfx3j2l58mrp6g7d8x8000000gn/T/lenso-release-cohort.r8ncUG/source/crates/lenso-cli)` was not used in the crate graph
warning: patch `lenso-contract-authoring v0.1.2 (/private/var/folders/hp/q9psfx3j2l58mrp6g7d8x8000000gn/T/lenso-release-cohort.r8ncUG/source/crates/lenso-contract-authoring)` was not used in the crate graph
warning: patch `lenso-contract-authoring-macros v0.1.1 (/private/var/folders/hp/q9psfx3j2l58mrp6g7d8x8000000gn/T/lenso-release-cohort.r8ncUG/source/crates/lenso-contract-authoring-macros)` was not used in the crate graph
warning: patch `lenso-contract-codegen v0.10.1 (/private/var/folders/hp/q9psfx3j2l58mrp6g7d8x8000000gn/T/lenso-release-cohort.r8ncUG/source/crates/lenso-contract-codegen)` was not used in the crate graph
warning: patch `lenso-contract-runtime v0.2.0 (/private/var/folders/hp/q9psfx3j2l58mrp6g7d8x8000000gn/T/lenso-release-cohort.r8ncUG/source/crates/lenso-contract-runtime)` was not used in the crate graph
warning: patch `lenso-dylib-adapter v0.2.11 (/private/var/folders/hp/q9psfx3j2l58mrp6g7d8x8000000gn/T/lenso-release-cohort.r8ncUG/source/crates/lenso-dylib-adapter)` was not used in the crate graph
warning: patch `lenso-engine v0.2.0 (/private/var/folders/hp/q9psfx3j2l58mrp6g7d8x8000000gn/T/lenso-release-cohort.r8ncUG/source/crates/lenso-engine)` was not used in the crate graph
warning: patch `lenso-engine-app v0.3.2 (/private/var/folders/hp/q9psfx3j2l58mrp6g7d8x8000000gn/T/lenso-release-cohort.r8ncUG/source/crates/lenso-engine-app)` was not used in the crate graph
warning: patch `lenso-engine-authoring v0.2.4 (/private/var/folders/hp/q9psfx3j2l58mrp6g7d8x8000000gn/T/lenso-release-cohort.r8ncUG/source/crates/lenso-engine-authoring)` was not used in the crate graph
warning: patch `lenso-engine-markdown v0.2.0 (/private/var/folders/hp/q9psfx3j2l58mrp6g7d8x8000000gn/T/lenso-release-cohort.r8ncUG/source/crates/lenso-engine-markdown)` was not used in the crate graph
warning: patch `lenso-engine-runtime v0.2.1 (/private/var/folders/hp/q9psfx3j2l58mrp6g7d8x8000000gn/T/lenso-release-cohort.r8ncUG/source/crates/lenso-engine-runtime)` was not used in the crate graph
warning: patch `lenso-guest-sdk v0.5.1 (/private/var/folders/hp/q9psfx3j2l58mrp6g7d8x8000000gn/T/lenso-release-cohort.r8ncUG/source/crates/lenso-guest-sdk)` was not used in the crate graph
warning: patch `lenso-host-distribution v0.1.24 (/private/var/folders/hp/q9psfx3j2l58mrp6g7d8x8000000gn/T/lenso-release-cohort.r8ncUG/source/crates/lenso-host-distribution)` was not used in the crate graph
warning: patch `lenso-host-runtime v0.1.10 (/private/var/folders/hp/q9psfx3j2l58mrp6g7d8x8000000gn/T/lenso-release-cohort.r8ncUG/source/crates/lenso-host-runtime)` was not used in the crate graph
warning: patch `lenso-http-auth v0.2.5 (/private/var/folders/hp/q9psfx3j2l58mrp6g7d8x8000000gn/T/lenso-release-cohort.r8ncUG/source/crates/lenso-http-auth)` was not used in the crate graph
warning: patch `lenso-http-egress-plugin v0.3.6 (/private/var/folders/hp/q9psfx3j2l58mrp6g7d8x8000000gn/T/lenso-release-cohort.r8ncUG/source/crates/lenso-http-egress-plugin)` was not used in the crate graph
warning: patch `lenso-native-adapter v0.3.19 (/private/var/folders/hp/q9psfx3j2l58mrp6g7d8x8000000gn/T/lenso-release-cohort.r8ncUG/source/crates/lenso-native-adapter)` was not used in the crate graph
warning: patch `lenso-native-adapter-macros v0.2.8 (/private/var/folders/hp/q9psfx3j2l58mrp6g7d8x8000000gn/T/lenso-release-cohort.r8ncUG/source/crates/lenso-native-adapter-macros)` was not used in the crate graph
warning: patch `lenso-openapi-plugin v0.2.6 (/private/var/folders/hp/q9psfx3j2l58mrp6g7d8x8000000gn/T/lenso-release-cohort.r8ncUG/source/crates/lenso-openapi-plugin)` was not used in the crate graph
warning: patch `lenso-plugin-authoring v0.2.0 (/private/var/folders/hp/q9psfx3j2l58mrp6g7d8x8000000gn/T/lenso-release-cohort.r8ncUG/source/crates/lenso-plugin-authoring)` was not used in the crate graph
warning: patch `lenso-plugin-bundle v0.6.1 (/private/var/folders/hp/q9psfx3j2l58mrp6g7d8x8000000gn/T/lenso-release-cohort.r8ncUG/source/crates/lenso-plugin-bundle)` was not used in the crate graph
warning: patch `lenso-plugin-catalog v0.1.2 (/private/var/folders/hp/q9psfx3j2l58mrp6g7d8x8000000gn/T/lenso-release-cohort.r8ncUG/source/crates/lenso-plugin-catalog)` was not used in the crate graph
warning: patch `lenso-plugin-control-plane v0.4.26 (/private/var/folders/hp/q9psfx3j2l58mrp6g7d8x8000000gn/T/lenso-release-cohort.r8ncUG/source/crates/lenso-plugin-control-plane)` was not used in the crate graph
warning: patch `lenso-plugin-sdk v0.4.6 (/private/var/folders/hp/q9psfx3j2l58mrp6g7d8x8000000gn/T/lenso-release-cohort.r8ncUG/source/crates/lenso-plugin-sdk)` was not used in the crate graph
warning: patch `lenso-plugin-sdk-macros v0.1.0 (/private/var/folders/hp/q9psfx3j2l58mrp6g7d8x8000000gn/T/lenso-release-cohort.r8ncUG/source/crates/lenso-plugin-sdk-macros)` was not used in the crate graph
warning: patch `lenso-process-adapter v0.3.15 (/private/var/folders/hp/q9psfx3j2l58mrp6g7d8x8000000gn/T/lenso-release-cohort.r8ncUG/source/crates/lenso-process-adapter)` was not used in the crate graph
warning: patch `lenso-process-protocol v0.2.3 (/private/var/folders/hp/q9psfx3j2l58mrp6g7d8x8000000gn/T/lenso-release-cohort.r8ncUG/source/crates/lenso-process-protocol)` was not used in the crate graph
warning: patch `lenso-process-sdk v0.2.0 (/private/var/folders/hp/q9psfx3j2l58mrp6g7d8x8000000gn/T/lenso-release-cohort.r8ncUG/source/crates/lenso-process-sdk)` was not used in the crate graph
warning: patch `lenso-quickjs-adapter v0.2.11 (/private/var/folders/hp/q9psfx3j2l58mrp6g7d8x8000000gn/T/lenso-release-cohort.r8ncUG/source/crates/lenso-quickjs-adapter)` was not used in the crate graph
warning: patch `lenso-remote-adapter v0.1.10 (/private/var/folders/hp/q9psfx3j2l58mrp6g7d8x8000000gn/T/lenso-release-cohort.r8ncUG/source/crates/lenso-remote-adapter)` was not used in the crate graph
warning: patch `lenso-runner v0.2.20 (/private/var/folders/hp/q9psfx3j2l58mrp6g7d8x8000000gn/T/lenso-release-cohort.r8ncUG/source/crates/lenso-runner)` was not used in the crate graph
warning: patch `lenso-runtime-codec v0.4.4 (/private/var/folders/hp/q9psfx3j2l58mrp6g7d8x8000000gn/T/lenso-release-cohort.r8ncUG/source/crates/lenso-runtime-codec)` was not used in the crate graph
warning: patch `lenso-runtime-conformance v0.3.10 (/private/var/folders/hp/q9psfx3j2l58mrp6g7d8x8000000gn/T/lenso-release-cohort.r8ncUG/source/crates/lenso-runtime-conformance)` was not used in the crate graph
warning: patch `lenso-test v0.1.3 (/private/var/folders/hp/q9psfx3j2l58mrp6g7d8x8000000gn/T/lenso-release-cohort.r8ncUG/source/crates/lenso-test)` was not used in the crate graph
warning: patch `lenso-wasm-component-adapter v0.2.18 (/private/var/folders/hp/q9psfx3j2l58mrp6g7d8x8000000gn/T/lenso-release-cohort.r8ncUG/source/crates/lenso-wasm-component-adapter)` was not used in the crate graph
warning: patch `lenso-web-host v0.2.5 (/private/var/folders/hp/q9psfx3j2l58mrp6g7d8x8000000gn/T/lenso-release-cohort.r8ncUG/source/crates/lenso-web-host)` was not used in the crate graph
warning: patch `lenso-web-ingress-plugin v0.4.10 (/private/var/folders/hp/q9psfx3j2l58mrp6g7d8x8000000gn/T/lenso-release-cohort.r8ncUG/source/crates/lenso-web-ingress-plugin)` was not used in the crate graph
help: Check that the patched package version and available features are compatible
      with the dependency requirements. If the patch has a different version from
      what is locked in the Cargo.lock file, run `cargo update` to use the new
      version. This may also occur with an optional dependency that is not enabled.
    Packaged 4 files, 24.7KiB (7.1KiB compressed)
   Packaging lenso-browser-driver v0.1.10 (/private/var/folders/hp/q9psfx3j2l58mrp6g7d8x8000000gn/T/lenso-release-cohort.r8ncUG/source/crates/lenso-browser-driver)
warning: patch `lenso v0.5.28 (/private/var/folders/hp/q9psfx3j2l58mrp6g7d8x8000000gn/T/lenso-release-cohort.r8ncUG/source/crates/lenso)` was not used in the crate graph
warning: patch `lenso-agent-tool-cli-plugin v0.1.1 (/private/var/folders/hp/q9psfx3j2l58mrp6g7d8x8000000gn/T/lenso-release-cohort.r8ncUG/source/crates/lenso-agent-tool-cli-plugin)` was not used in the crate graph
warning: patch `lenso-bun-adapter v0.1.17 (/private/var/folders/hp/q9psfx3j2l58mrp6g7d8x8000000gn/T/lenso-release-cohort.r8ncUG/source/crates/lenso-bun-adapter)` was not used in the crate graph
warning: patch `lenso-capability-configuration-source v0.1.1 (/private/var/folders/hp/q9psfx3j2l58mrp6g7d8x8000000gn/T/lenso-release-cohort.r8ncUG/source/crates/lenso-capability-configuration-source)` was not used in the crate graph
warning: patch `lenso-capability-http-client v0.3.3 (/private/var/folders/hp/q9psfx3j2l58mrp6g7d8x8000000gn/T/lenso-release-cohort.r8ncUG/source/crates/lenso-capability-http-client)` was not used in the crate graph
warning: patch `lenso-capability-http-endpoint v0.3.6 (/private/var/folders/hp/q9psfx3j2l58mrp6g7d8x8000000gn/T/lenso-release-cohort.r8ncUG/source/crates/lenso-capability-http-endpoint)` was not used in the crate graph
warning: patch `lenso-capability-http-endpoint-macros v0.1.5 (/private/var/folders/hp/q9psfx3j2l58mrp6g7d8x8000000gn/T/lenso-release-cohort.r8ncUG/source/crates/lenso-capability-http-endpoint-macros)` was not used in the crate graph
warning: patch `lenso-capability-http-stream-endpoint v0.1.3 (/private/var/folders/hp/q9psfx3j2l58mrp6g7d8x8000000gn/T/lenso-release-cohort.r8ncUG/source/crates/lenso-capability-http-stream-endpoint)` was not used in the crate graph
warning: patch `lenso-capability-websocket-endpoint v0.1.3 (/private/var/folders/hp/q9psfx3j2l58mrp6g7d8x8000000gn/T/lenso-release-cohort.r8ncUG/source/crates/lenso-capability-websocket-endpoint)` was not used in the crate graph
warning: patch `lenso-cli v0.6.5 (/private/var/folders/hp/q9psfx3j2l58mrp6g7d8x8000000gn/T/lenso-release-cohort.r8ncUG/source/crates/lenso-cli)` was not used in the crate graph
warning: patch `lenso-contract-authoring v0.1.2 (/private/var/folders/hp/q9psfx3j2l58mrp6g7d8x8000000gn/T/lenso-release-cohort.r8ncUG/source/crates/lenso-contract-authoring)` was not used in the crate graph
warning: patch `lenso-contract-authoring-macros v0.1.1 (/private/var/folders/hp/q9psfx3j2l58mrp6g7d8x8000000gn/T/lenso-release-cohort.r8ncUG/source/crates/lenso-contract-authoring-macros)` was not used in the crate graph
warning: patch `lenso-contract-codegen v0.10.1 (/private/var/folders/hp/q9psfx3j2l58mrp6g7d8x8000000gn/T/lenso-release-cohort.r8ncUG/source/crates/lenso-contract-codegen)` was not used in the crate graph
warning: patch `lenso-contract-runtime v0.2.0 (/private/var/folders/hp/q9psfx3j2l58mrp6g7d8x8000000gn/T/lenso-release-cohort.r8ncUG/source/crates/lenso-contract-runtime)` was not used in the crate graph
warning: patch `lenso-dylib-adapter v0.2.11 (/private/var/folders/hp/q9psfx3j2l58mrp6g7d8x8000000gn/T/lenso-release-cohort.r8ncUG/source/crates/lenso-dylib-adapter)` was not used in the crate graph
warning: patch `lenso-engine v0.2.0 (/private/var/folders/hp/q9psfx3j2l58mrp6g7d8x8000000gn/T/lenso-release-cohort.r8ncUG/source/crates/lenso-engine)` was not used in the crate graph
warning: patch `lenso-engine-app v0.3.2 (/private/var/folders/hp/q9psfx3j2l58mrp6g7d8x8000000gn/T/lenso-release-cohort.r8ncUG/source/crates/lenso-engine-app)` was not used in the crate graph
warning: patch `lenso-engine-authoring v0.2.4 (/private/var/folders/hp/q9psfx3j2l58mrp6g7d8x8000000gn/T/lenso-release-cohort.r8ncUG/source/crates/lenso-engine-authoring)` was not used in the crate graph
warning: patch `lenso-engine-markdown v0.2.0 (/private/var/folders/hp/q9psfx3j2l58mrp6g7d8x8000000gn/T/lenso-release-cohort.r8ncUG/source/crates/lenso-engine-markdown)` was not used in the crate graph
warning: patch `lenso-engine-runtime v0.2.1 (/private/var/folders/hp/q9psfx3j2l58mrp6g7d8x8000000gn/T/lenso-release-cohort.r8ncUG/source/crates/lenso-engine-runtime)` was not used in the crate graph
warning: patch `lenso-guest-sdk v0.5.1 (/private/var/folders/hp/q9psfx3j2l58mrp6g7d8x8000000gn/T/lenso-release-cohort.r8ncUG/source/crates/lenso-guest-sdk)` was not used in the crate graph
warning: patch `lenso-host-distribution v0.1.24 (/private/var/folders/hp/q9psfx3j2l58mrp6g7d8x8000000gn/T/lenso-release-cohort.r8ncUG/source/crates/lenso-host-distribution)` was not used in the crate graph
warning: patch `lenso-host-runtime v0.1.10 (/private/var/folders/hp/q9psfx3j2l58mrp6g7d8x8000000gn/T/lenso-release-cohort.r8ncUG/source/crates/lenso-host-runtime)` was not used in the crate graph
warning: patch `lenso-http-auth v0.2.5 (/private/var/folders/hp/q9psfx3j2l58mrp6g7d8x8000000gn/T/lenso-release-cohort.r8ncUG/source/crates/lenso-http-auth)` was not used in the crate graph
warning: patch `lenso-http-egress-plugin v0.3.6 (/private/var/folders/hp/q9psfx3j2l58mrp6g7d8x8000000gn/T/lenso-release-cohort.r8ncUG/source/crates/lenso-http-egress-plugin)` was not used in the crate graph
warning: patch `lenso-native-adapter v0.3.19 (/private/var/folders/hp/q9psfx3j2l58mrp6g7d8x8000000gn/T/lenso-release-cohort.r8ncUG/source/crates/lenso-native-adapter)` was not used in the crate graph
warning: patch `lenso-native-adapter-macros v0.2.8 (/private/var/folders/hp/q9psfx3j2l58mrp6g7d8x8000000gn/T/lenso-release-cohort.r8ncUG/source/crates/lenso-native-adapter-macros)` was not used in the crate graph
warning: patch `lenso-openapi-plugin v0.2.6 (/private/var/folders/hp/q9psfx3j2l58mrp6g7d8x8000000gn/T/lenso-release-cohort.r8ncUG/source/crates/lenso-openapi-plugin)` was not used in the crate graph
warning: patch `lenso-plugin-authoring v0.2.0 (/private/var/folders/hp/q9psfx3j2l58mrp6g7d8x8000000gn/T/lenso-release-cohort.r8ncUG/source/crates/lenso-plugin-authoring)` was not used in the crate graph
warning: patch `lenso-plugin-bundle v0.6.1 (/private/var/folders/hp/q9psfx3j2l58mrp6g7d8x8000000gn/T/lenso-release-cohort.r8ncUG/source/crates/lenso-plugin-bundle)` was not used in the crate graph
warning: patch `lenso-plugin-catalog v0.1.2 (/private/var/folders/hp/q9psfx3j2l58mrp6g7d8x8000000gn/T/lenso-release-cohort.r8ncUG/source/crates/lenso-plugin-catalog)` was not used in the crate graph
warning: patch `lenso-plugin-control-plane v0.4.26 (/private/var/folders/hp/q9psfx3j2l58mrp6g7d8x8000000gn/T/lenso-release-cohort.r8ncUG/source/crates/lenso-plugin-control-plane)` was not used in the crate graph
warning: patch `lenso-plugin-sdk v0.4.6 (/private/var/folders/hp/q9psfx3j2l58mrp6g7d8x8000000gn/T/lenso-release-cohort.r8ncUG/source/crates/lenso-plugin-sdk)` was not used in the crate graph
warning: patch `lenso-plugin-sdk-macros v0.1.0 (/private/var/folders/hp/q9psfx3j2l58mrp6g7d8x8000000gn/T/lenso-release-cohort.r8ncUG/source/crates/lenso-plugin-sdk-macros)` was not used in the crate graph
warning: patch `lenso-process-adapter v0.3.15 (/private/var/folders/hp/q9psfx3j2l58mrp6g7d8x8000000gn/T/lenso-release-cohort.r8ncUG/source/crates/lenso-process-adapter)` was not used in the crate graph
warning: patch `lenso-process-protocol v0.2.3 (/private/var/folders/hp/q9psfx3j2l58mrp6g7d8x8000000gn/T/lenso-release-cohort.r8ncUG/source/crates/lenso-process-protocol)` was not used in the crate graph
warning: patch `lenso-process-sdk v0.2.0 (/private/var/folders/hp/q9psfx3j2l58mrp6g7d8x8000000gn/T/lenso-release-cohort.r8ncUG/source/crates/lenso-process-sdk)` was not used in the crate graph
warning: patch `lenso-quickjs-adapter v0.2.11 (/private/var/folders/hp/q9psfx3j2l58mrp6g7d8x8000000gn/T/lenso-release-cohort.r8ncUG/source/crates/lenso-quickjs-adapter)` was not used in the crate graph
warning: patch `lenso-remote-adapter v0.1.10 (/private/var/folders/hp/q9psfx3j2l58mrp6g7d8x8000000gn/T/lenso-release-cohort.r8ncUG/source/crates/lenso-remote-adapter)` was not used in the crate graph
warning: patch `lenso-runner v0.2.20 (/private/var/folders/hp/q9psfx3j2l58mrp6g7d8x8000000gn/T/lenso-release-cohort.r8ncUG/source/crates/lenso-runner)` was not used in the crate graph
warning: patch `lenso-runtime-codec v0.4.4 (/private/var/folders/hp/q9psfx3j2l58mrp6g7d8x8000000gn/T/lenso-release-cohort.r8ncUG/source/crates/lenso-runtime-codec)` was not used in the crate graph
warning: patch `lenso-runtime-conformance v0.3.10 (/private/var/folders/hp/q9psfx3j2l58mrp6g7d8x8000000gn/T/lenso-release-cohort.r8ncUG/source/crates/lenso-runtime-conformance)` was not used in the crate graph
warning: patch `lenso-test v0.1.3 (/private/var/folders/hp/q9psfx3j2l58mrp6g7d8x8000000gn/T/lenso-release-cohort.r8ncUG/source/crates/lenso-test)` was not used in the crate graph
warning: patch `lenso-wasm-component-adapter v0.2.18 (/private/var/folders/hp/q9psfx3j2l58mrp6g7d8x8000000gn/T/lenso-release-cohort.r8ncUG/source/crates/lenso-wasm-component-adapter)` was not used in the crate graph
warning: patch `lenso-web-host v0.2.5 (/private/var/folders/hp/q9psfx3j2l58mrp6g7d8x8000000gn/T/lenso-release-cohort.r8ncUG/source/crates/lenso-web-host)` was not used in the crate graph
warning: patch `lenso-web-ingress-plugin v0.4.10 (/private/var/folders/hp/q9psfx3j2l58mrp6g7d8x8000000gn/T/lenso-release-cohort.r8ncUG/source/crates/lenso-web-ingress-plugin)` was not used in the crate graph
warning: patch `lenso-workers-driver v0.1.2 (/private/var/folders/hp/q9psfx3j2l58mrp6g7d8x8000000gn/T/lenso-release-cohort.r8ncUG/source/crates/lenso-workers-driver)` was not used in the crate graph
help: Check that the patched package version and available features are compatible
      with the dependency requirements. If the patch has a different version from
      what is locked in the Cargo.lock file, run `cargo update` to use the new
      version. This may also occur with an optional dependency that is not enabled.
    Packaged 7 files, 38.5KiB (10.0KiB compressed)
   Packaging lenso-contract-authoring v0.1.2 (/private/var/folders/hp/q9psfx3j2l58mrp6g7d8x8000000gn/T/lenso-release-cohort.r8ncUG/source/crates/lenso-contract-authoring)
warning: patch `lenso v0.5.28 (/private/var/folders/hp/q9psfx3j2l58mrp6g7d8x8000000gn/T/lenso-release-cohort.r8ncUG/source/crates/lenso)` was not used in the crate graph
warning: patch `lenso-agent-tool-cli-plugin v0.1.1 (/private/var/folders/hp/q9psfx3j2l58mrp6g7d8x8000000gn/T/lenso-release-cohort.r8ncUG/source/crates/lenso-agent-tool-cli-plugin)` was not used in the crate graph
warning: patch `lenso-app-plan v0.4.6 (/private/var/folders/hp/q9psfx3j2l58mrp6g7d8x8000000gn/T/lenso-release-cohort.r8ncUG/source/crates/lenso-app-plan)` was not used in the crate graph
warning: patch `lenso-browser-driver v0.1.10 (/private/var/folders/hp/q9psfx3j2l58mrp6g7d8x8000000gn/T/lenso-release-cohort.r8ncUG/source/crates/lenso-browser-driver)` was not used in the crate graph
warning: patch `lenso-bun-adapter v0.1.17 (/private/var/folders/hp/q9psfx3j2l58mrp6g7d8x8000000gn/T/lenso-release-cohort.r8ncUG/source/crates/lenso-bun-adapter)` was not used in the crate graph
warning: patch `lenso-capability-configuration-source v0.1.1 (/private/var/folders/hp/q9psfx3j2l58mrp6g7d8x8000000gn/T/lenso-release-cohort.r8ncUG/source/crates/lenso-capability-configuration-source)` was not used in the crate graph
warning: patch `lenso-capability-http-client v0.3.3 (/private/var/folders/hp/q9psfx3j2l58mrp6g7d8x8000000gn/T/lenso-release-cohort.r8ncUG/source/crates/lenso-capability-http-client)` was not used in the crate graph
warning: patch `lenso-capability-http-endpoint v0.3.6 (/private/var/folders/hp/q9psfx3j2l58mrp6g7d8x8000000gn/T/lenso-release-cohort.r8ncUG/source/crates/lenso-capability-http-endpoint)` was not used in the crate graph
warning: patch `lenso-capability-http-endpoint-macros v0.1.5 (/private/var/folders/hp/q9psfx3j2l58mrp6g7d8x8000000gn/T/lenso-release-cohort.r8ncUG/source/crates/lenso-capability-http-endpoint-macros)` was not used in the crate graph
warning: patch `lenso-capability-http-stream-endpoint v0.1.3 (/private/var/folders/hp/q9psfx3j2l58mrp6g7d8x8000000gn/T/lenso-release-cohort.r8ncUG/source/crates/lenso-capability-http-stream-endpoint)` was not used in the crate graph
warning: patch `lenso-capability-websocket-endpoint v0.1.3 (/private/var/folders/hp/q9psfx3j2l58mrp6g7d8x8000000gn/T/lenso-release-cohort.r8ncUG/source/crates/lenso-capability-websocket-endpoint)` was not used in the crate graph
warning: patch `lenso-cli v0.6.5 (/private/var/folders/hp/q9psfx3j2l58mrp6g7d8x8000000gn/T/lenso-release-cohort.r8ncUG/source/crates/lenso-cli)` was not used in the crate graph
warning: patch `lenso-contract-codegen v0.10.1 (/private/var/folders/hp/q9psfx3j2l58mrp6g7d8x8000000gn/T/lenso-release-cohort.r8ncUG/source/crates/lenso-contract-codegen)` was not used in the crate graph
warning: patch `lenso-contract-runtime v0.2.0 (/private/var/folders/hp/q9psfx3j2l58mrp6g7d8x8000000gn/T/lenso-release-cohort.r8ncUG/source/crates/lenso-contract-runtime)` was not used in the crate graph
warning: patch `lenso-dylib-adapter v0.2.11 (/private/var/folders/hp/q9psfx3j2l58mrp6g7d8x8000000gn/T/lenso-release-cohort.r8ncUG/source/crates/lenso-dylib-adapter)` was not used in the crate graph
warning: patch `lenso-engine v0.2.0 (/private/var/folders/hp/q9psfx3j2l58mrp6g7d8x8000000gn/T/lenso-release-cohort.r8ncUG/source/crates/lenso-engine)` was not used in the crate graph
warning: patch `lenso-engine-app v0.3.2 (/private/var/folders/hp/q9psfx3j2l58mrp6g7d8x8000000gn/T/lenso-release-cohort.r8ncUG/source/crates/lenso-engine-app)` was not used in the crate graph
warning: patch `lenso-engine-authoring v0.2.4 (/private/var/folders/hp/q9psfx3j2l58mrp6g7d8x8000000gn/T/lenso-release-cohort.r8ncUG/source/crates/lenso-engine-authoring)` was not used in the crate graph
warning: patch `lenso-engine-markdown v0.2.0 (/private/var/folders/hp/q9psfx3j2l58mrp6g7d8x8000000gn/T/lenso-release-cohort.r8ncUG/source/crates/lenso-engine-markdown)` was not used in the crate graph
warning: patch `lenso-engine-runtime v0.2.1 (/private/var/folders/hp/q9psfx3j2l58mrp6g7d8x8000000gn/T/lenso-release-cohort.r8ncUG/source/crates/lenso-engine-runtime)` was not used in the crate graph
warning: patch `lenso-guest-sdk v0.5.1 (/private/var/folders/hp/q9psfx3j2l58mrp6g7d8x8000000gn/T/lenso-release-cohort.r8ncUG/source/crates/lenso-guest-sdk)` was not used in the crate graph
warning: patch `lenso-host-distribution v0.1.24 (/private/var/folders/hp/q9psfx3j2l58mrp6g7d8x8000000gn/T/lenso-release-cohort.r8ncUG/source/crates/lenso-host-distribution)` was not used in the crate graph
warning: patch `lenso-host-runtime v0.1.10 (/private/var/folders/hp/q9psfx3j2l58mrp6g7d8x8000000gn/T/lenso-release-cohort.r8ncUG/source/crates/lenso-host-runtime)` was not used in the crate graph
warning: patch `lenso-http-auth v0.2.5 (/private/var/folders/hp/q9psfx3j2l58mrp6g7d8x8000000gn/T/lenso-release-cohort.r8ncUG/source/crates/lenso-http-auth)` was not used in the crate graph
warning: patch `lenso-http-egress-plugin v0.3.6 (/private/var/folders/hp/q9psfx3j2l58mrp6g7d8x8000000gn/T/lenso-release-cohort.r8ncUG/source/crates/lenso-http-egress-plugin)` was not used in the crate graph
warning: patch `lenso-kernel v0.3.12 (/private/var/folders/hp/q9psfx3j2l58mrp6g7d8x8000000gn/T/lenso-release-cohort.r8ncUG/source/crates/lenso-kernel)` was not used in the crate graph
warning: patch `lenso-native-adapter v0.3.19 (/private/var/folders/hp/q9psfx3j2l58mrp6g7d8x8000000gn/T/lenso-release-cohort.r8ncUG/source/crates/lenso-native-adapter)` was not used in the crate graph
warning: patch `lenso-native-adapter-macros v0.2.8 (/private/var/folders/hp/q9psfx3j2l58mrp6g7d8x8000000gn/T/lenso-release-cohort.r8ncUG/source/crates/lenso-native-adapter-macros)` was not used in the crate graph
warning: patch `lenso-openapi-plugin v0.2.6 (/private/var/folders/hp/q9psfx3j2l58mrp6g7d8x8000000gn/T/lenso-release-cohort.r8ncUG/source/crates/lenso-openapi-plugin)` was not used in the crate graph
warning: patch `lenso-plugin-authoring v0.2.0 (/private/var/folders/hp/q9psfx3j2l58mrp6g7d8x8000000gn/T/lenso-release-cohort.r8ncUG/source/crates/lenso-plugin-authoring)` was not used in the crate graph
warning: patch `lenso-plugin-bundle v0.6.1 (/private/var/folders/hp/q9psfx3j2l58mrp6g7d8x8000000gn/T/lenso-release-cohort.r8ncUG/source/crates/lenso-plugin-bundle)` was not used in the crate graph
warning: patch `lenso-plugin-catalog v0.1.2 (/private/var/folders/hp/q9psfx3j2l58mrp6g7d8x8000000gn/T/lenso-release-cohort.r8ncUG/source/crates/lenso-plugin-catalog)` was not used in the crate graph
warning: patch `lenso-plugin-control-plane v0.4.26 (/private/var/folders/hp/q9psfx3j2l58mrp6g7d8x8000000gn/T/lenso-release-cohort.r8ncUG/source/crates/lenso-plugin-control-plane)` was not used in the crate graph
warning: patch `lenso-plugin-sdk v0.4.6 (/private/var/folders/hp/q9psfx3j2l58mrp6g7d8x8000000gn/T/lenso-release-cohort.r8ncUG/source/crates/lenso-plugin-sdk)` was not used in the crate graph
warning: patch `lenso-plugin-sdk-macros v0.1.0 (/private/var/folders/hp/q9psfx3j2l58mrp6g7d8x8000000gn/T/lenso-release-cohort.r8ncUG/source/crates/lenso-plugin-sdk-macros)` was not used in the crate graph
warning: patch `lenso-process-adapter v0.3.15 (/private/var/folders/hp/q9psfx3j2l58mrp6g7d8x8000000gn/T/lenso-release-cohort.r8ncUG/source/crates/lenso-process-adapter)` was not used in the crate graph
warning: patch `lenso-process-protocol v0.2.3 (/private/var/folders/hp/q9psfx3j2l58mrp6g7d8x8000000gn/T/lenso-release-cohort.r8ncUG/source/crates/lenso-process-protocol)` was not used in the crate graph
warning: patch `lenso-process-sdk v0.2.0 (/private/var/folders/hp/q9psfx3j2l58mrp6g7d8x8000000gn/T/lenso-release-cohort.r8ncUG/source/crates/lenso-process-sdk)` was not used in the crate graph
warning: patch `lenso-quickjs-adapter v0.2.11 (/private/var/folders/hp/q9psfx3j2l58mrp6g7d8x8000000gn/T/lenso-release-cohort.r8ncUG/source/crates/lenso-quickjs-adapter)` was not used in the crate graph
warning: patch `lenso-remote-adapter v0.1.10 (/private/var/folders/hp/q9psfx3j2l58mrp6g7d8x8000000gn/T/lenso-release-cohort.r8ncUG/source/crates/lenso-remote-adapter)` was not used in the crate graph
warning: patch `lenso-runner v0.2.20 (/private/var/folders/hp/q9psfx3j2l58mrp6g7d8x8000000gn/T/lenso-release-cohort.r8ncUG/source/crates/lenso-runner)` was not used in the crate graph
warning: patch `lenso-runtime-codec v0.4.4 (/private/var/folders/hp/q9psfx3j2l58mrp6g7d8x8000000gn/T/lenso-release-cohort.r8ncUG/source/crates/lenso-runtime-codec)` was not used in the crate graph
warning: patch `lenso-runtime-conformance v0.3.10 (/private/var/folders/hp/q9psfx3j2l58mrp6g7d8x8000000gn/T/lenso-release-cohort.r8ncUG/source/crates/lenso-runtime-conformance)` was not used in the crate graph
warning: patch `lenso-test v0.1.3 (/private/var/folders/hp/q9psfx3j2l58mrp6g7d8x8000000gn/T/lenso-release-cohort.r8ncUG/source/crates/lenso-test)` was not used in the crate graph
warning: patch `lenso-wasm-component-adapter v0.2.18 (/private/var/folders/hp/q9psfx3j2l58mrp6g7d8x8000000gn/T/lenso-release-cohort.r8ncUG/source/crates/lenso-wasm-component-adapter)` was not used in the crate graph
warning: patch `lenso-web-host v0.2.5 (/private/var/folders/hp/q9psfx3j2l58mrp6g7d8x8000000gn/T/lenso-release-cohort.r8ncUG/source/crates/lenso-web-host)` was not used in the crate graph
warning: patch `lenso-web-ingress-plugin v0.4.10 (/private/var/folders/hp/q9psfx3j2l58mrp6g7d8x8000000gn/T/lenso-release-cohort.r8ncUG/source/crates/lenso-web-ingress-plugin)` was not used in the crate graph
warning: patch `lenso-workers-driver v0.1.2 (/private/var/folders/hp/q9psfx3j2l58mrp6g7d8x8000000gn/T/lenso-release-cohort.r8ncUG/source/crates/lenso-workers-driver)` was not used in the crate graph
help: Check that the patched package version and available features are compatible
      with the dependency requirements. If the patch has a different version from
      what is locked in the Cargo.lock file, run `cargo update` to use the new
      version. This may also occur with an optional dependency that is not enabled.
    Packaged 5 files, 19.6KiB (5.7KiB compressed)
   Packaging lenso-contract-codegen v0.10.1 (/private/var/folders/hp/q9psfx3j2l58mrp6g7d8x8000000gn/T/lenso-release-cohort.r8ncUG/source/crates/lenso-contract-codegen)
warning: patch `lenso v0.5.28 (/private/var/folders/hp/q9psfx3j2l58mrp6g7d8x8000000gn/T/lenso-release-cohort.r8ncUG/source/crates/lenso)` was not used in the crate graph
warning: patch `lenso-agent-tool-cli-plugin v0.1.1 (/private/var/folders/hp/q9psfx3j2l58mrp6g7d8x8000000gn/T/lenso-release-cohort.r8ncUG/source/crates/lenso-agent-tool-cli-plugin)` was not used in the crate graph
warning: patch `lenso-app-plan v0.4.6 (/private/var/folders/hp/q9psfx3j2l58mrp6g7d8x8000000gn/T/lenso-release-cohort.r8ncUG/source/crates/lenso-app-plan)` was not used in the crate graph
warning: patch `lenso-browser-driver v0.1.10 (/private/var/folders/hp/q9psfx3j2l58mrp6g7d8x8000000gn/T/lenso-release-cohort.r8ncUG/source/crates/lenso-browser-driver)` was not used in the crate graph
warning: patch `lenso-bun-adapter v0.1.17 (/private/var/folders/hp/q9psfx3j2l58mrp6g7d8x8000000gn/T/lenso-release-cohort.r8ncUG/source/crates/lenso-bun-adapter)` was not used in the crate graph
warning: patch `lenso-capability-configuration-source v0.1.1 (/private/var/folders/hp/q9psfx3j2l58mrp6g7d8x8000000gn/T/lenso-release-cohort.r8ncUG/source/crates/lenso-capability-configuration-source)` was not used in the crate graph
warning: patch `lenso-capability-http-client v0.3.3 (/private/var/folders/hp/q9psfx3j2l58mrp6g7d8x8000000gn/T/lenso-release-cohort.r8ncUG/source/crates/lenso-capability-http-client)` was not used in the crate graph
warning: patch `lenso-capability-http-endpoint v0.3.6 (/private/var/folders/hp/q9psfx3j2l58mrp6g7d8x8000000gn/T/lenso-release-cohort.r8ncUG/source/crates/lenso-capability-http-endpoint)` was not used in the crate graph
warning: patch `lenso-capability-http-endpoint-macros v0.1.5 (/private/var/folders/hp/q9psfx3j2l58mrp6g7d8x8000000gn/T/lenso-release-cohort.r8ncUG/source/crates/lenso-capability-http-endpoint-macros)` was not used in the crate graph
warning: patch `lenso-capability-http-stream-endpoint v0.1.3 (/private/var/folders/hp/q9psfx3j2l58mrp6g7d8x8000000gn/T/lenso-release-cohort.r8ncUG/source/crates/lenso-capability-http-stream-endpoint)` was not used in the crate graph
warning: patch `lenso-capability-websocket-endpoint v0.1.3 (/private/var/folders/hp/q9psfx3j2l58mrp6g7d8x8000000gn/T/lenso-release-cohort.r8ncUG/source/crates/lenso-capability-websocket-endpoint)` was not used in the crate graph
warning: patch `lenso-cli v0.6.5 (/private/var/folders/hp/q9psfx3j2l58mrp6g7d8x8000000gn/T/lenso-release-cohort.r8ncUG/source/crates/lenso-cli)` was not used in the crate graph
warning: patch `lenso-contract-runtime v0.2.0 (/private/var/folders/hp/q9psfx3j2l58mrp6g7d8x8000000gn/T/lenso-release-cohort.r8ncUG/source/crates/lenso-contract-runtime)` was not used in the crate graph
warning: patch `lenso-dylib-adapter v0.2.11 (/private/var/folders/hp/q9psfx3j2l58mrp6g7d8x8000000gn/T/lenso-release-cohort.r8ncUG/source/crates/lenso-dylib-adapter)` was not used in the crate graph
warning: patch `lenso-engine v0.2.0 (/private/var/folders/hp/q9psfx3j2l58mrp6g7d8x8000000gn/T/lenso-release-cohort.r8ncUG/source/crates/lenso-engine)` was not used in the crate graph
warning: patch `lenso-engine-app v0.3.2 (/private/var/folders/hp/q9psfx3j2l58mrp6g7d8x8000000gn/T/lenso-release-cohort.r8ncUG/source/crates/lenso-engine-app)` was not used in the crate graph
warning: patch `lenso-engine-authoring v0.2.4 (/private/var/folders/hp/q9psfx3j2l58mrp6g7d8x8000000gn/T/lenso-release-cohort.r8ncUG/source/crates/lenso-engine-authoring)` was not used in the crate graph
warning: patch `lenso-engine-markdown v0.2.0 (/private/var/folders/hp/q9psfx3j2l58mrp6g7d8x8000000gn/T/lenso-release-cohort.r8ncUG/source/crates/lenso-engine-markdown)` was not used in the crate graph
warning: patch `lenso-engine-runtime v0.2.1 (/private/var/folders/hp/q9psfx3j2l58mrp6g7d8x8000000gn/T/lenso-release-cohort.r8ncUG/source/crates/lenso-engine-runtime)` was not used in the crate graph
warning: patch `lenso-guest-sdk v0.5.1 (/private/var/folders/hp/q9psfx3j2l58mrp6g7d8x8000000gn/T/lenso-release-cohort.r8ncUG/source/crates/lenso-guest-sdk)` was not used in the crate graph
warning: patch `lenso-host-distribution v0.1.24 (/private/var/folders/hp/q9psfx3j2l58mrp6g7d8x8000000gn/T/lenso-release-cohort.r8ncUG/source/crates/lenso-host-distribution)` was not used in the crate graph
warning: patch `lenso-host-runtime v0.1.10 (/private/var/folders/hp/q9psfx3j2l58mrp6g7d8x8000000gn/T/lenso-release-cohort.r8ncUG/source/crates/lenso-host-runtime)` was not used in the crate graph
warning: patch `lenso-http-auth v0.2.5 (/private/var/folders/hp/q9psfx3j2l58mrp6g7d8x8000000gn/T/lenso-release-cohort.r8ncUG/source/crates/lenso-http-auth)` was not used in the crate graph
warning: patch `lenso-http-egress-plugin v0.3.6 (/private/var/folders/hp/q9psfx3j2l58mrp6g7d8x8000000gn/T/lenso-release-cohort.r8ncUG/source/crates/lenso-http-egress-plugin)` was not used in the crate graph
warning: patch `lenso-kernel v0.3.12 (/private/var/folders/hp/q9psfx3j2l58mrp6g7d8x8000000gn/T/lenso-release-cohort.r8ncUG/source/crates/lenso-kernel)` was not used in the crate graph
warning: patch `lenso-native-adapter v0.3.19 (/private/var/folders/hp/q9psfx3j2l58mrp6g7d8x8000000gn/T/lenso-release-cohort.r8ncUG/source/crates/lenso-native-adapter)` was not used in the crate graph
warning: patch `lenso-native-adapter-macros v0.2.8 (/private/var/folders/hp/q9psfx3j2l58mrp6g7d8x8000000gn/T/lenso-release-cohort.r8ncUG/source/crates/lenso-native-adapter-macros)` was not used in the crate graph
warning: patch `lenso-openapi-plugin v0.2.6 (/private/var/folders/hp/q9psfx3j2l58mrp6g7d8x8000000gn/T/lenso-release-cohort.r8ncUG/source/crates/lenso-openapi-plugin)` was not used in the crate graph
warning: patch `lenso-plugin-authoring v0.2.0 (/private/var/folders/hp/q9psfx3j2l58mrp6g7d8x8000000gn/T/lenso-release-cohort.r8ncUG/source/crates/lenso-plugin-authoring)` was not used in the crate graph
warning: patch `lenso-plugin-bundle v0.6.1 (/private/var/folders/hp/q9psfx3j2l58mrp6g7d8x8000000gn/T/lenso-release-cohort.r8ncUG/source/crates/lenso-plugin-bundle)` was not used in the crate graph
warning: patch `lenso-plugin-catalog v0.1.2 (/private/var/folders/hp/q9psfx3j2l58mrp6g7d8x8000000gn/T/lenso-release-cohort.r8ncUG/source/crates/lenso-plugin-catalog)` was not used in the crate graph
warning: patch `lenso-plugin-control-plane v0.4.26 (/private/var/folders/hp/q9psfx3j2l58mrp6g7d8x8000000gn/T/lenso-release-cohort.r8ncUG/source/crates/lenso-plugin-control-plane)` was not used in the crate graph
warning: patch `lenso-plugin-sdk v0.4.6 (/private/var/folders/hp/q9psfx3j2l58mrp6g7d8x8000000gn/T/lenso-release-cohort.r8ncUG/source/crates/lenso-plugin-sdk)` was not used in the crate graph
warning: patch `lenso-plugin-sdk-macros v0.1.0 (/private/var/folders/hp/q9psfx3j2l58mrp6g7d8x8000000gn/T/lenso-release-cohort.r8ncUG/source/crates/lenso-plugin-sdk-macros)` was not used in the crate graph
warning: patch `lenso-process-adapter v0.3.15 (/private/var/folders/hp/q9psfx3j2l58mrp6g7d8x8000000gn/T/lenso-release-cohort.r8ncUG/source/crates/lenso-process-adapter)` was not used in the crate graph
warning: patch `lenso-process-protocol v0.2.3 (/private/var/folders/hp/q9psfx3j2l58mrp6g7d8x8000000gn/T/lenso-release-cohort.r8ncUG/source/crates/lenso-process-protocol)` was not used in the crate graph
warning: patch `lenso-process-sdk v0.2.0 (/private/var/folders/hp/q9psfx3j2l58mrp6g7d8x8000000gn/T/lenso-release-cohort.r8ncUG/source/crates/lenso-process-sdk)` was not used in the crate graph
warning: patch `lenso-quickjs-adapter v0.2.11 (/private/var/folders/hp/q9psfx3j2l58mrp6g7d8x8000000gn/T/lenso-release-cohort.r8ncUG/source/crates/lenso-quickjs-adapter)` was not used in the crate graph
warning: patch `lenso-remote-adapter v0.1.10 (/private/var/folders/hp/q9psfx3j2l58mrp6g7d8x8000000gn/T/lenso-release-cohort.r8ncUG/source/crates/lenso-remote-adapter)` was not used in the crate graph
warning: patch `lenso-runner v0.2.20 (/private/var/folders/hp/q9psfx3j2l58mrp6g7d8x8000000gn/T/lenso-release-cohort.r8ncUG/source/crates/lenso-runner)` was not used in the crate graph
warning: patch `lenso-runtime-codec v0.4.4 (/private/var/folders/hp/q9psfx3j2l58mrp6g7d8x8000000gn/T/lenso-release-cohort.r8ncUG/source/crates/lenso-runtime-codec)` was not used in the crate graph
warning: patch `lenso-runtime-conformance v0.3.10 (/private/var/folders/hp/q9psfx3j2l58mrp6g7d8x8000000gn/T/lenso-release-cohort.r8ncUG/source/crates/lenso-runtime-conformance)` was not used in the crate graph
warning: patch `lenso-test v0.1.3 (/private/var/folders/hp/q9psfx3j2l58mrp6g7d8x8000000gn/T/lenso-release-cohort.r8ncUG/source/crates/lenso-test)` was not used in the crate graph
warning: patch `lenso-wasm-component-adapter v0.2.18 (/private/var/folders/hp/q9psfx3j2l58mrp6g7d8x8000000gn/T/lenso-release-cohort.r8ncUG/source/crates/lenso-wasm-component-adapter)` was not used in the crate graph
warning: patch `lenso-web-host v0.2.5 (/private/var/folders/hp/q9psfx3j2l58mrp6g7d8x8000000gn/T/lenso-release-cohort.r8ncUG/source/crates/lenso-web-host)` was not used in the crate graph
warning: patch `lenso-web-ingress-plugin v0.4.10 (/private/var/folders/hp/q9psfx3j2l58mrp6g7d8x8000000gn/T/lenso-release-cohort.r8ncUG/source/crates/lenso-web-ingress-plugin)` was not used in the crate graph
warning: patch `lenso-workers-driver v0.1.2 (/private/var/folders/hp/q9psfx3j2l58mrp6g7d8x8000000gn/T/lenso-release-cohort.r8ncUG/source/crates/lenso-workers-driver)` was not used in the crate graph
help: Check that the patched package version and available features are compatible
      with the dependency requirements. If the patch has a different version from
      what is locked in the Cargo.lock file, run `cargo update` to use the new
      version. This may also occur with an optional dependency that is not enabled.
    Packaged 55 files, 380.0KiB (67.3KiB compressed)
   Packaging lenso-dylib-adapter v0.2.11 (/private/var/folders/hp/q9psfx3j2l58mrp6g7d8x8000000gn/T/lenso-release-cohort.r8ncUG/source/crates/lenso-dylib-adapter)
warning: patch `lenso v0.5.28 (/private/var/folders/hp/q9psfx3j2l58mrp6g7d8x8000000gn/T/lenso-release-cohort.r8ncUG/source/crates/lenso)` was not used in the crate graph
warning: patch `lenso-agent-tool-cli-plugin v0.1.1 (/private/var/folders/hp/q9psfx3j2l58mrp6g7d8x8000000gn/T/lenso-release-cohort.r8ncUG/source/crates/lenso-agent-tool-cli-plugin)` was not used in the crate graph
warning: patch `lenso-browser-driver v0.1.10 (/private/var/folders/hp/q9psfx3j2l58mrp6g7d8x8000000gn/T/lenso-release-cohort.r8ncUG/source/crates/lenso-browser-driver)` was not used in the crate graph
warning: patch `lenso-bun-adapter v0.1.17 (/private/var/folders/hp/q9psfx3j2l58mrp6g7d8x8000000gn/T/lenso-release-cohort.r8ncUG/source/crates/lenso-bun-adapter)` was not used in the crate graph
warning: patch `lenso-capability-configuration-source v0.1.1 (/private/var/folders/hp/q9psfx3j2l58mrp6g7d8x8000000gn/T/lenso-release-cohort.r8ncUG/source/crates/lenso-capability-configuration-source)` was not used in the crate graph
warning: patch `lenso-capability-http-client v0.3.3 (/private/var/folders/hp/q9psfx3j2l58mrp6g7d8x8000000gn/T/lenso-release-cohort.r8ncUG/source/crates/lenso-capability-http-client)` was not used in the crate graph
warning: patch `lenso-capability-http-endpoint v0.3.6 (/private/var/folders/hp/q9psfx3j2l58mrp6g7d8x8000000gn/T/lenso-release-cohort.r8ncUG/source/crates/lenso-capability-http-endpoint)` was not used in the crate graph
warning: patch `lenso-capability-http-endpoint-macros v0.1.5 (/private/var/folders/hp/q9psfx3j2l58mrp6g7d8x8000000gn/T/lenso-release-cohort.r8ncUG/source/crates/lenso-capability-http-endpoint-macros)` was not used in the crate graph
warning: patch `lenso-capability-http-stream-endpoint v0.1.3 (/private/var/folders/hp/q9psfx3j2l58mrp6g7d8x8000000gn/T/lenso-release-cohort.r8ncUG/source/crates/lenso-capability-http-stream-endpoint)` was not used in the crate graph
warning: patch `lenso-capability-websocket-endpoint v0.1.3 (/private/var/folders/hp/q9psfx3j2l58mrp6g7d8x8000000gn/T/lenso-release-cohort.r8ncUG/source/crates/lenso-capability-websocket-endpoint)` was not used in the crate graph
warning: patch `lenso-cli v0.6.5 (/private/var/folders/hp/q9psfx3j2l58mrp6g7d8x8000000gn/T/lenso-release-cohort.r8ncUG/source/crates/lenso-cli)` was not used in the crate graph
warning: patch `lenso-contract-authoring v0.1.2 (/private/var/folders/hp/q9psfx3j2l58mrp6g7d8x8000000gn/T/lenso-release-cohort.r8ncUG/source/crates/lenso-contract-authoring)` was not used in the crate graph
warning: patch `lenso-contract-authoring-macros v0.1.1 (/private/var/folders/hp/q9psfx3j2l58mrp6g7d8x8000000gn/T/lenso-release-cohort.r8ncUG/source/crates/lenso-contract-authoring-macros)` was not used in the crate graph
warning: patch `lenso-contract-codegen v0.10.1 (/private/var/folders/hp/q9psfx3j2l58mrp6g7d8x8000000gn/T/lenso-release-cohort.r8ncUG/source/crates/lenso-contract-codegen)` was not used in the crate graph
warning: patch `lenso-contract-runtime v0.2.0 (/private/var/folders/hp/q9psfx3j2l58mrp6g7d8x8000000gn/T/lenso-release-cohort.r8ncUG/source/crates/lenso-contract-runtime)` was not used in the crate graph
warning: patch `lenso-engine v0.2.0 (/private/var/folders/hp/q9psfx3j2l58mrp6g7d8x8000000gn/T/lenso-release-cohort.r8ncUG/source/crates/lenso-engine)` was not used in the crate graph
warning: patch `lenso-engine-app v0.3.2 (/private/var/folders/hp/q9psfx3j2l58mrp6g7d8x8000000gn/T/lenso-release-cohort.r8ncUG/source/crates/lenso-engine-app)` was not used in the crate graph
warning: patch `lenso-engine-authoring v0.2.4 (/private/var/folders/hp/q9psfx3j2l58mrp6g7d8x8000000gn/T/lenso-release-cohort.r8ncUG/source/crates/lenso-engine-authoring)` was not used in the crate graph
warning: patch `lenso-engine-markdown v0.2.0 (/private/var/folders/hp/q9psfx3j2l58mrp6g7d8x8000000gn/T/lenso-release-cohort.r8ncUG/source/crates/lenso-engine-markdown)` was not used in the crate graph
warning: patch `lenso-engine-runtime v0.2.1 (/private/var/folders/hp/q9psfx3j2l58mrp6g7d8x8000000gn/T/lenso-release-cohort.r8ncUG/source/crates/lenso-engine-runtime)` was not used in the crate graph
warning: patch `lenso-guest-sdk v0.5.1 (/private/var/folders/hp/q9psfx3j2l58mrp6g7d8x8000000gn/T/lenso-release-cohort.r8ncUG/source/crates/lenso-guest-sdk)` was not used in the crate graph
warning: patch `lenso-host-distribution v0.1.24 (/private/var/folders/hp/q9psfx3j2l58mrp6g7d8x8000000gn/T/lenso-release-cohort.r8ncUG/source/crates/lenso-host-distribution)` was not used in the crate graph
warning: patch `lenso-host-runtime v0.1.10 (/private/var/folders/hp/q9psfx3j2l58mrp6g7d8x8000000gn/T/lenso-release-cohort.r8ncUG/source/crates/lenso-host-runtime)` was not used in the crate graph
warning: patch `lenso-http-auth v0.2.5 (/private/var/folders/hp/q9psfx3j2l58mrp6g7d8x8000000gn/T/lenso-release-cohort.r8ncUG/source/crates/lenso-http-auth)` was not used in the crate graph
warning: patch `lenso-http-egress-plugin v0.3.6 (/private/var/folders/hp/q9psfx3j2l58mrp6g7d8x8000000gn/T/lenso-release-cohort.r8ncUG/source/crates/lenso-http-egress-plugin)` was not used in the crate graph
warning: patch `lenso-native-adapter v0.3.19 (/private/var/folders/hp/q9psfx3j2l58mrp6g7d8x8000000gn/T/lenso-release-cohort.r8ncUG/source/crates/lenso-native-adapter)` was not used in the crate graph
warning: patch `lenso-native-adapter-macros v0.2.8 (/private/var/folders/hp/q9psfx3j2l58mrp6g7d8x8000000gn/T/lenso-release-cohort.r8ncUG/source/crates/lenso-native-adapter-macros)` was not used in the crate graph
warning: patch `lenso-openapi-plugin v0.2.6 (/private/var/folders/hp/q9psfx3j2l58mrp6g7d8x8000000gn/T/lenso-release-cohort.r8ncUG/source/crates/lenso-openapi-plugin)` was not used in the crate graph
warning: patch `lenso-plugin-authoring v0.2.0 (/private/var/folders/hp/q9psfx3j2l58mrp6g7d8x8000000gn/T/lenso-release-cohort.r8ncUG/source/crates/lenso-plugin-authoring)` was not used in the crate graph
warning: patch `lenso-plugin-bundle v0.6.1 (/private/var/folders/hp/q9psfx3j2l58mrp6g7d8x8000000gn/T/lenso-release-cohort.r8ncUG/source/crates/lenso-plugin-bundle)` was not used in the crate graph
warning: patch `lenso-plugin-catalog v0.1.2 (/private/var/folders/hp/q9psfx3j2l58mrp6g7d8x8000000gn/T/lenso-release-cohort.r8ncUG/source/crates/lenso-plugin-catalog)` was not used in the crate graph
warning: patch `lenso-plugin-control-plane v0.4.26 (/private/var/folders/hp/q9psfx3j2l58mrp6g7d8x8000000gn/T/lenso-release-cohort.r8ncUG/source/crates/lenso-plugin-control-plane)` was not used in the crate graph
warning: patch `lenso-plugin-sdk v0.4.6 (/private/var/folders/hp/q9psfx3j2l58mrp6g7d8x8000000gn/T/lenso-release-cohort.r8ncUG/source/crates/lenso-plugin-sdk)` was not used in the crate graph
warning: patch `lenso-plugin-sdk-macros v0.1.0 (/private/var/folders/hp/q9psfx3j2l58mrp6g7d8x8000000gn/T/lenso-release-cohort.r8ncUG/source/crates/lenso-plugin-sdk-macros)` was not used in the crate graph
warning: patch `lenso-process-adapter v0.3.15 (/private/var/folders/hp/q9psfx3j2l58mrp6g7d8x8000000gn/T/lenso-release-cohort.r8ncUG/source/crates/lenso-process-adapter)` was not used in the crate graph
warning: patch `lenso-process-protocol v0.2.3 (/private/var/folders/hp/q9psfx3j2l58mrp6g7d8x8000000gn/T/lenso-release-cohort.r8ncUG/source/crates/lenso-process-protocol)` was not used in the crate graph
warning: patch `lenso-process-sdk v0.2.0 (/private/var/folders/hp/q9psfx3j2l58mrp6g7d8x8000000gn/T/lenso-release-cohort.r8ncUG/source/crates/lenso-process-sdk)` was not used in the crate graph
warning: patch `lenso-quickjs-adapter v0.2.11 (/private/var/folders/hp/q9psfx3j2l58mrp6g7d8x8000000gn/T/lenso-release-cohort.r8ncUG/source/crates/lenso-quickjs-adapter)` was not used in the crate graph
warning: patch `lenso-remote-adapter v0.1.10 (/private/var/folders/hp/q9psfx3j2l58mrp6g7d8x8000000gn/T/lenso-release-cohort.r8ncUG/source/crates/lenso-remote-adapter)` was not used in the crate graph
warning: patch `lenso-runner v0.2.20 (/private/var/folders/hp/q9psfx3j2l58mrp6g7d8x8000000gn/T/lenso-release-cohort.r8ncUG/source/crates/lenso-runner)` was not used in the crate graph
warning: patch `lenso-runtime-conformance v0.3.10 (/private/var/folders/hp/q9psfx3j2l58mrp6g7d8x8000000gn/T/lenso-release-cohort.r8ncUG/source/crates/lenso-runtime-conformance)` was not used in the crate graph
warning: patch `lenso-test v0.1.3 (/private/var/folders/hp/q9psfx3j2l58mrp6g7d8x8000000gn/T/lenso-release-cohort.r8ncUG/source/crates/lenso-test)` was not used in the crate graph
warning: patch `lenso-wasm-component-adapter v0.2.18 (/private/var/folders/hp/q9psfx3j2l58mrp6g7d8x8000000gn/T/lenso-release-cohort.r8ncUG/source/crates/lenso-wasm-component-adapter)` was not used in the crate graph
warning: patch `lenso-web-host v0.2.5 (/private/var/folders/hp/q9psfx3j2l58mrp6g7d8x8000000gn/T/lenso-release-cohort.r8ncUG/source/crates/lenso-web-host)` was not used in the crate graph
warning: patch `lenso-web-ingress-plugin v0.4.10 (/private/var/folders/hp/q9psfx3j2l58mrp6g7d8x8000000gn/T/lenso-release-cohort.r8ncUG/source/crates/lenso-web-ingress-plugin)` was not used in the crate graph
warning: patch `lenso-workers-driver v0.1.2 (/private/var/folders/hp/q9psfx3j2l58mrp6g7d8x8000000gn/T/lenso-release-cohort.r8ncUG/source/crates/lenso-workers-driver)` was not used in the crate graph
help: Check that the patched package version and available features are compatible
      with the dependency requirements. If the patch has a different version from
      what is locked in the Cargo.lock file, run `cargo update` to use the new
      version. This may also occur with an optional dependency that is not enabled.
    Packaged 7 files, 61.5KiB (15.4KiB compressed)
   Packaging lenso-native-adapter v0.3.19 (/private/var/folders/hp/q9psfx3j2l58mrp6g7d8x8000000gn/T/lenso-release-cohort.r8ncUG/source/crates/lenso-native-adapter)
warning: patch `lenso v0.5.28 (/private/var/folders/hp/q9psfx3j2l58mrp6g7d8x8000000gn/T/lenso-release-cohort.r8ncUG/source/crates/lenso)` was not used in the crate graph
warning: patch `lenso-agent-tool-cli-plugin v0.1.1 (/private/var/folders/hp/q9psfx3j2l58mrp6g7d8x8000000gn/T/lenso-release-cohort.r8ncUG/source/crates/lenso-agent-tool-cli-plugin)` was not used in the crate graph
warning: patch `lenso-browser-driver v0.1.10 (/private/var/folders/hp/q9psfx3j2l58mrp6g7d8x8000000gn/T/lenso-release-cohort.r8ncUG/source/crates/lenso-browser-driver)` was not used in the crate graph
warning: patch `lenso-bun-adapter v0.1.17 (/private/var/folders/hp/q9psfx3j2l58mrp6g7d8x8000000gn/T/lenso-release-cohort.r8ncUG/source/crates/lenso-bun-adapter)` was not used in the crate graph
warning: patch `lenso-capability-configuration-source v0.1.1 (/private/var/folders/hp/q9psfx3j2l58mrp6g7d8x8000000gn/T/lenso-release-cohort.r8ncUG/source/crates/lenso-capability-configuration-source)` was not used in the crate graph
warning: patch `lenso-capability-http-client v0.3.3 (/private/var/folders/hp/q9psfx3j2l58mrp6g7d8x8000000gn/T/lenso-release-cohort.r8ncUG/source/crates/lenso-capability-http-client)` was not used in the crate graph
warning: patch `lenso-capability-http-endpoint v0.3.6 (/private/var/folders/hp/q9psfx3j2l58mrp6g7d8x8000000gn/T/lenso-release-cohort.r8ncUG/source/crates/lenso-capability-http-endpoint)` was not used in the crate graph
warning: patch `lenso-capability-http-endpoint-macros v0.1.5 (/private/var/folders/hp/q9psfx3j2l58mrp6g7d8x8000000gn/T/lenso-release-cohort.r8ncUG/source/crates/lenso-capability-http-endpoint-macros)` was not used in the crate graph
warning: patch `lenso-capability-http-stream-endpoint v0.1.3 (/private/var/folders/hp/q9psfx3j2l58mrp6g7d8x8000000gn/T/lenso-release-cohort.r8ncUG/source/crates/lenso-capability-http-stream-endpoint)` was not used in the crate graph
warning: patch `lenso-capability-websocket-endpoint v0.1.3 (/private/var/folders/hp/q9psfx3j2l58mrp6g7d8x8000000gn/T/lenso-release-cohort.r8ncUG/source/crates/lenso-capability-websocket-endpoint)` was not used in the crate graph
warning: patch `lenso-cli v0.6.5 (/private/var/folders/hp/q9psfx3j2l58mrp6g7d8x8000000gn/T/lenso-release-cohort.r8ncUG/source/crates/lenso-cli)` was not used in the crate graph
warning: patch `lenso-contract-authoring v0.1.2 (/private/var/folders/hp/q9psfx3j2l58mrp6g7d8x8000000gn/T/lenso-release-cohort.r8ncUG/source/crates/lenso-contract-authoring)` was not used in the crate graph
warning: patch `lenso-contract-authoring-macros v0.1.1 (/private/var/folders/hp/q9psfx3j2l58mrp6g7d8x8000000gn/T/lenso-release-cohort.r8ncUG/source/crates/lenso-contract-authoring-macros)` was not used in the crate graph
warning: patch `lenso-contract-codegen v0.10.1 (/private/var/folders/hp/q9psfx3j2l58mrp6g7d8x8000000gn/T/lenso-release-cohort.r8ncUG/source/crates/lenso-contract-codegen)` was not used in the crate graph
warning: patch `lenso-contract-runtime v0.2.0 (/private/var/folders/hp/q9psfx3j2l58mrp6g7d8x8000000gn/T/lenso-release-cohort.r8ncUG/source/crates/lenso-contract-runtime)` was not used in the crate graph
warning: patch `lenso-dylib-adapter v0.2.11 (/private/var/folders/hp/q9psfx3j2l58mrp6g7d8x8000000gn/T/lenso-release-cohort.r8ncUG/source/crates/lenso-dylib-adapter)` was not used in the crate graph
warning: patch `lenso-engine v0.2.0 (/private/var/folders/hp/q9psfx3j2l58mrp6g7d8x8000000gn/T/lenso-release-cohort.r8ncUG/source/crates/lenso-engine)` was not used in the crate graph
warning: patch `lenso-engine-app v0.3.2 (/private/var/folders/hp/q9psfx3j2l58mrp6g7d8x8000000gn/T/lenso-release-cohort.r8ncUG/source/crates/lenso-engine-app)` was not used in the crate graph
warning: patch `lenso-engine-authoring v0.2.4 (/private/var/folders/hp/q9psfx3j2l58mrp6g7d8x8000000gn/T/lenso-release-cohort.r8ncUG/source/crates/lenso-engine-authoring)` was not used in the crate graph
warning: patch `lenso-engine-markdown v0.2.0 (/private/var/folders/hp/q9psfx3j2l58mrp6g7d8x8000000gn/T/lenso-release-cohort.r8ncUG/source/crates/lenso-engine-markdown)` was not used in the crate graph
warning: patch `lenso-engine-runtime v0.2.1 (/private/var/folders/hp/q9psfx3j2l58mrp6g7d8x8000000gn/T/lenso-release-cohort.r8ncUG/source/crates/lenso-engine-runtime)` was not used in the crate graph
warning: patch `lenso-guest-sdk v0.5.1 (/private/var/folders/hp/q9psfx3j2l58mrp6g7d8x8000000gn/T/lenso-release-cohort.r8ncUG/source/crates/lenso-guest-sdk)` was not used in the crate graph
warning: patch `lenso-host-distribution v0.1.24 (/private/var/folders/hp/q9psfx3j2l58mrp6g7d8x8000000gn/T/lenso-release-cohort.r8ncUG/source/crates/lenso-host-distribution)` was not used in the crate graph
warning: patch `lenso-host-runtime v0.1.10 (/private/var/folders/hp/q9psfx3j2l58mrp6g7d8x8000000gn/T/lenso-release-cohort.r8ncUG/source/crates/lenso-host-runtime)` was not used in the crate graph
warning: patch `lenso-http-auth v0.2.5 (/private/var/folders/hp/q9psfx3j2l58mrp6g7d8x8000000gn/T/lenso-release-cohort.r8ncUG/source/crates/lenso-http-auth)` was not used in the crate graph
warning: patch `lenso-http-egress-plugin v0.3.6 (/private/var/folders/hp/q9psfx3j2l58mrp6g7d8x8000000gn/T/lenso-release-cohort.r8ncUG/source/crates/lenso-http-egress-plugin)` was not used in the crate graph
warning: patch `lenso-openapi-plugin v0.2.6 (/private/var/folders/hp/q9psfx3j2l58mrp6g7d8x8000000gn/T/lenso-release-cohort.r8ncUG/source/crates/lenso-openapi-plugin)` was not used in the crate graph
warning: patch `lenso-plugin-bundle v0.6.1 (/private/var/folders/hp/q9psfx3j2l58mrp6g7d8x8000000gn/T/lenso-release-cohort.r8ncUG/source/crates/lenso-plugin-bundle)` was not used in the crate graph
warning: patch `lenso-plugin-catalog v0.1.2 (/private/var/folders/hp/q9psfx3j2l58mrp6g7d8x8000000gn/T/lenso-release-cohort.r8ncUG/source/crates/lenso-plugin-catalog)` was not used in the crate graph
warning: patch `lenso-plugin-control-plane v0.4.26 (/private/var/folders/hp/q9psfx3j2l58mrp6g7d8x8000000gn/T/lenso-release-cohort.r8ncUG/source/crates/lenso-plugin-control-plane)` was not used in the crate graph
warning: patch `lenso-plugin-sdk v0.4.6 (/private/var/folders/hp/q9psfx3j2l58mrp6g7d8x8000000gn/T/lenso-release-cohort.r8ncUG/source/crates/lenso-plugin-sdk)` was not used in the crate graph
warning: patch `lenso-plugin-sdk-macros v0.1.0 (/private/var/folders/hp/q9psfx3j2l58mrp6g7d8x8000000gn/T/lenso-release-cohort.r8ncUG/source/crates/lenso-plugin-sdk-macros)` was not used in the crate graph
warning: patch `lenso-process-adapter v0.3.15 (/private/var/folders/hp/q9psfx3j2l58mrp6g7d8x8000000gn/T/lenso-release-cohort.r8ncUG/source/crates/lenso-process-adapter)` was not used in the crate graph
warning: patch `lenso-process-protocol v0.2.3 (/private/var/folders/hp/q9psfx3j2l58mrp6g7d8x8000000gn/T/lenso-release-cohort.r8ncUG/source/crates/lenso-process-protocol)` was not used in the crate graph
warning: patch `lenso-process-sdk v0.2.0 (/private/var/folders/hp/q9psfx3j2l58mrp6g7d8x8000000gn/T/lenso-release-cohort.r8ncUG/source/crates/lenso-process-sdk)` was not used in the crate graph
warning: patch `lenso-quickjs-adapter v0.2.11 (/private/var/folders/hp/q9psfx3j2l58mrp6g7d8x8000000gn/T/lenso-release-cohort.r8ncUG/source/crates/lenso-quickjs-adapter)` was not used in the crate graph
warning: patch `lenso-remote-adapter v0.1.10 (/private/var/folders/hp/q9psfx3j2l58mrp6g7d8x8000000gn/T/lenso-release-cohort.r8ncUG/source/crates/lenso-remote-adapter)` was not used in the crate graph
warning: patch `lenso-runner v0.2.20 (/private/var/folders/hp/q9psfx3j2l58mrp6g7d8x8000000gn/T/lenso-release-cohort.r8ncUG/source/crates/lenso-runner)` was not used in the crate graph
warning: patch `lenso-runtime-conformance v0.3.10 (/private/var/folders/hp/q9psfx3j2l58mrp6g7d8x8000000gn/T/lenso-release-cohort.r8ncUG/source/crates/lenso-runtime-conformance)` was not used in the crate graph
warning: patch `lenso-test v0.1.3 (/private/var/folders/hp/q9psfx3j2l58mrp6g7d8x8000000gn/T/lenso-release-cohort.r8ncUG/source/crates/lenso-test)` was not used in the crate graph
warning: patch `lenso-wasm-component-adapter v0.2.18 (/private/var/folders/hp/q9psfx3j2l58mrp6g7d8x8000000gn/T/lenso-release-cohort.r8ncUG/source/crates/lenso-wasm-component-adapter)` was not used in the crate graph
warning: patch `lenso-web-host v0.2.5 (/private/var/folders/hp/q9psfx3j2l58mrp6g7d8x8000000gn/T/lenso-release-cohort.r8ncUG/source/crates/lenso-web-host)` was not used in the crate graph
warning: patch `lenso-web-ingress-plugin v0.4.10 (/private/var/folders/hp/q9psfx3j2l58mrp6g7d8x8000000gn/T/lenso-release-cohort.r8ncUG/source/crates/lenso-web-ingress-plugin)` was not used in the crate graph
warning: patch `lenso-workers-driver v0.1.2 (/private/var/folders/hp/q9psfx3j2l58mrp6g7d8x8000000gn/T/lenso-release-cohort.r8ncUG/source/crates/lenso-workers-driver)` was not used in the crate graph
help: Check that the patched package version and available features are compatible
      with the dependency requirements. If the patch has a different version from
      what is locked in the Cargo.lock file, run `cargo update` to use the new
      version. This may also occur with an optional dependency that is not enabled.
    Packaged 19 files, 138.3KiB (27.8KiB compressed)
   Packaging lenso-process-adapter v0.3.15 (/private/var/folders/hp/q9psfx3j2l58mrp6g7d8x8000000gn/T/lenso-release-cohort.r8ncUG/source/crates/lenso-process-adapter)
warning: patch `lenso v0.5.28 (/private/var/folders/hp/q9psfx3j2l58mrp6g7d8x8000000gn/T/lenso-release-cohort.r8ncUG/source/crates/lenso)` was not used in the crate graph
warning: patch `lenso-agent-tool-cli-plugin v0.1.1 (/private/var/folders/hp/q9psfx3j2l58mrp6g7d8x8000000gn/T/lenso-release-cohort.r8ncUG/source/crates/lenso-agent-tool-cli-plugin)` was not used in the crate graph
warning: patch `lenso-browser-driver v0.1.10 (/private/var/folders/hp/q9psfx3j2l58mrp6g7d8x8000000gn/T/lenso-release-cohort.r8ncUG/source/crates/lenso-browser-driver)` was not used in the crate graph
warning: patch `lenso-bun-adapter v0.1.17 (/private/var/folders/hp/q9psfx3j2l58mrp6g7d8x8000000gn/T/lenso-release-cohort.r8ncUG/source/crates/lenso-bun-adapter)` was not used in the crate graph
warning: patch `lenso-capability-configuration-source v0.1.1 (/private/var/folders/hp/q9psfx3j2l58mrp6g7d8x8000000gn/T/lenso-release-cohort.r8ncUG/source/crates/lenso-capability-configuration-source)` was not used in the crate graph
warning: patch `lenso-capability-http-client v0.3.3 (/private/var/folders/hp/q9psfx3j2l58mrp6g7d8x8000000gn/T/lenso-release-cohort.r8ncUG/source/crates/lenso-capability-http-client)` was not used in the crate graph
warning: patch `lenso-capability-http-endpoint v0.3.6 (/private/var/folders/hp/q9psfx3j2l58mrp6g7d8x8000000gn/T/lenso-release-cohort.r8ncUG/source/crates/lenso-capability-http-endpoint)` was not used in the crate graph
warning: patch `lenso-capability-http-endpoint-macros v0.1.5 (/private/var/folders/hp/q9psfx3j2l58mrp6g7d8x8000000gn/T/lenso-release-cohort.r8ncUG/source/crates/lenso-capability-http-endpoint-macros)` was not used in the crate graph
warning: patch `lenso-capability-http-stream-endpoint v0.1.3 (/private/var/folders/hp/q9psfx3j2l58mrp6g7d8x8000000gn/T/lenso-release-cohort.r8ncUG/source/crates/lenso-capability-http-stream-endpoint)` was not used in the crate graph
warning: patch `lenso-capability-websocket-endpoint v0.1.3 (/private/var/folders/hp/q9psfx3j2l58mrp6g7d8x8000000gn/T/lenso-release-cohort.r8ncUG/source/crates/lenso-capability-websocket-endpoint)` was not used in the crate graph
warning: patch `lenso-cli v0.6.5 (/private/var/folders/hp/q9psfx3j2l58mrp6g7d8x8000000gn/T/lenso-release-cohort.r8ncUG/source/crates/lenso-cli)` was not used in the crate graph
warning: patch `lenso-contract-authoring v0.1.2 (/private/var/folders/hp/q9psfx3j2l58mrp6g7d8x8000000gn/T/lenso-release-cohort.r8ncUG/source/crates/lenso-contract-authoring)` was not used in the crate graph
warning: patch `lenso-contract-authoring-macros v0.1.1 (/private/var/folders/hp/q9psfx3j2l58mrp6g7d8x8000000gn/T/lenso-release-cohort.r8ncUG/source/crates/lenso-contract-authoring-macros)` was not used in the crate graph
warning: patch `lenso-contract-codegen v0.10.1 (/private/var/folders/hp/q9psfx3j2l58mrp6g7d8x8000000gn/T/lenso-release-cohort.r8ncUG/source/crates/lenso-contract-codegen)` was not used in the crate graph
warning: patch `lenso-contract-runtime v0.2.0 (/private/var/folders/hp/q9psfx3j2l58mrp6g7d8x8000000gn/T/lenso-release-cohort.r8ncUG/source/crates/lenso-contract-runtime)` was not used in the crate graph
warning: patch `lenso-dylib-adapter v0.2.11 (/private/var/folders/hp/q9psfx3j2l58mrp6g7d8x8000000gn/T/lenso-release-cohort.r8ncUG/source/crates/lenso-dylib-adapter)` was not used in the crate graph
warning: patch `lenso-engine v0.2.0 (/private/var/folders/hp/q9psfx3j2l58mrp6g7d8x8000000gn/T/lenso-release-cohort.r8ncUG/source/crates/lenso-engine)` was not used in the crate graph
warning: patch `lenso-engine-app v0.3.2 (/private/var/folders/hp/q9psfx3j2l58mrp6g7d8x8000000gn/T/lenso-release-cohort.r8ncUG/source/crates/lenso-engine-app)` was not used in the crate graph
warning: patch `lenso-engine-authoring v0.2.4 (/private/var/folders/hp/q9psfx3j2l58mrp6g7d8x8000000gn/T/lenso-release-cohort.r8ncUG/source/crates/lenso-engine-authoring)` was not used in the crate graph
warning: patch `lenso-engine-markdown v0.2.0 (/private/var/folders/hp/q9psfx3j2l58mrp6g7d8x8000000gn/T/lenso-release-cohort.r8ncUG/source/crates/lenso-engine-markdown)` was not used in the crate graph
warning: patch `lenso-engine-runtime v0.2.1 (/private/var/folders/hp/q9psfx3j2l58mrp6g7d8x8000000gn/T/lenso-release-cohort.r8ncUG/source/crates/lenso-engine-runtime)` was not used in the crate graph
warning: patch `lenso-guest-sdk v0.5.1 (/private/var/folders/hp/q9psfx3j2l58mrp6g7d8x8000000gn/T/lenso-release-cohort.r8ncUG/source/crates/lenso-guest-sdk)` was not used in the crate graph
warning: patch `lenso-host-distribution v0.1.24 (/private/var/folders/hp/q9psfx3j2l58mrp6g7d8x8000000gn/T/lenso-release-cohort.r8ncUG/source/crates/lenso-host-distribution)` was not used in the crate graph
warning: patch `lenso-host-runtime v0.1.10 (/private/var/folders/hp/q9psfx3j2l58mrp6g7d8x8000000gn/T/lenso-release-cohort.r8ncUG/source/crates/lenso-host-runtime)` was not used in the crate graph
warning: patch `lenso-http-auth v0.2.5 (/private/var/folders/hp/q9psfx3j2l58mrp6g7d8x8000000gn/T/lenso-release-cohort.r8ncUG/source/crates/lenso-http-auth)` was not used in the crate graph
warning: patch `lenso-http-egress-plugin v0.3.6 (/private/var/folders/hp/q9psfx3j2l58mrp6g7d8x8000000gn/T/lenso-release-cohort.r8ncUG/source/crates/lenso-http-egress-plugin)` was not used in the crate graph
warning: patch `lenso-openapi-plugin v0.2.6 (/private/var/folders/hp/q9psfx3j2l58mrp6g7d8x8000000gn/T/lenso-release-cohort.r8ncUG/source/crates/lenso-openapi-plugin)` was not used in the crate graph
warning: patch `lenso-plugin-bundle v0.6.1 (/private/var/folders/hp/q9psfx3j2l58mrp6g7d8x8000000gn/T/lenso-release-cohort.r8ncUG/source/crates/lenso-plugin-bundle)` was not used in the crate graph
warning: patch `lenso-plugin-catalog v0.1.2 (/private/var/folders/hp/q9psfx3j2l58mrp6g7d8x8000000gn/T/lenso-release-cohort.r8ncUG/source/crates/lenso-plugin-catalog)` was not used in the crate graph
warning: patch `lenso-plugin-control-plane v0.4.26 (/private/var/folders/hp/q9psfx3j2l58mrp6g7d8x8000000gn/T/lenso-release-cohort.r8ncUG/source/crates/lenso-plugin-control-plane)` was not used in the crate graph
warning: patch `lenso-plugin-sdk v0.4.6 (/private/var/folders/hp/q9psfx3j2l58mrp6g7d8x8000000gn/T/lenso-release-cohort.r8ncUG/source/crates/lenso-plugin-sdk)` was not used in the crate graph
warning: patch `lenso-plugin-sdk-macros v0.1.0 (/private/var/folders/hp/q9psfx3j2l58mrp6g7d8x8000000gn/T/lenso-release-cohort.r8ncUG/source/crates/lenso-plugin-sdk-macros)` was not used in the crate graph
warning: patch `lenso-quickjs-adapter v0.2.11 (/private/var/folders/hp/q9psfx3j2l58mrp6g7d8x8000000gn/T/lenso-release-cohort.r8ncUG/source/crates/lenso-quickjs-adapter)` was not used in the crate graph
warning: patch `lenso-remote-adapter v0.1.10 (/private/var/folders/hp/q9psfx3j2l58mrp6g7d8x8000000gn/T/lenso-release-cohort.r8ncUG/source/crates/lenso-remote-adapter)` was not used in the crate graph
warning: patch `lenso-runner v0.2.20 (/private/var/folders/hp/q9psfx3j2l58mrp6g7d8x8000000gn/T/lenso-release-cohort.r8ncUG/source/crates/lenso-runner)` was not used in the crate graph
warning: patch `lenso-runtime-conformance v0.3.10 (/private/var/folders/hp/q9psfx3j2l58mrp6g7d8x8000000gn/T/lenso-release-cohort.r8ncUG/source/crates/lenso-runtime-conformance)` was not used in the crate graph
warning: patch `lenso-test v0.1.3 (/private/var/folders/hp/q9psfx3j2l58mrp6g7d8x8000000gn/T/lenso-release-cohort.r8ncUG/source/crates/lenso-test)` was not used in the crate graph
warning: patch `lenso-wasm-component-adapter v0.2.18 (/private/var/folders/hp/q9psfx3j2l58mrp6g7d8x8000000gn/T/lenso-release-cohort.r8ncUG/source/crates/lenso-wasm-component-adapter)` was not used in the crate graph
warning: patch `lenso-web-host v0.2.5 (/private/var/folders/hp/q9psfx3j2l58mrp6g7d8x8000000gn/T/lenso-release-cohort.r8ncUG/source/crates/lenso-web-host)` was not used in the crate graph
warning: patch `lenso-web-ingress-plugin v0.4.10 (/private/var/folders/hp/q9psfx3j2l58mrp6g7d8x8000000gn/T/lenso-release-cohort.r8ncUG/source/crates/lenso-web-ingress-plugin)` was not used in the crate graph
warning: patch `lenso-workers-driver v0.1.2 (/private/var/folders/hp/q9psfx3j2l58mrp6g7d8x8000000gn/T/lenso-release-cohort.r8ncUG/source/crates/lenso-workers-driver)` was not used in the crate graph
help: Check that the patched package version and available features are compatible
      with the dependency requirements. If the patch has a different version from
      what is locked in the Cargo.lock file, run `cargo update` to use the new
      version. This may also occur with an optional dependency that is not enabled.
    Packaged 12 files, 174.7KiB (34.6KiB compressed)
   Packaging lenso-quickjs-adapter v0.2.11 (/private/var/folders/hp/q9psfx3j2l58mrp6g7d8x8000000gn/T/lenso-release-cohort.r8ncUG/source/crates/lenso-quickjs-adapter)
warning: patch `lenso v0.5.28 (/private/var/folders/hp/q9psfx3j2l58mrp6g7d8x8000000gn/T/lenso-release-cohort.r8ncUG/source/crates/lenso)` was not used in the crate graph
warning: patch `lenso-agent-tool-cli-plugin v0.1.1 (/private/var/folders/hp/q9psfx3j2l58mrp6g7d8x8000000gn/T/lenso-release-cohort.r8ncUG/source/crates/lenso-agent-tool-cli-plugin)` was not used in the crate graph
warning: patch `lenso-browser-driver v0.1.10 (/private/var/folders/hp/q9psfx3j2l58mrp6g7d8x8000000gn/T/lenso-release-cohort.r8ncUG/source/crates/lenso-browser-driver)` was not used in the crate graph
warning: patch `lenso-bun-adapter v0.1.17 (/private/var/folders/hp/q9psfx3j2l58mrp6g7d8x8000000gn/T/lenso-release-cohort.r8ncUG/source/crates/lenso-bun-adapter)` was not used in the crate graph
warning: patch `lenso-capability-configuration-source v0.1.1 (/private/var/folders/hp/q9psfx3j2l58mrp6g7d8x8000000gn/T/lenso-release-cohort.r8ncUG/source/crates/lenso-capability-configuration-source)` was not used in the crate graph
warning: patch `lenso-capability-http-client v0.3.3 (/private/var/folders/hp/q9psfx3j2l58mrp6g7d8x8000000gn/T/lenso-release-cohort.r8ncUG/source/crates/lenso-capability-http-client)` was not used in the crate graph
warning: patch `lenso-capability-http-endpoint v0.3.6 (/private/var/folders/hp/q9psfx3j2l58mrp6g7d8x8000000gn/T/lenso-release-cohort.r8ncUG/source/crates/lenso-capability-http-endpoint)` was not used in the crate graph
warning: patch `lenso-capability-http-endpoint-macros v0.1.5 (/private/var/folders/hp/q9psfx3j2l58mrp6g7d8x8000000gn/T/lenso-release-cohort.r8ncUG/source/crates/lenso-capability-http-endpoint-macros)` was not used in the crate graph
warning: patch `lenso-capability-http-stream-endpoint v0.1.3 (/private/var/folders/hp/q9psfx3j2l58mrp6g7d8x8000000gn/T/lenso-release-cohort.r8ncUG/source/crates/lenso-capability-http-stream-endpoint)` was not used in the crate graph
warning: patch `lenso-capability-websocket-endpoint v0.1.3 (/private/var/folders/hp/q9psfx3j2l58mrp6g7d8x8000000gn/T/lenso-release-cohort.r8ncUG/source/crates/lenso-capability-websocket-endpoint)` was not used in the crate graph
warning: patch `lenso-cli v0.6.5 (/private/var/folders/hp/q9psfx3j2l58mrp6g7d8x8000000gn/T/lenso-release-cohort.r8ncUG/source/crates/lenso-cli)` was not used in the crate graph
warning: patch `lenso-contract-authoring v0.1.2 (/private/var/folders/hp/q9psfx3j2l58mrp6g7d8x8000000gn/T/lenso-release-cohort.r8ncUG/source/crates/lenso-contract-authoring)` was not used in the crate graph
warning: patch `lenso-contract-authoring-macros v0.1.1 (/private/var/folders/hp/q9psfx3j2l58mrp6g7d8x8000000gn/T/lenso-release-cohort.r8ncUG/source/crates/lenso-contract-authoring-macros)` was not used in the crate graph
warning: patch `lenso-contract-codegen v0.10.1 (/private/var/folders/hp/q9psfx3j2l58mrp6g7d8x8000000gn/T/lenso-release-cohort.r8ncUG/source/crates/lenso-contract-codegen)` was not used in the crate graph
warning: patch `lenso-contract-runtime v0.2.0 (/private/var/folders/hp/q9psfx3j2l58mrp6g7d8x8000000gn/T/lenso-release-cohort.r8ncUG/source/crates/lenso-contract-runtime)` was not used in the crate graph
warning: patch `lenso-dylib-adapter v0.2.11 (/private/var/folders/hp/q9psfx3j2l58mrp6g7d8x8000000gn/T/lenso-release-cohort.r8ncUG/source/crates/lenso-dylib-adapter)` was not used in the crate graph
warning: patch `lenso-engine v0.2.0 (/private/var/folders/hp/q9psfx3j2l58mrp6g7d8x8000000gn/T/lenso-release-cohort.r8ncUG/source/crates/lenso-engine)` was not used in the crate graph
warning: patch `lenso-engine-app v0.3.2 (/private/var/folders/hp/q9psfx3j2l58mrp6g7d8x8000000gn/T/lenso-release-cohort.r8ncUG/source/crates/lenso-engine-app)` was not used in the crate graph
warning: patch `lenso-engine-authoring v0.2.4 (/private/var/folders/hp/q9psfx3j2l58mrp6g7d8x8000000gn/T/lenso-release-cohort.r8ncUG/source/crates/lenso-engine-authoring)` was not used in the crate graph
warning: patch `lenso-engine-markdown v0.2.0 (/private/var/folders/hp/q9psfx3j2l58mrp6g7d8x8000000gn/T/lenso-release-cohort.r8ncUG/source/crates/lenso-engine-markdown)` was not used in the crate graph
warning: patch `lenso-engine-runtime v0.2.1 (/private/var/folders/hp/q9psfx3j2l58mrp6g7d8x8000000gn/T/lenso-release-cohort.r8ncUG/source/crates/lenso-engine-runtime)` was not used in the crate graph
warning: patch `lenso-guest-sdk v0.5.1 (/private/var/folders/hp/q9psfx3j2l58mrp6g7d8x8000000gn/T/lenso-release-cohort.r8ncUG/source/crates/lenso-guest-sdk)` was not used in the crate graph
warning: patch `lenso-host-distribution v0.1.24 (/private/var/folders/hp/q9psfx3j2l58mrp6g7d8x8000000gn/T/lenso-release-cohort.r8ncUG/source/crates/lenso-host-distribution)` was not used in the crate graph
warning: patch `lenso-host-runtime v0.1.10 (/private/var/folders/hp/q9psfx3j2l58mrp6g7d8x8000000gn/T/lenso-release-cohort.r8ncUG/source/crates/lenso-host-runtime)` was not used in the crate graph
warning: patch `lenso-http-auth v0.2.5 (/private/var/folders/hp/q9psfx3j2l58mrp6g7d8x8000000gn/T/lenso-release-cohort.r8ncUG/source/crates/lenso-http-auth)` was not used in the crate graph
warning: patch `lenso-http-egress-plugin v0.3.6 (/private/var/folders/hp/q9psfx3j2l58mrp6g7d8x8000000gn/T/lenso-release-cohort.r8ncUG/source/crates/lenso-http-egress-plugin)` was not used in the crate graph
warning: patch `lenso-native-adapter v0.3.19 (/private/var/folders/hp/q9psfx3j2l58mrp6g7d8x8000000gn/T/lenso-release-cohort.r8ncUG/source/crates/lenso-native-adapter)` was not used in the crate graph
warning: patch `lenso-native-adapter-macros v0.2.8 (/private/var/folders/hp/q9psfx3j2l58mrp6g7d8x8000000gn/T/lenso-release-cohort.r8ncUG/source/crates/lenso-native-adapter-macros)` was not used in the crate graph
warning: patch `lenso-openapi-plugin v0.2.6 (/private/var/folders/hp/q9psfx3j2l58mrp6g7d8x8000000gn/T/lenso-release-cohort.r8ncUG/source/crates/lenso-openapi-plugin)` was not used in the crate graph
warning: patch `lenso-plugin-authoring v0.2.0 (/private/var/folders/hp/q9psfx3j2l58mrp6g7d8x8000000gn/T/lenso-release-cohort.r8ncUG/source/crates/lenso-plugin-authoring)` was not used in the crate graph
warning: patch `lenso-plugin-bundle v0.6.1 (/private/var/folders/hp/q9psfx3j2l58mrp6g7d8x8000000gn/T/lenso-release-cohort.r8ncUG/source/crates/lenso-plugin-bundle)` was not used in the crate graph
warning: patch `lenso-plugin-catalog v0.1.2 (/private/var/folders/hp/q9psfx3j2l58mrp6g7d8x8000000gn/T/lenso-release-cohort.r8ncUG/source/crates/lenso-plugin-catalog)` was not used in the crate graph
warning: patch `lenso-plugin-control-plane v0.4.26 (/private/var/folders/hp/q9psfx3j2l58mrp6g7d8x8000000gn/T/lenso-release-cohort.r8ncUG/source/crates/lenso-plugin-control-plane)` was not used in the crate graph
warning: patch `lenso-plugin-sdk v0.4.6 (/private/var/folders/hp/q9psfx3j2l58mrp6g7d8x8000000gn/T/lenso-release-cohort.r8ncUG/source/crates/lenso-plugin-sdk)` was not used in the crate graph
warning: patch `lenso-plugin-sdk-macros v0.1.0 (/private/var/folders/hp/q9psfx3j2l58mrp6g7d8x8000000gn/T/lenso-release-cohort.r8ncUG/source/crates/lenso-plugin-sdk-macros)` was not used in the crate graph
warning: patch `lenso-process-adapter v0.3.15 (/private/var/folders/hp/q9psfx3j2l58mrp6g7d8x8000000gn/T/lenso-release-cohort.r8ncUG/source/crates/lenso-process-adapter)` was not used in the crate graph
warning: patch `lenso-process-protocol v0.2.3 (/private/var/folders/hp/q9psfx3j2l58mrp6g7d8x8000000gn/T/lenso-release-cohort.r8ncUG/source/crates/lenso-process-protocol)` was not used in the crate graph
warning: patch `lenso-process-sdk v0.2.0 (/private/var/folders/hp/q9psfx3j2l58mrp6g7d8x8000000gn/T/lenso-release-cohort.r8ncUG/source/crates/lenso-process-sdk)` was not used in the crate graph
warning: patch `lenso-remote-adapter v0.1.10 (/private/var/folders/hp/q9psfx3j2l58mrp6g7d8x8000000gn/T/lenso-release-cohort.r8ncUG/source/crates/lenso-remote-adapter)` was not used in the crate graph
warning: patch `lenso-runner v0.2.20 (/private/var/folders/hp/q9psfx3j2l58mrp6g7d8x8000000gn/T/lenso-release-cohort.r8ncUG/source/crates/lenso-runner)` was not used in the crate graph
warning: patch `lenso-test v0.1.3 (/private/var/folders/hp/q9psfx3j2l58mrp6g7d8x8000000gn/T/lenso-release-cohort.r8ncUG/source/crates/lenso-test)` was not used in the crate graph
warning: patch `lenso-wasm-component-adapter v0.2.18 (/private/var/folders/hp/q9psfx3j2l58mrp6g7d8x8000000gn/T/lenso-release-cohort.r8ncUG/source/crates/lenso-wasm-component-adapter)` was not used in the crate graph
warning: patch `lenso-web-host v0.2.5 (/private/var/folders/hp/q9psfx3j2l58mrp6g7d8x8000000gn/T/lenso-release-cohort.r8ncUG/source/crates/lenso-web-host)` was not used in the crate graph
warning: patch `lenso-web-ingress-plugin v0.4.10 (/private/var/folders/hp/q9psfx3j2l58mrp6g7d8x8000000gn/T/lenso-release-cohort.r8ncUG/source/crates/lenso-web-ingress-plugin)` was not used in the crate graph
warning: patch `lenso-workers-driver v0.1.2 (/private/var/folders/hp/q9psfx3j2l58mrp6g7d8x8000000gn/T/lenso-release-cohort.r8ncUG/source/crates/lenso-workers-driver)` was not used in the crate graph
help: Check that the patched package version and available features are compatible
      with the dependency requirements. If the patch has a different version from
      what is locked in the Cargo.lock file, run `cargo update` to use the new
      version. This may also occur with an optional dependency that is not enabled.
    Packaged 5 files, 95.5KiB (18.1KiB compressed)
   Packaging lenso-remote-adapter v0.1.10 (/private/var/folders/hp/q9psfx3j2l58mrp6g7d8x8000000gn/T/lenso-release-cohort.r8ncUG/source/crates/lenso-remote-adapter)
warning: patch `lenso v0.5.28 (/private/var/folders/hp/q9psfx3j2l58mrp6g7d8x8000000gn/T/lenso-release-cohort.r8ncUG/source/crates/lenso)` was not used in the crate graph
warning: patch `lenso-agent-tool-cli-plugin v0.1.1 (/private/var/folders/hp/q9psfx3j2l58mrp6g7d8x8000000gn/T/lenso-release-cohort.r8ncUG/source/crates/lenso-agent-tool-cli-plugin)` was not used in the crate graph
warning: patch `lenso-browser-driver v0.1.10 (/private/var/folders/hp/q9psfx3j2l58mrp6g7d8x8000000gn/T/lenso-release-cohort.r8ncUG/source/crates/lenso-browser-driver)` was not used in the crate graph
warning: patch `lenso-bun-adapter v0.1.17 (/private/var/folders/hp/q9psfx3j2l58mrp6g7d8x8000000gn/T/lenso-release-cohort.r8ncUG/source/crates/lenso-bun-adapter)` was not used in the crate graph
warning: patch `lenso-capability-configuration-source v0.1.1 (/private/var/folders/hp/q9psfx3j2l58mrp6g7d8x8000000gn/T/lenso-release-cohort.r8ncUG/source/crates/lenso-capability-configuration-source)` was not used in the crate graph
warning: patch `lenso-capability-http-client v0.3.3 (/private/var/folders/hp/q9psfx3j2l58mrp6g7d8x8000000gn/T/lenso-release-cohort.r8ncUG/source/crates/lenso-capability-http-client)` was not used in the crate graph
warning: patch `lenso-capability-http-endpoint v0.3.6 (/private/var/folders/hp/q9psfx3j2l58mrp6g7d8x8000000gn/T/lenso-release-cohort.r8ncUG/source/crates/lenso-capability-http-endpoint)` was not used in the crate graph
warning: patch `lenso-capability-http-endpoint-macros v0.1.5 (/private/var/folders/hp/q9psfx3j2l58mrp6g7d8x8000000gn/T/lenso-release-cohort.r8ncUG/source/crates/lenso-capability-http-endpoint-macros)` was not used in the crate graph
warning: patch `lenso-capability-http-stream-endpoint v0.1.3 (/private/var/folders/hp/q9psfx3j2l58mrp6g7d8x8000000gn/T/lenso-release-cohort.r8ncUG/source/crates/lenso-capability-http-stream-endpoint)` was not used in the crate graph
warning: patch `lenso-capability-websocket-endpoint v0.1.3 (/private/var/folders/hp/q9psfx3j2l58mrp6g7d8x8000000gn/T/lenso-release-cohort.r8ncUG/source/crates/lenso-capability-websocket-endpoint)` was not used in the crate graph
warning: patch `lenso-cli v0.6.5 (/private/var/folders/hp/q9psfx3j2l58mrp6g7d8x8000000gn/T/lenso-release-cohort.r8ncUG/source/crates/lenso-cli)` was not used in the crate graph
warning: patch `lenso-contract-authoring v0.1.2 (/private/var/folders/hp/q9psfx3j2l58mrp6g7d8x8000000gn/T/lenso-release-cohort.r8ncUG/source/crates/lenso-contract-authoring)` was not used in the crate graph
warning: patch `lenso-contract-authoring-macros v0.1.1 (/private/var/folders/hp/q9psfx3j2l58mrp6g7d8x8000000gn/T/lenso-release-cohort.r8ncUG/source/crates/lenso-contract-authoring-macros)` was not used in the crate graph
warning: patch `lenso-contract-codegen v0.10.1 (/private/var/folders/hp/q9psfx3j2l58mrp6g7d8x8000000gn/T/lenso-release-cohort.r8ncUG/source/crates/lenso-contract-codegen)` was not used in the crate graph
warning: patch `lenso-contract-runtime v0.2.0 (/private/var/folders/hp/q9psfx3j2l58mrp6g7d8x8000000gn/T/lenso-release-cohort.r8ncUG/source/crates/lenso-contract-runtime)` was not used in the crate graph
warning: patch `lenso-dylib-adapter v0.2.11 (/private/var/folders/hp/q9psfx3j2l58mrp6g7d8x8000000gn/T/lenso-release-cohort.r8ncUG/source/crates/lenso-dylib-adapter)` was not used in the crate graph
warning: patch `lenso-engine v0.2.0 (/private/var/folders/hp/q9psfx3j2l58mrp6g7d8x8000000gn/T/lenso-release-cohort.r8ncUG/source/crates/lenso-engine)` was not used in the crate graph
warning: patch `lenso-engine-app v0.3.2 (/private/var/folders/hp/q9psfx3j2l58mrp6g7d8x8000000gn/T/lenso-release-cohort.r8ncUG/source/crates/lenso-engine-app)` was not used in the crate graph
warning: patch `lenso-engine-authoring v0.2.4 (/private/var/folders/hp/q9psfx3j2l58mrp6g7d8x8000000gn/T/lenso-release-cohort.r8ncUG/source/crates/lenso-engine-authoring)` was not used in the crate graph
warning: patch `lenso-engine-markdown v0.2.0 (/private/var/folders/hp/q9psfx3j2l58mrp6g7d8x8000000gn/T/lenso-release-cohort.r8ncUG/source/crates/lenso-engine-markdown)` was not used in the crate graph
warning: patch `lenso-engine-runtime v0.2.1 (/private/var/folders/hp/q9psfx3j2l58mrp6g7d8x8000000gn/T/lenso-release-cohort.r8ncUG/source/crates/lenso-engine-runtime)` was not used in the crate graph
warning: patch `lenso-guest-sdk v0.5.1 (/private/var/folders/hp/q9psfx3j2l58mrp6g7d8x8000000gn/T/lenso-release-cohort.r8ncUG/source/crates/lenso-guest-sdk)` was not used in the crate graph
warning: patch `lenso-host-distribution v0.1.24 (/private/var/folders/hp/q9psfx3j2l58mrp6g7d8x8000000gn/T/lenso-release-cohort.r8ncUG/source/crates/lenso-host-distribution)` was not used in the crate graph
warning: patch `lenso-host-runtime v0.1.10 (/private/var/folders/hp/q9psfx3j2l58mrp6g7d8x8000000gn/T/lenso-release-cohort.r8ncUG/source/crates/lenso-host-runtime)` was not used in the crate graph
warning: patch `lenso-http-auth v0.2.5 (/private/var/folders/hp/q9psfx3j2l58mrp6g7d8x8000000gn/T/lenso-release-cohort.r8ncUG/source/crates/lenso-http-auth)` was not used in the crate graph
warning: patch `lenso-http-egress-plugin v0.3.6 (/private/var/folders/hp/q9psfx3j2l58mrp6g7d8x8000000gn/T/lenso-release-cohort.r8ncUG/source/crates/lenso-http-egress-plugin)` was not used in the crate graph
warning: patch `lenso-native-adapter v0.3.19 (/private/var/folders/hp/q9psfx3j2l58mrp6g7d8x8000000gn/T/lenso-release-cohort.r8ncUG/source/crates/lenso-native-adapter)` was not used in the crate graph
warning: patch `lenso-native-adapter-macros v0.2.8 (/private/var/folders/hp/q9psfx3j2l58mrp6g7d8x8000000gn/T/lenso-release-cohort.r8ncUG/source/crates/lenso-native-adapter-macros)` was not used in the crate graph
warning: patch `lenso-openapi-plugin v0.2.6 (/private/var/folders/hp/q9psfx3j2l58mrp6g7d8x8000000gn/T/lenso-release-cohort.r8ncUG/source/crates/lenso-openapi-plugin)` was not used in the crate graph
warning: patch `lenso-plugin-authoring v0.2.0 (/private/var/folders/hp/q9psfx3j2l58mrp6g7d8x8000000gn/T/lenso-release-cohort.r8ncUG/source/crates/lenso-plugin-authoring)` was not used in the crate graph
warning: patch `lenso-plugin-bundle v0.6.1 (/private/var/folders/hp/q9psfx3j2l58mrp6g7d8x8000000gn/T/lenso-release-cohort.r8ncUG/source/crates/lenso-plugin-bundle)` was not used in the crate graph
warning: patch `lenso-plugin-catalog v0.1.2 (/private/var/folders/hp/q9psfx3j2l58mrp6g7d8x8000000gn/T/lenso-release-cohort.r8ncUG/source/crates/lenso-plugin-catalog)` was not used in the crate graph
warning: patch `lenso-plugin-control-plane v0.4.26 (/private/var/folders/hp/q9psfx3j2l58mrp6g7d8x8000000gn/T/lenso-release-cohort.r8ncUG/source/crates/lenso-plugin-control-plane)` was not used in the crate graph
warning: patch `lenso-plugin-sdk v0.4.6 (/private/var/folders/hp/q9psfx3j2l58mrp6g7d8x8000000gn/T/lenso-release-cohort.r8ncUG/source/crates/lenso-plugin-sdk)` was not used in the crate graph
warning: patch `lenso-plugin-sdk-macros v0.1.0 (/private/var/folders/hp/q9psfx3j2l58mrp6g7d8x8000000gn/T/lenso-release-cohort.r8ncUG/source/crates/lenso-plugin-sdk-macros)` was not used in the crate graph
warning: patch `lenso-process-adapter v0.3.15 (/private/var/folders/hp/q9psfx3j2l58mrp6g7d8x8000000gn/T/lenso-release-cohort.r8ncUG/source/crates/lenso-process-adapter)` was not used in the crate graph
warning: patch `lenso-process-protocol v0.2.3 (/private/var/folders/hp/q9psfx3j2l58mrp6g7d8x8000000gn/T/lenso-release-cohort.r8ncUG/source/crates/lenso-process-protocol)` was not used in the crate graph
warning: patch `lenso-process-sdk v0.2.0 (/private/var/folders/hp/q9psfx3j2l58mrp6g7d8x8000000gn/T/lenso-release-cohort.r8ncUG/source/crates/lenso-process-sdk)` was not used in the crate graph
warning: patch `lenso-quickjs-adapter v0.2.11 (/private/var/folders/hp/q9psfx3j2l58mrp6g7d8x8000000gn/T/lenso-release-cohort.r8ncUG/source/crates/lenso-quickjs-adapter)` was not used in the crate graph
warning: patch `lenso-runner v0.2.20 (/private/var/folders/hp/q9psfx3j2l58mrp6g7d8x8000000gn/T/lenso-release-cohort.r8ncUG/source/crates/lenso-runner)` was not used in the crate graph
warning: patch `lenso-runtime-conformance v0.3.10 (/private/var/folders/hp/q9psfx3j2l58mrp6g7d8x8000000gn/T/lenso-release-cohort.r8ncUG/source/crates/lenso-runtime-conformance)` was not used in the crate graph
warning: patch `lenso-test v0.1.3 (/private/var/folders/hp/q9psfx3j2l58mrp6g7d8x8000000gn/T/lenso-release-cohort.r8ncUG/source/crates/lenso-test)` was not used in the crate graph
warning: patch `lenso-wasm-component-adapter v0.2.18 (/private/var/folders/hp/q9psfx3j2l58mrp6g7d8x8000000gn/T/lenso-release-cohort.r8ncUG/source/crates/lenso-wasm-component-adapter)` was not used in the crate graph
warning: patch `lenso-web-host v0.2.5 (/private/var/folders/hp/q9psfx3j2l58mrp6g7d8x8000000gn/T/lenso-release-cohort.r8ncUG/source/crates/lenso-web-host)` was not used in the crate graph
warning: patch `lenso-web-ingress-plugin v0.4.10 (/private/var/folders/hp/q9psfx3j2l58mrp6g7d8x8000000gn/T/lenso-release-cohort.r8ncUG/source/crates/lenso-web-ingress-plugin)` was not used in the crate graph
warning: patch `lenso-workers-driver v0.1.2 (/private/var/folders/hp/q9psfx3j2l58mrp6g7d8x8000000gn/T/lenso-release-cohort.r8ncUG/source/crates/lenso-workers-driver)` was not used in the crate graph
help: Check that the patched package version and available features are compatible
      with the dependency requirements. If the patch has a different version from
      what is locked in the Cargo.lock file, run `cargo update` to use the new
      version. This may also occur with an optional dependency that is not enabled.
    Packaged 6 files, 125.8KiB (28.9KiB compressed)
   Packaging lenso-runner v0.2.20 (/private/var/folders/hp/q9psfx3j2l58mrp6g7d8x8000000gn/T/lenso-release-cohort.r8ncUG/source/crates/lenso-runner)
warning: patch `lenso v0.5.28 (/private/var/folders/hp/q9psfx3j2l58mrp6g7d8x8000000gn/T/lenso-release-cohort.r8ncUG/source/crates/lenso)` was not used in the crate graph
warning: patch `lenso-agent-tool-cli-plugin v0.1.1 (/private/var/folders/hp/q9psfx3j2l58mrp6g7d8x8000000gn/T/lenso-release-cohort.r8ncUG/source/crates/lenso-agent-tool-cli-plugin)` was not used in the crate graph
warning: patch `lenso-browser-driver v0.1.10 (/private/var/folders/hp/q9psfx3j2l58mrp6g7d8x8000000gn/T/lenso-release-cohort.r8ncUG/source/crates/lenso-browser-driver)` was not used in the crate graph
warning: patch `lenso-bun-adapter v0.1.17 (/private/var/folders/hp/q9psfx3j2l58mrp6g7d8x8000000gn/T/lenso-release-cohort.r8ncUG/source/crates/lenso-bun-adapter)` was not used in the crate graph
warning: patch `lenso-capability-configuration-source v0.1.1 (/private/var/folders/hp/q9psfx3j2l58mrp6g7d8x8000000gn/T/lenso-release-cohort.r8ncUG/source/crates/lenso-capability-configuration-source)` was not used in the crate graph
warning: patch `lenso-capability-http-client v0.3.3 (/private/var/folders/hp/q9psfx3j2l58mrp6g7d8x8000000gn/T/lenso-release-cohort.r8ncUG/source/crates/lenso-capability-http-client)` was not used in the crate graph
warning: patch `lenso-capability-http-endpoint v0.3.6 (/private/var/folders/hp/q9psfx3j2l58mrp6g7d8x8000000gn/T/lenso-release-cohort.r8ncUG/source/crates/lenso-capability-http-endpoint)` was not used in the crate graph
warning: patch `lenso-capability-http-endpoint-macros v0.1.5 (/private/var/folders/hp/q9psfx3j2l58mrp6g7d8x8000000gn/T/lenso-release-cohort.r8ncUG/source/crates/lenso-capability-http-endpoint-macros)` was not used in the crate graph
warning: patch `lenso-capability-http-stream-endpoint v0.1.3 (/private/var/folders/hp/q9psfx3j2l58mrp6g7d8x8000000gn/T/lenso-release-cohort.r8ncUG/source/crates/lenso-capability-http-stream-endpoint)` was not used in the crate graph
warning: patch `lenso-capability-websocket-endpoint v0.1.3 (/private/var/folders/hp/q9psfx3j2l58mrp6g7d8x8000000gn/T/lenso-release-cohort.r8ncUG/source/crates/lenso-capability-websocket-endpoint)` was not used in the crate graph
warning: patch `lenso-cli v0.6.5 (/private/var/folders/hp/q9psfx3j2l58mrp6g7d8x8000000gn/T/lenso-release-cohort.r8ncUG/source/crates/lenso-cli)` was not used in the crate graph
warning: patch `lenso-contract-authoring v0.1.2 (/private/var/folders/hp/q9psfx3j2l58mrp6g7d8x8000000gn/T/lenso-release-cohort.r8ncUG/source/crates/lenso-contract-authoring)` was not used in the crate graph
warning: patch `lenso-contract-authoring-macros v0.1.1 (/private/var/folders/hp/q9psfx3j2l58mrp6g7d8x8000000gn/T/lenso-release-cohort.r8ncUG/source/crates/lenso-contract-authoring-macros)` was not used in the crate graph
warning: patch `lenso-contract-codegen v0.10.1 (/private/var/folders/hp/q9psfx3j2l58mrp6g7d8x8000000gn/T/lenso-release-cohort.r8ncUG/source/crates/lenso-contract-codegen)` was not used in the crate graph
warning: patch `lenso-contract-runtime v0.2.0 (/private/var/folders/hp/q9psfx3j2l58mrp6g7d8x8000000gn/T/lenso-release-cohort.r8ncUG/source/crates/lenso-contract-runtime)` was not used in the crate graph
warning: patch `lenso-dylib-adapter v0.2.11 (/private/var/folders/hp/q9psfx3j2l58mrp6g7d8x8000000gn/T/lenso-release-cohort.r8ncUG/source/crates/lenso-dylib-adapter)` was not used in the crate graph
warning: patch `lenso-engine v0.2.0 (/private/var/folders/hp/q9psfx3j2l58mrp6g7d8x8000000gn/T/lenso-release-cohort.r8ncUG/source/crates/lenso-engine)` was not used in the crate graph
warning: patch `lenso-engine-app v0.3.2 (/private/var/folders/hp/q9psfx3j2l58mrp6g7d8x8000000gn/T/lenso-release-cohort.r8ncUG/source/crates/lenso-engine-app)` was not used in the crate graph
warning: patch `lenso-engine-authoring v0.2.4 (/private/var/folders/hp/q9psfx3j2l58mrp6g7d8x8000000gn/T/lenso-release-cohort.r8ncUG/source/crates/lenso-engine-authoring)` was not used in the crate graph
warning: patch `lenso-engine-markdown v0.2.0 (/private/var/folders/hp/q9psfx3j2l58mrp6g7d8x8000000gn/T/lenso-release-cohort.r8ncUG/source/crates/lenso-engine-markdown)` was not used in the crate graph
warning: patch `lenso-engine-runtime v0.2.1 (/private/var/folders/hp/q9psfx3j2l58mrp6g7d8x8000000gn/T/lenso-release-cohort.r8ncUG/source/crates/lenso-engine-runtime)` was not used in the crate graph
warning: patch `lenso-guest-sdk v0.5.1 (/private/var/folders/hp/q9psfx3j2l58mrp6g7d8x8000000gn/T/lenso-release-cohort.r8ncUG/source/crates/lenso-guest-sdk)` was not used in the crate graph
warning: patch `lenso-host-distribution v0.1.24 (/private/var/folders/hp/q9psfx3j2l58mrp6g7d8x8000000gn/T/lenso-release-cohort.r8ncUG/source/crates/lenso-host-distribution)` was not used in the crate graph
warning: patch `lenso-host-runtime v0.1.10 (/private/var/folders/hp/q9psfx3j2l58mrp6g7d8x8000000gn/T/lenso-release-cohort.r8ncUG/source/crates/lenso-host-runtime)` was not used in the crate graph
warning: patch `lenso-http-auth v0.2.5 (/private/var/folders/hp/q9psfx3j2l58mrp6g7d8x8000000gn/T/lenso-release-cohort.r8ncUG/source/crates/lenso-http-auth)` was not used in the crate graph
warning: patch `lenso-http-egress-plugin v0.3.6 (/private/var/folders/hp/q9psfx3j2l58mrp6g7d8x8000000gn/T/lenso-release-cohort.r8ncUG/source/crates/lenso-http-egress-plugin)` was not used in the crate graph
warning: patch `lenso-openapi-plugin v0.2.6 (/private/var/folders/hp/q9psfx3j2l58mrp6g7d8x8000000gn/T/lenso-release-cohort.r8ncUG/source/crates/lenso-openapi-plugin)` was not used in the crate graph
warning: patch `lenso-plugin-bundle v0.6.1 (/private/var/folders/hp/q9psfx3j2l58mrp6g7d8x8000000gn/T/lenso-release-cohort.r8ncUG/source/crates/lenso-plugin-bundle)` was not used in the crate graph
warning: patch `lenso-plugin-catalog v0.1.2 (/private/var/folders/hp/q9psfx3j2l58mrp6g7d8x8000000gn/T/lenso-release-cohort.r8ncUG/source/crates/lenso-plugin-catalog)` was not used in the crate graph
warning: patch `lenso-plugin-control-plane v0.4.26 (/private/var/folders/hp/q9psfx3j2l58mrp6g7d8x8000000gn/T/lenso-release-cohort.r8ncUG/source/crates/lenso-plugin-control-plane)` was not used in the crate graph
warning: patch `lenso-plugin-sdk v0.4.6 (/private/var/folders/hp/q9psfx3j2l58mrp6g7d8x8000000gn/T/lenso-release-cohort.r8ncUG/source/crates/lenso-plugin-sdk)` was not used in the crate graph
warning: patch `lenso-plugin-sdk-macros v0.1.0 (/private/var/folders/hp/q9psfx3j2l58mrp6g7d8x8000000gn/T/lenso-release-cohort.r8ncUG/source/crates/lenso-plugin-sdk-macros)` was not used in the crate graph
warning: patch `lenso-process-adapter v0.3.15 (/private/var/folders/hp/q9psfx3j2l58mrp6g7d8x8000000gn/T/lenso-release-cohort.r8ncUG/source/crates/lenso-process-adapter)` was not used in the crate graph
warning: patch `lenso-process-protocol v0.2.3 (/private/var/folders/hp/q9psfx3j2l58mrp6g7d8x8000000gn/T/lenso-release-cohort.r8ncUG/source/crates/lenso-process-protocol)` was not used in the crate graph
warning: patch `lenso-process-sdk v0.2.0 (/private/var/folders/hp/q9psfx3j2l58mrp6g7d8x8000000gn/T/lenso-release-cohort.r8ncUG/source/crates/lenso-process-sdk)` was not used in the crate graph
warning: patch `lenso-quickjs-adapter v0.2.11 (/private/var/folders/hp/q9psfx3j2l58mrp6g7d8x8000000gn/T/lenso-release-cohort.r8ncUG/source/crates/lenso-quickjs-adapter)` was not used in the crate graph
warning: patch `lenso-remote-adapter v0.1.10 (/private/var/folders/hp/q9psfx3j2l58mrp6g7d8x8000000gn/T/lenso-release-cohort.r8ncUG/source/crates/lenso-remote-adapter)` was not used in the crate graph
warning: patch `lenso-test v0.1.3 (/private/var/folders/hp/q9psfx3j2l58mrp6g7d8x8000000gn/T/lenso-release-cohort.r8ncUG/source/crates/lenso-test)` was not used in the crate graph
warning: patch `lenso-wasm-component-adapter v0.2.18 (/private/var/folders/hp/q9psfx3j2l58mrp6g7d8x8000000gn/T/lenso-release-cohort.r8ncUG/source/crates/lenso-wasm-component-adapter)` was not used in the crate graph
warning: patch `lenso-web-host v0.2.5 (/private/var/folders/hp/q9psfx3j2l58mrp6g7d8x8000000gn/T/lenso-release-cohort.r8ncUG/source/crates/lenso-web-host)` was not used in the crate graph
warning: patch `lenso-web-ingress-plugin v0.4.10 (/private/var/folders/hp/q9psfx3j2l58mrp6g7d8x8000000gn/T/lenso-release-cohort.r8ncUG/source/crates/lenso-web-ingress-plugin)` was not used in the crate graph
warning: patch `lenso-workers-driver v0.1.2 (/private/var/folders/hp/q9psfx3j2l58mrp6g7d8x8000000gn/T/lenso-release-cohort.r8ncUG/source/crates/lenso-workers-driver)` was not used in the crate graph
help: Check that the patched package version and available features are compatible
      with the dependency requirements. If the patch has a different version from
      what is locked in the Cargo.lock file, run `cargo update` to use the new
      version. This may also occur with an optional dependency that is not enabled.
    Packaged 27 files, 266.0KiB (52.3KiB compressed)
   Packaging lenso-test v0.1.3 (/private/var/folders/hp/q9psfx3j2l58mrp6g7d8x8000000gn/T/lenso-release-cohort.r8ncUG/source/crates/lenso-test)
warning: patch `lenso v0.5.28 (/private/var/folders/hp/q9psfx3j2l58mrp6g7d8x8000000gn/T/lenso-release-cohort.r8ncUG/source/crates/lenso)` was not used in the crate graph
warning: patch `lenso-agent-tool-cli-plugin v0.1.1 (/private/var/folders/hp/q9psfx3j2l58mrp6g7d8x8000000gn/T/lenso-release-cohort.r8ncUG/source/crates/lenso-agent-tool-cli-plugin)` was not used in the crate graph
warning: patch `lenso-browser-driver v0.1.10 (/private/var/folders/hp/q9psfx3j2l58mrp6g7d8x8000000gn/T/lenso-release-cohort.r8ncUG/source/crates/lenso-browser-driver)` was not used in the crate graph
warning: patch `lenso-bun-adapter v0.1.17 (/private/var/folders/hp/q9psfx3j2l58mrp6g7d8x8000000gn/T/lenso-release-cohort.r8ncUG/source/crates/lenso-bun-adapter)` was not used in the crate graph
warning: patch `lenso-capability-configuration-source v0.1.1 (/private/var/folders/hp/q9psfx3j2l58mrp6g7d8x8000000gn/T/lenso-release-cohort.r8ncUG/source/crates/lenso-capability-configuration-source)` was not used in the crate graph
warning: patch `lenso-capability-http-client v0.3.3 (/private/var/folders/hp/q9psfx3j2l58mrp6g7d8x8000000gn/T/lenso-release-cohort.r8ncUG/source/crates/lenso-capability-http-client)` was not used in the crate graph
warning: patch `lenso-capability-http-endpoint v0.3.6 (/private/var/folders/hp/q9psfx3j2l58mrp6g7d8x8000000gn/T/lenso-release-cohort.r8ncUG/source/crates/lenso-capability-http-endpoint)` was not used in the crate graph
warning: patch `lenso-capability-http-endpoint-macros v0.1.5 (/private/var/folders/hp/q9psfx3j2l58mrp6g7d8x8000000gn/T/lenso-release-cohort.r8ncUG/source/crates/lenso-capability-http-endpoint-macros)` was not used in the crate graph
warning: patch `lenso-capability-http-stream-endpoint v0.1.3 (/private/var/folders/hp/q9psfx3j2l58mrp6g7d8x8000000gn/T/lenso-release-cohort.r8ncUG/source/crates/lenso-capability-http-stream-endpoint)` was not used in the crate graph
warning: patch `lenso-capability-websocket-endpoint v0.1.3 (/private/var/folders/hp/q9psfx3j2l58mrp6g7d8x8000000gn/T/lenso-release-cohort.r8ncUG/source/crates/lenso-capability-websocket-endpoint)` was not used in the crate graph
warning: patch `lenso-cli v0.6.5 (/private/var/folders/hp/q9psfx3j2l58mrp6g7d8x8000000gn/T/lenso-release-cohort.r8ncUG/source/crates/lenso-cli)` was not used in the crate graph
warning: patch `lenso-contract-authoring v0.1.2 (/private/var/folders/hp/q9psfx3j2l58mrp6g7d8x8000000gn/T/lenso-release-cohort.r8ncUG/source/crates/lenso-contract-authoring)` was not used in the crate graph
warning: patch `lenso-contract-authoring-macros v0.1.1 (/private/var/folders/hp/q9psfx3j2l58mrp6g7d8x8000000gn/T/lenso-release-cohort.r8ncUG/source/crates/lenso-contract-authoring-macros)` was not used in the crate graph
warning: patch `lenso-contract-codegen v0.10.1 (/private/var/folders/hp/q9psfx3j2l58mrp6g7d8x8000000gn/T/lenso-release-cohort.r8ncUG/source/crates/lenso-contract-codegen)` was not used in the crate graph
warning: patch `lenso-contract-runtime v0.2.0 (/private/var/folders/hp/q9psfx3j2l58mrp6g7d8x8000000gn/T/lenso-release-cohort.r8ncUG/source/crates/lenso-contract-runtime)` was not used in the crate graph
warning: patch `lenso-dylib-adapter v0.2.11 (/private/var/folders/hp/q9psfx3j2l58mrp6g7d8x8000000gn/T/lenso-release-cohort.r8ncUG/source/crates/lenso-dylib-adapter)` was not used in the crate graph
warning: patch `lenso-engine v0.2.0 (/private/var/folders/hp/q9psfx3j2l58mrp6g7d8x8000000gn/T/lenso-release-cohort.r8ncUG/source/crates/lenso-engine)` was not used in the crate graph
warning: patch `lenso-engine-app v0.3.2 (/private/var/folders/hp/q9psfx3j2l58mrp6g7d8x8000000gn/T/lenso-release-cohort.r8ncUG/source/crates/lenso-engine-app)` was not used in the crate graph
warning: patch `lenso-engine-authoring v0.2.4 (/private/var/folders/hp/q9psfx3j2l58mrp6g7d8x8000000gn/T/lenso-release-cohort.r8ncUG/source/crates/lenso-engine-authoring)` was not used in the crate graph
warning: patch `lenso-engine-markdown v0.2.0 (/private/var/folders/hp/q9psfx3j2l58mrp6g7d8x8000000gn/T/lenso-release-cohort.r8ncUG/source/crates/lenso-engine-markdown)` was not used in the crate graph
warning: patch `lenso-engine-runtime v0.2.1 (/private/var/folders/hp/q9psfx3j2l58mrp6g7d8x8000000gn/T/lenso-release-cohort.r8ncUG/source/crates/lenso-engine-runtime)` was not used in the crate graph
warning: patch `lenso-guest-sdk v0.5.1 (/private/var/folders/hp/q9psfx3j2l58mrp6g7d8x8000000gn/T/lenso-release-cohort.r8ncUG/source/crates/lenso-guest-sdk)` was not used in the crate graph
warning: patch `lenso-host-distribution v0.1.24 (/private/var/folders/hp/q9psfx3j2l58mrp6g7d8x8000000gn/T/lenso-release-cohort.r8ncUG/source/crates/lenso-host-distribution)` was not used in the crate graph
warning: patch `lenso-host-runtime v0.1.10 (/private/var/folders/hp/q9psfx3j2l58mrp6g7d8x8000000gn/T/lenso-release-cohort.r8ncUG/source/crates/lenso-host-runtime)` was not used in the crate graph
warning: patch `lenso-http-auth v0.2.5 (/private/var/folders/hp/q9psfx3j2l58mrp6g7d8x8000000gn/T/lenso-release-cohort.r8ncUG/source/crates/lenso-http-auth)` was not used in the crate graph
warning: patch `lenso-http-egress-plugin v0.3.6 (/private/var/folders/hp/q9psfx3j2l58mrp6g7d8x8000000gn/T/lenso-release-cohort.r8ncUG/source/crates/lenso-http-egress-plugin)` was not used in the crate graph
warning: patch `lenso-openapi-plugin v0.2.6 (/private/var/folders/hp/q9psfx3j2l58mrp6g7d8x8000000gn/T/lenso-release-cohort.r8ncUG/source/crates/lenso-openapi-plugin)` was not used in the crate graph
warning: patch `lenso-plugin-bundle v0.6.1 (/private/var/folders/hp/q9psfx3j2l58mrp6g7d8x8000000gn/T/lenso-release-cohort.r8ncUG/source/crates/lenso-plugin-bundle)` was not used in the crate graph
warning: patch `lenso-plugin-catalog v0.1.2 (/private/var/folders/hp/q9psfx3j2l58mrp6g7d8x8000000gn/T/lenso-release-cohort.r8ncUG/source/crates/lenso-plugin-catalog)` was not used in the crate graph
warning: patch `lenso-plugin-control-plane v0.4.26 (/private/var/folders/hp/q9psfx3j2l58mrp6g7d8x8000000gn/T/lenso-release-cohort.r8ncUG/source/crates/lenso-plugin-control-plane)` was not used in the crate graph
warning: patch `lenso-plugin-sdk v0.4.6 (/private/var/folders/hp/q9psfx3j2l58mrp6g7d8x8000000gn/T/lenso-release-cohort.r8ncUG/source/crates/lenso-plugin-sdk)` was not used in the crate graph
warning: patch `lenso-plugin-sdk-macros v0.1.0 (/private/var/folders/hp/q9psfx3j2l58mrp6g7d8x8000000gn/T/lenso-release-cohort.r8ncUG/source/crates/lenso-plugin-sdk-macros)` was not used in the crate graph
warning: patch `lenso-process-adapter v0.3.15 (/private/var/folders/hp/q9psfx3j2l58mrp6g7d8x8000000gn/T/lenso-release-cohort.r8ncUG/source/crates/lenso-process-adapter)` was not used in the crate graph
warning: patch `lenso-process-protocol v0.2.3 (/private/var/folders/hp/q9psfx3j2l58mrp6g7d8x8000000gn/T/lenso-release-cohort.r8ncUG/source/crates/lenso-process-protocol)` was not used in the crate graph
warning: patch `lenso-process-sdk v0.2.0 (/private/var/folders/hp/q9psfx3j2l58mrp6g7d8x8000000gn/T/lenso-release-cohort.r8ncUG/source/crates/lenso-process-sdk)` was not used in the crate graph
warning: patch `lenso-quickjs-adapter v0.2.11 (/private/var/folders/hp/q9psfx3j2l58mrp6g7d8x8000000gn/T/lenso-release-cohort.r8ncUG/source/crates/lenso-quickjs-adapter)` was not used in the crate graph
warning: patch `lenso-remote-adapter v0.1.10 (/private/var/folders/hp/q9psfx3j2l58mrp6g7d8x8000000gn/T/lenso-release-cohort.r8ncUG/source/crates/lenso-remote-adapter)` was not used in the crate graph
warning: patch `lenso-runner v0.2.20 (/private/var/folders/hp/q9psfx3j2l58mrp6g7d8x8000000gn/T/lenso-release-cohort.r8ncUG/source/crates/lenso-runner)` was not used in the crate graph
warning: patch `lenso-runtime-conformance v0.3.10 (/private/var/folders/hp/q9psfx3j2l58mrp6g7d8x8000000gn/T/lenso-release-cohort.r8ncUG/source/crates/lenso-runtime-conformance)` was not used in the crate graph
warning: patch `lenso-wasm-component-adapter v0.2.18 (/private/var/folders/hp/q9psfx3j2l58mrp6g7d8x8000000gn/T/lenso-release-cohort.r8ncUG/source/crates/lenso-wasm-component-adapter)` was not used in the crate graph
warning: patch `lenso-web-host v0.2.5 (/private/var/folders/hp/q9psfx3j2l58mrp6g7d8x8000000gn/T/lenso-release-cohort.r8ncUG/source/crates/lenso-web-host)` was not used in the crate graph
warning: patch `lenso-web-ingress-plugin v0.4.10 (/private/var/folders/hp/q9psfx3j2l58mrp6g7d8x8000000gn/T/lenso-release-cohort.r8ncUG/source/crates/lenso-web-ingress-plugin)` was not used in the crate graph
warning: patch `lenso-workers-driver v0.1.2 (/private/var/folders/hp/q9psfx3j2l58mrp6g7d8x8000000gn/T/lenso-release-cohort.r8ncUG/source/crates/lenso-workers-driver)` was not used in the crate graph
help: Check that the patched package version and available features are compatible
      with the dependency requirements. If the patch has a different version from
      what is locked in the Cargo.lock file, run `cargo update` to use the new
      version. This may also occur with an optional dependency that is not enabled.
    Packaged 9 files, 64.4KiB (16.1KiB compressed)
   Packaging lenso-bun-adapter v0.1.17 (/private/var/folders/hp/q9psfx3j2l58mrp6g7d8x8000000gn/T/lenso-release-cohort.r8ncUG/source/crates/lenso-bun-adapter)
warning: patch `lenso v0.5.28 (/private/var/folders/hp/q9psfx3j2l58mrp6g7d8x8000000gn/T/lenso-release-cohort.r8ncUG/source/crates/lenso)` was not used in the crate graph
warning: patch `lenso-agent-tool-cli-plugin v0.1.1 (/private/var/folders/hp/q9psfx3j2l58mrp6g7d8x8000000gn/T/lenso-release-cohort.r8ncUG/source/crates/lenso-agent-tool-cli-plugin)` was not used in the crate graph
warning: patch `lenso-browser-driver v0.1.10 (/private/var/folders/hp/q9psfx3j2l58mrp6g7d8x8000000gn/T/lenso-release-cohort.r8ncUG/source/crates/lenso-browser-driver)` was not used in the crate graph
warning: patch `lenso-capability-configuration-source v0.1.1 (/private/var/folders/hp/q9psfx3j2l58mrp6g7d8x8000000gn/T/lenso-release-cohort.r8ncUG/source/crates/lenso-capability-configuration-source)` was not used in the crate graph
warning: patch `lenso-capability-http-client v0.3.3 (/private/var/folders/hp/q9psfx3j2l58mrp6g7d8x8000000gn/T/lenso-release-cohort.r8ncUG/source/crates/lenso-capability-http-client)` was not used in the crate graph
warning: patch `lenso-capability-http-endpoint v0.3.6 (/private/var/folders/hp/q9psfx3j2l58mrp6g7d8x8000000gn/T/lenso-release-cohort.r8ncUG/source/crates/lenso-capability-http-endpoint)` was not used in the crate graph
warning: patch `lenso-capability-http-endpoint-macros v0.1.5 (/private/var/folders/hp/q9psfx3j2l58mrp6g7d8x8000000gn/T/lenso-release-cohort.r8ncUG/source/crates/lenso-capability-http-endpoint-macros)` was not used in the crate graph
warning: patch `lenso-capability-http-stream-endpoint v0.1.3 (/private/var/folders/hp/q9psfx3j2l58mrp6g7d8x8000000gn/T/lenso-release-cohort.r8ncUG/source/crates/lenso-capability-http-stream-endpoint)` was not used in the crate graph
warning: patch `lenso-capability-websocket-endpoint v0.1.3 (/private/var/folders/hp/q9psfx3j2l58mrp6g7d8x8000000gn/T/lenso-release-cohort.r8ncUG/source/crates/lenso-capability-websocket-endpoint)` was not used in the crate graph
warning: patch `lenso-cli v0.6.5 (/private/var/folders/hp/q9psfx3j2l58mrp6g7d8x8000000gn/T/lenso-release-cohort.r8ncUG/source/crates/lenso-cli)` was not used in the crate graph
warning: patch `lenso-contract-authoring v0.1.2 (/private/var/folders/hp/q9psfx3j2l58mrp6g7d8x8000000gn/T/lenso-release-cohort.r8ncUG/source/crates/lenso-contract-authoring)` was not used in the crate graph
warning: patch `lenso-contract-authoring-macros v0.1.1 (/private/var/folders/hp/q9psfx3j2l58mrp6g7d8x8000000gn/T/lenso-release-cohort.r8ncUG/source/crates/lenso-contract-authoring-macros)` was not used in the crate graph
warning: patch `lenso-contract-codegen v0.10.1 (/private/var/folders/hp/q9psfx3j2l58mrp6g7d8x8000000gn/T/lenso-release-cohort.r8ncUG/source/crates/lenso-contract-codegen)` was not used in the crate graph
warning: patch `lenso-contract-runtime v0.2.0 (/private/var/folders/hp/q9psfx3j2l58mrp6g7d8x8000000gn/T/lenso-release-cohort.r8ncUG/source/crates/lenso-contract-runtime)` was not used in the crate graph
warning: patch `lenso-dylib-adapter v0.2.11 (/private/var/folders/hp/q9psfx3j2l58mrp6g7d8x8000000gn/T/lenso-release-cohort.r8ncUG/source/crates/lenso-dylib-adapter)` was not used in the crate graph
warning: patch `lenso-engine v0.2.0 (/private/var/folders/hp/q9psfx3j2l58mrp6g7d8x8000000gn/T/lenso-release-cohort.r8ncUG/source/crates/lenso-engine)` was not used in the crate graph
warning: patch `lenso-engine-app v0.3.2 (/private/var/folders/hp/q9psfx3j2l58mrp6g7d8x8000000gn/T/lenso-release-cohort.r8ncUG/source/crates/lenso-engine-app)` was not used in the crate graph
warning: patch `lenso-engine-authoring v0.2.4 (/private/var/folders/hp/q9psfx3j2l58mrp6g7d8x8000000gn/T/lenso-release-cohort.r8ncUG/source/crates/lenso-engine-authoring)` was not used in the crate graph
warning: patch `lenso-engine-markdown v0.2.0 (/private/var/folders/hp/q9psfx3j2l58mrp6g7d8x8000000gn/T/lenso-release-cohort.r8ncUG/source/crates/lenso-engine-markdown)` was not used in the crate graph
warning: patch `lenso-engine-runtime v0.2.1 (/private/var/folders/hp/q9psfx3j2l58mrp6g7d8x8000000gn/T/lenso-release-cohort.r8ncUG/source/crates/lenso-engine-runtime)` was not used in the crate graph
warning: patch `lenso-guest-sdk v0.5.1 (/private/var/folders/hp/q9psfx3j2l58mrp6g7d8x8000000gn/T/lenso-release-cohort.r8ncUG/source/crates/lenso-guest-sdk)` was not used in the crate graph
warning: patch `lenso-host-distribution v0.1.24 (/private/var/folders/hp/q9psfx3j2l58mrp6g7d8x8000000gn/T/lenso-release-cohort.r8ncUG/source/crates/lenso-host-distribution)` was not used in the crate graph
warning: patch `lenso-host-runtime v0.1.10 (/private/var/folders/hp/q9psfx3j2l58mrp6g7d8x8000000gn/T/lenso-release-cohort.r8ncUG/source/crates/lenso-host-runtime)` was not used in the crate graph
warning: patch `lenso-http-auth v0.2.5 (/private/var/folders/hp/q9psfx3j2l58mrp6g7d8x8000000gn/T/lenso-release-cohort.r8ncUG/source/crates/lenso-http-auth)` was not used in the crate graph
warning: patch `lenso-http-egress-plugin v0.3.6 (/private/var/folders/hp/q9psfx3j2l58mrp6g7d8x8000000gn/T/lenso-release-cohort.r8ncUG/source/crates/lenso-http-egress-plugin)` was not used in the crate graph
warning: patch `lenso-openapi-plugin v0.2.6 (/private/var/folders/hp/q9psfx3j2l58mrp6g7d8x8000000gn/T/lenso-release-cohort.r8ncUG/source/crates/lenso-openapi-plugin)` was not used in the crate graph
warning: patch `lenso-plugin-catalog v0.1.2 (/private/var/folders/hp/q9psfx3j2l58mrp6g7d8x8000000gn/T/lenso-release-cohort.r8ncUG/source/crates/lenso-plugin-catalog)` was not used in the crate graph
warning: patch `lenso-plugin-control-plane v0.4.26 (/private/var/folders/hp/q9psfx3j2l58mrp6g7d8x8000000gn/T/lenso-release-cohort.r8ncUG/source/crates/lenso-plugin-control-plane)` was not used in the crate graph
warning: patch `lenso-plugin-sdk v0.4.6 (/private/var/folders/hp/q9psfx3j2l58mrp6g7d8x8000000gn/T/lenso-release-cohort.r8ncUG/source/crates/lenso-plugin-sdk)` was not used in the crate graph
warning: patch `lenso-plugin-sdk-macros v0.1.0 (/private/var/folders/hp/q9psfx3j2l58mrp6g7d8x8000000gn/T/lenso-release-cohort.r8ncUG/source/crates/lenso-plugin-sdk-macros)` was not used in the crate graph
warning: patch `lenso-quickjs-adapter v0.2.11 (/private/var/folders/hp/q9psfx3j2l58mrp6g7d8x8000000gn/T/lenso-release-cohort.r8ncUG/source/crates/lenso-quickjs-adapter)` was not used in the crate graph
warning: patch `lenso-remote-adapter v0.1.10 (/private/var/folders/hp/q9psfx3j2l58mrp6g7d8x8000000gn/T/lenso-release-cohort.r8ncUG/source/crates/lenso-remote-adapter)` was not used in the crate graph
warning: patch `lenso-runner v0.2.20 (/private/var/folders/hp/q9psfx3j2l58mrp6g7d8x8000000gn/T/lenso-release-cohort.r8ncUG/source/crates/lenso-runner)` was not used in the crate graph
warning: patch `lenso-runtime-conformance v0.3.10 (/private/var/folders/hp/q9psfx3j2l58mrp6g7d8x8000000gn/T/lenso-release-cohort.r8ncUG/source/crates/lenso-runtime-conformance)` was not used in the crate graph
warning: patch `lenso-test v0.1.3 (/private/var/folders/hp/q9psfx3j2l58mrp6g7d8x8000000gn/T/lenso-release-cohort.r8ncUG/source/crates/lenso-test)` was not used in the crate graph
warning: patch `lenso-wasm-component-adapter v0.2.18 (/private/var/folders/hp/q9psfx3j2l58mrp6g7d8x8000000gn/T/lenso-release-cohort.r8ncUG/source/crates/lenso-wasm-component-adapter)` was not used in the crate graph
warning: patch `lenso-web-host v0.2.5 (/private/var/folders/hp/q9psfx3j2l58mrp6g7d8x8000000gn/T/lenso-release-cohort.r8ncUG/source/crates/lenso-web-host)` was not used in the crate graph
warning: patch `lenso-web-ingress-plugin v0.4.10 (/private/var/folders/hp/q9psfx3j2l58mrp6g7d8x8000000gn/T/lenso-release-cohort.r8ncUG/source/crates/lenso-web-ingress-plugin)` was not used in the crate graph
warning: patch `lenso-workers-driver v0.1.2 (/private/var/folders/hp/q9psfx3j2l58mrp6g7d8x8000000gn/T/lenso-release-cohort.r8ncUG/source/crates/lenso-workers-driver)` was not used in the crate graph
help: Check that the patched package version and available features are compatible
      with the dependency requirements. If the patch has a different version from
      what is locked in the Cargo.lock file, run `cargo update` to use the new
      version. This may also occur with an optional dependency that is not enabled.
    Packaged 27 files, 673.9KiB (119.2KiB compressed)
   Packaging lenso-capability-configuration-source v0.1.1 (/private/var/folders/hp/q9psfx3j2l58mrp6g7d8x8000000gn/T/lenso-release-cohort.r8ncUG/source/crates/lenso-capability-configuration-source)
warning: patch `lenso v0.5.28 (/private/var/folders/hp/q9psfx3j2l58mrp6g7d8x8000000gn/T/lenso-release-cohort.r8ncUG/source/crates/lenso)` was not used in the crate graph
warning: patch `lenso-agent-tool-cli-plugin v0.1.1 (/private/var/folders/hp/q9psfx3j2l58mrp6g7d8x8000000gn/T/lenso-release-cohort.r8ncUG/source/crates/lenso-agent-tool-cli-plugin)` was not used in the crate graph
warning: patch `lenso-browser-driver v0.1.10 (/private/var/folders/hp/q9psfx3j2l58mrp6g7d8x8000000gn/T/lenso-release-cohort.r8ncUG/source/crates/lenso-browser-driver)` was not used in the crate graph
warning: patch `lenso-bun-adapter v0.1.17 (/private/var/folders/hp/q9psfx3j2l58mrp6g7d8x8000000gn/T/lenso-release-cohort.r8ncUG/source/crates/lenso-bun-adapter)` was not used in the crate graph
warning: patch `lenso-capability-http-client v0.3.3 (/private/var/folders/hp/q9psfx3j2l58mrp6g7d8x8000000gn/T/lenso-release-cohort.r8ncUG/source/crates/lenso-capability-http-client)` was not used in the crate graph
warning: patch `lenso-capability-http-endpoint v0.3.6 (/private/var/folders/hp/q9psfx3j2l58mrp6g7d8x8000000gn/T/lenso-release-cohort.r8ncUG/source/crates/lenso-capability-http-endpoint)` was not used in the crate graph
warning: patch `lenso-capability-http-endpoint-macros v0.1.5 (/private/var/folders/hp/q9psfx3j2l58mrp6g7d8x8000000gn/T/lenso-release-cohort.r8ncUG/source/crates/lenso-capability-http-endpoint-macros)` was not used in the crate graph
warning: patch `lenso-capability-http-stream-endpoint v0.1.3 (/private/var/folders/hp/q9psfx3j2l58mrp6g7d8x8000000gn/T/lenso-release-cohort.r8ncUG/source/crates/lenso-capability-http-stream-endpoint)` was not used in the crate graph
warning: patch `lenso-capability-websocket-endpoint v0.1.3 (/private/var/folders/hp/q9psfx3j2l58mrp6g7d8x8000000gn/T/lenso-release-cohort.r8ncUG/source/crates/lenso-capability-websocket-endpoint)` was not used in the crate graph
warning: patch `lenso-cli v0.6.5 (/private/var/folders/hp/q9psfx3j2l58mrp6g7d8x8000000gn/T/lenso-release-cohort.r8ncUG/source/crates/lenso-cli)` was not used in the crate graph
warning: patch `lenso-dylib-adapter v0.2.11 (/private/var/folders/hp/q9psfx3j2l58mrp6g7d8x8000000gn/T/lenso-release-cohort.r8ncUG/source/crates/lenso-dylib-adapter)` was not used in the crate graph
warning: patch `lenso-engine v0.2.0 (/private/var/folders/hp/q9psfx3j2l58mrp6g7d8x8000000gn/T/lenso-release-cohort.r8ncUG/source/crates/lenso-engine)` was not used in the crate graph
warning: patch `lenso-engine-app v0.3.2 (/private/var/folders/hp/q9psfx3j2l58mrp6g7d8x8000000gn/T/lenso-release-cohort.r8ncUG/source/crates/lenso-engine-app)` was not used in the crate graph
warning: patch `lenso-engine-authoring v0.2.4 (/private/var/folders/hp/q9psfx3j2l58mrp6g7d8x8000000gn/T/lenso-release-cohort.r8ncUG/source/crates/lenso-engine-authoring)` was not used in the crate graph
warning: patch `lenso-engine-markdown v0.2.0 (/private/var/folders/hp/q9psfx3j2l58mrp6g7d8x8000000gn/T/lenso-release-cohort.r8ncUG/source/crates/lenso-engine-markdown)` was not used in the crate graph
warning: patch `lenso-engine-runtime v0.2.1 (/private/var/folders/hp/q9psfx3j2l58mrp6g7d8x8000000gn/T/lenso-release-cohort.r8ncUG/source/crates/lenso-engine-runtime)` was not used in the crate graph
warning: patch `lenso-host-distribution v0.1.24 (/private/var/folders/hp/q9psfx3j2l58mrp6g7d8x8000000gn/T/lenso-release-cohort.r8ncUG/source/crates/lenso-host-distribution)` was not used in the crate graph
warning: patch `lenso-host-runtime v0.1.10 (/private/var/folders/hp/q9psfx3j2l58mrp6g7d8x8000000gn/T/lenso-release-cohort.r8ncUG/source/crates/lenso-host-runtime)` was not used in the crate graph
warning: patch `lenso-http-auth v0.2.5 (/private/var/folders/hp/q9psfx3j2l58mrp6g7d8x8000000gn/T/lenso-release-cohort.r8ncUG/source/crates/lenso-http-auth)` was not used in the crate graph
warning: patch `lenso-http-egress-plugin v0.3.6 (/private/var/folders/hp/q9psfx3j2l58mrp6g7d8x8000000gn/T/lenso-release-cohort.r8ncUG/source/crates/lenso-http-egress-plugin)` was not used in the crate graph
warning: patch `lenso-native-adapter v0.3.19 (/private/var/folders/hp/q9psfx3j2l58mrp6g7d8x8000000gn/T/lenso-release-cohort.r8ncUG/source/crates/lenso-native-adapter)` was not used in the crate graph
warning: patch `lenso-native-adapter-macros v0.2.8 (/private/var/folders/hp/q9psfx3j2l58mrp6g7d8x8000000gn/T/lenso-release-cohort.r8ncUG/source/crates/lenso-native-adapter-macros)` was not used in the crate graph
warning: patch `lenso-openapi-plugin v0.2.6 (/private/var/folders/hp/q9psfx3j2l58mrp6g7d8x8000000gn/T/lenso-release-cohort.r8ncUG/source/crates/lenso-openapi-plugin)` was not used in the crate graph
warning: patch `lenso-plugin-bundle v0.6.1 (/private/var/folders/hp/q9psfx3j2l58mrp6g7d8x8000000gn/T/lenso-release-cohort.r8ncUG/source/crates/lenso-plugin-bundle)` was not used in the crate graph
warning: patch `lenso-plugin-catalog v0.1.2 (/private/var/folders/hp/q9psfx3j2l58mrp6g7d8x8000000gn/T/lenso-release-cohort.r8ncUG/source/crates/lenso-plugin-catalog)` was not used in the crate graph
warning: patch `lenso-plugin-control-plane v0.4.26 (/private/var/folders/hp/q9psfx3j2l58mrp6g7d8x8000000gn/T/lenso-release-cohort.r8ncUG/source/crates/lenso-plugin-control-plane)` was not used in the crate graph
warning: patch `lenso-process-adapter v0.3.15 (/private/var/folders/hp/q9psfx3j2l58mrp6g7d8x8000000gn/T/lenso-release-cohort.r8ncUG/source/crates/lenso-process-adapter)` was not used in the crate graph
warning: patch `lenso-quickjs-adapter v0.2.11 (/private/var/folders/hp/q9psfx3j2l58mrp6g7d8x8000000gn/T/lenso-release-cohort.r8ncUG/source/crates/lenso-quickjs-adapter)` was not used in the crate graph
warning: patch `lenso-remote-adapter v0.1.10 (/private/var/folders/hp/q9psfx3j2l58mrp6g7d8x8000000gn/T/lenso-release-cohort.r8ncUG/source/crates/lenso-remote-adapter)` was not used in the crate graph
warning: patch `lenso-runner v0.2.20 (/private/var/folders/hp/q9psfx3j2l58mrp6g7d8x8000000gn/T/lenso-release-cohort.r8ncUG/source/crates/lenso-runner)` was not used in the crate graph
warning: patch `lenso-runtime-conformance v0.3.10 (/private/var/folders/hp/q9psfx3j2l58mrp6g7d8x8000000gn/T/lenso-release-cohort.r8ncUG/source/crates/lenso-runtime-conformance)` was not used in the crate graph
warning: patch `lenso-test v0.1.3 (/private/var/folders/hp/q9psfx3j2l58mrp6g7d8x8000000gn/T/lenso-release-cohort.r8ncUG/source/crates/lenso-test)` was not used in the crate graph
warning: patch `lenso-wasm-component-adapter v0.2.18 (/private/var/folders/hp/q9psfx3j2l58mrp6g7d8x8000000gn/T/lenso-release-cohort.r8ncUG/source/crates/lenso-wasm-component-adapter)` was not used in the crate graph
warning: patch `lenso-web-host v0.2.5 (/private/var/folders/hp/q9psfx3j2l58mrp6g7d8x8000000gn/T/lenso-release-cohort.r8ncUG/source/crates/lenso-web-host)` was not used in the crate graph
warning: patch `lenso-web-ingress-plugin v0.4.10 (/private/var/folders/hp/q9psfx3j2l58mrp6g7d8x8000000gn/T/lenso-release-cohort.r8ncUG/source/crates/lenso-web-ingress-plugin)` was not used in the crate graph
warning: patch `lenso-workers-driver v0.1.2 (/private/var/folders/hp/q9psfx3j2l58mrp6g7d8x8000000gn/T/lenso-release-cohort.r8ncUG/source/crates/lenso-workers-driver)` was not used in the crate graph
help: Check that the patched package version and available features are compatible
      with the dependency requirements. If the patch has a different version from
      what is locked in the Cargo.lock file, run `cargo update` to use the new
      version. This may also occur with an optional dependency that is not enabled.
    Packaged 11 files, 60.4KiB (13.1KiB compressed)
   Packaging lenso-capability-http-client v0.3.3 (/private/var/folders/hp/q9psfx3j2l58mrp6g7d8x8000000gn/T/lenso-release-cohort.r8ncUG/source/crates/lenso-capability-http-client)
warning: patch `lenso v0.5.28 (/private/var/folders/hp/q9psfx3j2l58mrp6g7d8x8000000gn/T/lenso-release-cohort.r8ncUG/source/crates/lenso)` was not used in the crate graph
warning: patch `lenso-agent-tool-cli-plugin v0.1.1 (/private/var/folders/hp/q9psfx3j2l58mrp6g7d8x8000000gn/T/lenso-release-cohort.r8ncUG/source/crates/lenso-agent-tool-cli-plugin)` was not used in the crate graph
warning: patch `lenso-browser-driver v0.1.10 (/private/var/folders/hp/q9psfx3j2l58mrp6g7d8x8000000gn/T/lenso-release-cohort.r8ncUG/source/crates/lenso-browser-driver)` was not used in the crate graph
warning: patch `lenso-bun-adapter v0.1.17 (/private/var/folders/hp/q9psfx3j2l58mrp6g7d8x8000000gn/T/lenso-release-cohort.r8ncUG/source/crates/lenso-bun-adapter)` was not used in the crate graph
warning: patch `lenso-capability-configuration-source v0.1.1 (/private/var/folders/hp/q9psfx3j2l58mrp6g7d8x8000000gn/T/lenso-release-cohort.r8ncUG/source/crates/lenso-capability-configuration-source)` was not used in the crate graph
warning: patch `lenso-capability-http-endpoint v0.3.6 (/private/var/folders/hp/q9psfx3j2l58mrp6g7d8x8000000gn/T/lenso-release-cohort.r8ncUG/source/crates/lenso-capability-http-endpoint)` was not used in the crate graph
warning: patch `lenso-capability-http-endpoint-macros v0.1.5 (/private/var/folders/hp/q9psfx3j2l58mrp6g7d8x8000000gn/T/lenso-release-cohort.r8ncUG/source/crates/lenso-capability-http-endpoint-macros)` was not used in the crate graph
warning: patch `lenso-capability-http-stream-endpoint v0.1.3 (/private/var/folders/hp/q9psfx3j2l58mrp6g7d8x8000000gn/T/lenso-release-cohort.r8ncUG/source/crates/lenso-capability-http-stream-endpoint)` was not used in the crate graph
warning: patch `lenso-capability-websocket-endpoint v0.1.3 (/private/var/folders/hp/q9psfx3j2l58mrp6g7d8x8000000gn/T/lenso-release-cohort.r8ncUG/source/crates/lenso-capability-websocket-endpoint)` was not used in the crate graph
warning: patch `lenso-cli v0.6.5 (/private/var/folders/hp/q9psfx3j2l58mrp6g7d8x8000000gn/T/lenso-release-cohort.r8ncUG/source/crates/lenso-cli)` was not used in the crate graph
warning: patch `lenso-dylib-adapter v0.2.11 (/private/var/folders/hp/q9psfx3j2l58mrp6g7d8x8000000gn/T/lenso-release-cohort.r8ncUG/source/crates/lenso-dylib-adapter)` was not used in the crate graph
warning: patch `lenso-engine v0.2.0 (/private/var/folders/hp/q9psfx3j2l58mrp6g7d8x8000000gn/T/lenso-release-cohort.r8ncUG/source/crates/lenso-engine)` was not used in the crate graph
warning: patch `lenso-engine-app v0.3.2 (/private/var/folders/hp/q9psfx3j2l58mrp6g7d8x8000000gn/T/lenso-release-cohort.r8ncUG/source/crates/lenso-engine-app)` was not used in the crate graph
warning: patch `lenso-engine-authoring v0.2.4 (/private/var/folders/hp/q9psfx3j2l58mrp6g7d8x8000000gn/T/lenso-release-cohort.r8ncUG/source/crates/lenso-engine-authoring)` was not used in the crate graph
warning: patch `lenso-engine-markdown v0.2.0 (/private/var/folders/hp/q9psfx3j2l58mrp6g7d8x8000000gn/T/lenso-release-cohort.r8ncUG/source/crates/lenso-engine-markdown)` was not used in the crate graph
warning: patch `lenso-engine-runtime v0.2.1 (/private/var/folders/hp/q9psfx3j2l58mrp6g7d8x8000000gn/T/lenso-release-cohort.r8ncUG/source/crates/lenso-engine-runtime)` was not used in the crate graph
warning: patch `lenso-host-distribution v0.1.24 (/private/var/folders/hp/q9psfx3j2l58mrp6g7d8x8000000gn/T/lenso-release-cohort.r8ncUG/source/crates/lenso-host-distribution)` was not used in the crate graph
warning: patch `lenso-host-runtime v0.1.10 (/private/var/folders/hp/q9psfx3j2l58mrp6g7d8x8000000gn/T/lenso-release-cohort.r8ncUG/source/crates/lenso-host-runtime)` was not used in the crate graph
warning: patch `lenso-http-auth v0.2.5 (/private/var/folders/hp/q9psfx3j2l58mrp6g7d8x8000000gn/T/lenso-release-cohort.r8ncUG/source/crates/lenso-http-auth)` was not used in the crate graph
warning: patch `lenso-http-egress-plugin v0.3.6 (/private/var/folders/hp/q9psfx3j2l58mrp6g7d8x8000000gn/T/lenso-release-cohort.r8ncUG/source/crates/lenso-http-egress-plugin)` was not used in the crate graph
warning: patch `lenso-native-adapter v0.3.19 (/private/var/folders/hp/q9psfx3j2l58mrp6g7d8x8000000gn/T/lenso-release-cohort.r8ncUG/source/crates/lenso-native-adapter)` was not used in the crate graph
warning: patch `lenso-native-adapter-macros v0.2.8 (/private/var/folders/hp/q9psfx3j2l58mrp6g7d8x8000000gn/T/lenso-release-cohort.r8ncUG/source/crates/lenso-native-adapter-macros)` was not used in the crate graph
warning: patch `lenso-openapi-plugin v0.2.6 (/private/var/folders/hp/q9psfx3j2l58mrp6g7d8x8000000gn/T/lenso-release-cohort.r8ncUG/source/crates/lenso-openapi-plugin)` was not used in the crate graph
warning: patch `lenso-plugin-bundle v0.6.1 (/private/var/folders/hp/q9psfx3j2l58mrp6g7d8x8000000gn/T/lenso-release-cohort.r8ncUG/source/crates/lenso-plugin-bundle)` was not used in the crate graph
warning: patch `lenso-plugin-catalog v0.1.2 (/private/var/folders/hp/q9psfx3j2l58mrp6g7d8x8000000gn/T/lenso-release-cohort.r8ncUG/source/crates/lenso-plugin-catalog)` was not used in the crate graph
warning: patch `lenso-plugin-control-plane v0.4.26 (/private/var/folders/hp/q9psfx3j2l58mrp6g7d8x8000000gn/T/lenso-release-cohort.r8ncUG/source/crates/lenso-plugin-control-plane)` was not used in the crate graph
warning: patch `lenso-plugin-sdk v0.4.6 (/private/var/folders/hp/q9psfx3j2l58mrp6g7d8x8000000gn/T/lenso-release-cohort.r8ncUG/source/crates/lenso-plugin-sdk)` was not used in the crate graph
warning: patch `lenso-plugin-sdk-macros v0.1.0 (/private/var/folders/hp/q9psfx3j2l58mrp6g7d8x8000000gn/T/lenso-release-cohort.r8ncUG/source/crates/lenso-plugin-sdk-macros)` was not used in the crate graph
warning: patch `lenso-process-adapter v0.3.15 (/private/var/folders/hp/q9psfx3j2l58mrp6g7d8x8000000gn/T/lenso-release-cohort.r8ncUG/source/crates/lenso-process-adapter)` was not used in the crate graph
warning: patch `lenso-process-protocol v0.2.3 (/private/var/folders/hp/q9psfx3j2l58mrp6g7d8x8000000gn/T/lenso-release-cohort.r8ncUG/source/crates/lenso-process-protocol)` was not used in the crate graph
warning: patch `lenso-process-sdk v0.2.0 (/private/var/folders/hp/q9psfx3j2l58mrp6g7d8x8000000gn/T/lenso-release-cohort.r8ncUG/source/crates/lenso-process-sdk)` was not used in the crate graph
warning: patch `lenso-quickjs-adapter v0.2.11 (/private/var/folders/hp/q9psfx3j2l58mrp6g7d8x8000000gn/T/lenso-release-cohort.r8ncUG/source/crates/lenso-quickjs-adapter)` was not used in the crate graph
warning: patch `lenso-remote-adapter v0.1.10 (/private/var/folders/hp/q9psfx3j2l58mrp6g7d8x8000000gn/T/lenso-release-cohort.r8ncUG/source/crates/lenso-remote-adapter)` was not used in the crate graph
warning: patch `lenso-runner v0.2.20 (/private/var/folders/hp/q9psfx3j2l58mrp6g7d8x8000000gn/T/lenso-release-cohort.r8ncUG/source/crates/lenso-runner)` was not used in the crate graph
warning: patch `lenso-runtime-conformance v0.3.10 (/private/var/folders/hp/q9psfx3j2l58mrp6g7d8x8000000gn/T/lenso-release-cohort.r8ncUG/source/crates/lenso-runtime-conformance)` was not used in the crate graph
warning: patch `lenso-test v0.1.3 (/private/var/folders/hp/q9psfx3j2l58mrp6g7d8x8000000gn/T/lenso-release-cohort.r8ncUG/source/crates/lenso-test)` was not used in the crate graph
warning: patch `lenso-wasm-component-adapter v0.2.18 (/private/var/folders/hp/q9psfx3j2l58mrp6g7d8x8000000gn/T/lenso-release-cohort.r8ncUG/source/crates/lenso-wasm-component-adapter)` was not used in the crate graph
warning: patch `lenso-web-host v0.2.5 (/private/var/folders/hp/q9psfx3j2l58mrp6g7d8x8000000gn/T/lenso-release-cohort.r8ncUG/source/crates/lenso-web-host)` was not used in the crate graph
warning: patch `lenso-web-ingress-plugin v0.4.10 (/private/var/folders/hp/q9psfx3j2l58mrp6g7d8x8000000gn/T/lenso-release-cohort.r8ncUG/source/crates/lenso-web-ingress-plugin)` was not used in the crate graph
warning: patch `lenso-workers-driver v0.1.2 (/private/var/folders/hp/q9psfx3j2l58mrp6g7d8x8000000gn/T/lenso-release-cohort.r8ncUG/source/crates/lenso-workers-driver)` was not used in the crate graph
help: Check that the patched package version and available features are compatible
      with the dependency requirements. If the patch has a different version from
      what is locked in the Cargo.lock file, run `cargo update` to use the new
      version. This may also occur with an optional dependency that is not enabled.
    Packaged 10 files, 50.3KiB (11.7KiB compressed)
   Packaging lenso-capability-http-stream-endpoint v0.1.3 (/private/var/folders/hp/q9psfx3j2l58mrp6g7d8x8000000gn/T/lenso-release-cohort.r8ncUG/source/crates/lenso-capability-http-stream-endpoint)
warning: patch `lenso v0.5.28 (/private/var/folders/hp/q9psfx3j2l58mrp6g7d8x8000000gn/T/lenso-release-cohort.r8ncUG/source/crates/lenso)` was not used in the crate graph
warning: patch `lenso-agent-tool-cli-plugin v0.1.1 (/private/var/folders/hp/q9psfx3j2l58mrp6g7d8x8000000gn/T/lenso-release-cohort.r8ncUG/source/crates/lenso-agent-tool-cli-plugin)` was not used in the crate graph
warning: patch `lenso-browser-driver v0.1.10 (/private/var/folders/hp/q9psfx3j2l58mrp6g7d8x8000000gn/T/lenso-release-cohort.r8ncUG/source/crates/lenso-browser-driver)` was not used in the crate graph
warning: patch `lenso-bun-adapter v0.1.17 (/private/var/folders/hp/q9psfx3j2l58mrp6g7d8x8000000gn/T/lenso-release-cohort.r8ncUG/source/crates/lenso-bun-adapter)` was not used in the crate graph
warning: patch `lenso-capability-configuration-source v0.1.1 (/private/var/folders/hp/q9psfx3j2l58mrp6g7d8x8000000gn/T/lenso-release-cohort.r8ncUG/source/crates/lenso-capability-configuration-source)` was not used in the crate graph
warning: patch `lenso-capability-http-client v0.3.3 (/private/var/folders/hp/q9psfx3j2l58mrp6g7d8x8000000gn/T/lenso-release-cohort.r8ncUG/source/crates/lenso-capability-http-client)` was not used in the crate graph
warning: patch `lenso-capability-http-endpoint v0.3.6 (/private/var/folders/hp/q9psfx3j2l58mrp6g7d8x8000000gn/T/lenso-release-cohort.r8ncUG/source/crates/lenso-capability-http-endpoint)` was not used in the crate graph
warning: patch `lenso-capability-http-endpoint-macros v0.1.5 (/private/var/folders/hp/q9psfx3j2l58mrp6g7d8x8000000gn/T/lenso-release-cohort.r8ncUG/source/crates/lenso-capability-http-endpoint-macros)` was not used in the crate graph
warning: patch `lenso-capability-websocket-endpoint v0.1.3 (/private/var/folders/hp/q9psfx3j2l58mrp6g7d8x8000000gn/T/lenso-release-cohort.r8ncUG/source/crates/lenso-capability-websocket-endpoint)` was not used in the crate graph
warning: patch `lenso-cli v0.6.5 (/private/var/folders/hp/q9psfx3j2l58mrp6g7d8x8000000gn/T/lenso-release-cohort.r8ncUG/source/crates/lenso-cli)` was not used in the crate graph
warning: patch `lenso-dylib-adapter v0.2.11 (/private/var/folders/hp/q9psfx3j2l58mrp6g7d8x8000000gn/T/lenso-release-cohort.r8ncUG/source/crates/lenso-dylib-adapter)` was not used in the crate graph
warning: patch `lenso-engine v0.2.0 (/private/var/folders/hp/q9psfx3j2l58mrp6g7d8x8000000gn/T/lenso-release-cohort.r8ncUG/source/crates/lenso-engine)` was not used in the crate graph
warning: patch `lenso-engine-app v0.3.2 (/private/var/folders/hp/q9psfx3j2l58mrp6g7d8x8000000gn/T/lenso-release-cohort.r8ncUG/source/crates/lenso-engine-app)` was not used in the crate graph
warning: patch `lenso-engine-authoring v0.2.4 (/private/var/folders/hp/q9psfx3j2l58mrp6g7d8x8000000gn/T/lenso-release-cohort.r8ncUG/source/crates/lenso-engine-authoring)` was not used in the crate graph
warning: patch `lenso-engine-markdown v0.2.0 (/private/var/folders/hp/q9psfx3j2l58mrp6g7d8x8000000gn/T/lenso-release-cohort.r8ncUG/source/crates/lenso-engine-markdown)` was not used in the crate graph
warning: patch `lenso-engine-runtime v0.2.1 (/private/var/folders/hp/q9psfx3j2l58mrp6g7d8x8000000gn/T/lenso-release-cohort.r8ncUG/source/crates/lenso-engine-runtime)` was not used in the crate graph
warning: patch `lenso-guest-sdk v0.5.1 (/private/var/folders/hp/q9psfx3j2l58mrp6g7d8x8000000gn/T/lenso-release-cohort.r8ncUG/source/crates/lenso-guest-sdk)` was not used in the crate graph
warning: patch `lenso-host-distribution v0.1.24 (/private/var/folders/hp/q9psfx3j2l58mrp6g7d8x8000000gn/T/lenso-release-cohort.r8ncUG/source/crates/lenso-host-distribution)` was not used in the crate graph
warning: patch `lenso-host-runtime v0.1.10 (/private/var/folders/hp/q9psfx3j2l58mrp6g7d8x8000000gn/T/lenso-release-cohort.r8ncUG/source/crates/lenso-host-runtime)` was not used in the crate graph
warning: patch `lenso-http-auth v0.2.5 (/private/var/folders/hp/q9psfx3j2l58mrp6g7d8x8000000gn/T/lenso-release-cohort.r8ncUG/source/crates/lenso-http-auth)` was not used in the crate graph
warning: patch `lenso-http-egress-plugin v0.3.6 (/private/var/folders/hp/q9psfx3j2l58mrp6g7d8x8000000gn/T/lenso-release-cohort.r8ncUG/source/crates/lenso-http-egress-plugin)` was not used in the crate graph
warning: patch `lenso-native-adapter v0.3.19 (/private/var/folders/hp/q9psfx3j2l58mrp6g7d8x8000000gn/T/lenso-release-cohort.r8ncUG/source/crates/lenso-native-adapter)` was not used in the crate graph
warning: patch `lenso-native-adapter-macros v0.2.8 (/private/var/folders/hp/q9psfx3j2l58mrp6g7d8x8000000gn/T/lenso-release-cohort.r8ncUG/source/crates/lenso-native-adapter-macros)` was not used in the crate graph
warning: patch `lenso-openapi-plugin v0.2.6 (/private/var/folders/hp/q9psfx3j2l58mrp6g7d8x8000000gn/T/lenso-release-cohort.r8ncUG/source/crates/lenso-openapi-plugin)` was not used in the crate graph
warning: patch `lenso-plugin-bundle v0.6.1 (/private/var/folders/hp/q9psfx3j2l58mrp6g7d8x8000000gn/T/lenso-release-cohort.r8ncUG/source/crates/lenso-plugin-bundle)` was not used in the crate graph
warning: patch `lenso-plugin-catalog v0.1.2 (/private/var/folders/hp/q9psfx3j2l58mrp6g7d8x8000000gn/T/lenso-release-cohort.r8ncUG/source/crates/lenso-plugin-catalog)` was not used in the crate graph
warning: patch `lenso-plugin-control-plane v0.4.26 (/private/var/folders/hp/q9psfx3j2l58mrp6g7d8x8000000gn/T/lenso-release-cohort.r8ncUG/source/crates/lenso-plugin-control-plane)` was not used in the crate graph
warning: patch `lenso-plugin-sdk v0.4.6 (/private/var/folders/hp/q9psfx3j2l58mrp6g7d8x8000000gn/T/lenso-release-cohort.r8ncUG/source/crates/lenso-plugin-sdk)` was not used in the crate graph
warning: patch `lenso-plugin-sdk-macros v0.1.0 (/private/var/folders/hp/q9psfx3j2l58mrp6g7d8x8000000gn/T/lenso-release-cohort.r8ncUG/source/crates/lenso-plugin-sdk-macros)` was not used in the crate graph
warning: patch `lenso-process-adapter v0.3.15 (/private/var/folders/hp/q9psfx3j2l58mrp6g7d8x8000000gn/T/lenso-release-cohort.r8ncUG/source/crates/lenso-process-adapter)` was not used in the crate graph
warning: patch `lenso-process-protocol v0.2.3 (/private/var/folders/hp/q9psfx3j2l58mrp6g7d8x8000000gn/T/lenso-release-cohort.r8ncUG/source/crates/lenso-process-protocol)` was not used in the crate graph
warning: patch `lenso-process-sdk v0.2.0 (/private/var/folders/hp/q9psfx3j2l58mrp6g7d8x8000000gn/T/lenso-release-cohort.r8ncUG/source/crates/lenso-process-sdk)` was not used in the crate graph
warning: patch `lenso-quickjs-adapter v0.2.11 (/private/var/folders/hp/q9psfx3j2l58mrp6g7d8x8000000gn/T/lenso-release-cohort.r8ncUG/source/crates/lenso-quickjs-adapter)` was not used in the crate graph
warning: patch `lenso-remote-adapter v0.1.10 (/private/var/folders/hp/q9psfx3j2l58mrp6g7d8x8000000gn/T/lenso-release-cohort.r8ncUG/source/crates/lenso-remote-adapter)` was not used in the crate graph
warning: patch `lenso-runner v0.2.20 (/private/var/folders/hp/q9psfx3j2l58mrp6g7d8x8000000gn/T/lenso-release-cohort.r8ncUG/source/crates/lenso-runner)` was not used in the crate graph
warning: patch `lenso-runtime-codec v0.4.4 (/private/var/folders/hp/q9psfx3j2l58mrp6g7d8x8000000gn/T/lenso-release-cohort.r8ncUG/source/crates/lenso-runtime-codec)` was not used in the crate graph
warning: patch `lenso-runtime-conformance v0.3.10 (/private/var/folders/hp/q9psfx3j2l58mrp6g7d8x8000000gn/T/lenso-release-cohort.r8ncUG/source/crates/lenso-runtime-conformance)` was not used in the crate graph
warning: patch `lenso-test v0.1.3 (/private/var/folders/hp/q9psfx3j2l58mrp6g7d8x8000000gn/T/lenso-release-cohort.r8ncUG/source/crates/lenso-test)` was not used in the crate graph
warning: patch `lenso-wasm-component-adapter v0.2.18 (/private/var/folders/hp/q9psfx3j2l58mrp6g7d8x8000000gn/T/lenso-release-cohort.r8ncUG/source/crates/lenso-wasm-component-adapter)` was not used in the crate graph
warning: patch `lenso-web-host v0.2.5 (/private/var/folders/hp/q9psfx3j2l58mrp6g7d8x8000000gn/T/lenso-release-cohort.r8ncUG/source/crates/lenso-web-host)` was not used in the crate graph
warning: patch `lenso-web-ingress-plugin v0.4.10 (/private/var/folders/hp/q9psfx3j2l58mrp6g7d8x8000000gn/T/lenso-release-cohort.r8ncUG/source/crates/lenso-web-ingress-plugin)` was not used in the crate graph
warning: patch `lenso-workers-driver v0.1.2 (/private/var/folders/hp/q9psfx3j2l58mrp6g7d8x8000000gn/T/lenso-release-cohort.r8ncUG/source/crates/lenso-workers-driver)` was not used in the crate graph
help: Check that the patched package version and available features are compatible
      with the dependency requirements. If the patch has a different version from
      what is locked in the Cargo.lock file, run `cargo update` to use the new
      version. This may also occur with an optional dependency that is not enabled.
    Packaged 12 files, 57.5KiB (11.3KiB compressed)
   Packaging lenso-capability-websocket-endpoint v0.1.3 (/private/var/folders/hp/q9psfx3j2l58mrp6g7d8x8000000gn/T/lenso-release-cohort.r8ncUG/source/crates/lenso-capability-websocket-endpoint)
warning: patch `lenso v0.5.28 (/private/var/folders/hp/q9psfx3j2l58mrp6g7d8x8000000gn/T/lenso-release-cohort.r8ncUG/source/crates/lenso)` was not used in the crate graph
warning: patch `lenso-agent-tool-cli-plugin v0.1.1 (/private/var/folders/hp/q9psfx3j2l58mrp6g7d8x8000000gn/T/lenso-release-cohort.r8ncUG/source/crates/lenso-agent-tool-cli-plugin)` was not used in the crate graph
warning: patch `lenso-browser-driver v0.1.10 (/private/var/folders/hp/q9psfx3j2l58mrp6g7d8x8000000gn/T/lenso-release-cohort.r8ncUG/source/crates/lenso-browser-driver)` was not used in the crate graph
warning: patch `lenso-bun-adapter v0.1.17 (/private/var/folders/hp/q9psfx3j2l58mrp6g7d8x8000000gn/T/lenso-release-cohort.r8ncUG/source/crates/lenso-bun-adapter)` was not used in the crate graph
warning: patch `lenso-capability-configuration-source v0.1.1 (/private/var/folders/hp/q9psfx3j2l58mrp6g7d8x8000000gn/T/lenso-release-cohort.r8ncUG/source/crates/lenso-capability-configuration-source)` was not used in the crate graph
warning: patch `lenso-capability-http-client v0.3.3 (/private/var/folders/hp/q9psfx3j2l58mrp6g7d8x8000000gn/T/lenso-release-cohort.r8ncUG/source/crates/lenso-capability-http-client)` was not used in the crate graph
warning: patch `lenso-capability-http-endpoint v0.3.6 (/private/var/folders/hp/q9psfx3j2l58mrp6g7d8x8000000gn/T/lenso-release-cohort.r8ncUG/source/crates/lenso-capability-http-endpoint)` was not used in the crate graph
warning: patch `lenso-capability-http-endpoint-macros v0.1.5 (/private/var/folders/hp/q9psfx3j2l58mrp6g7d8x8000000gn/T/lenso-release-cohort.r8ncUG/source/crates/lenso-capability-http-endpoint-macros)` was not used in the crate graph
warning: patch `lenso-capability-http-stream-endpoint v0.1.3 (/private/var/folders/hp/q9psfx3j2l58mrp6g7d8x8000000gn/T/lenso-release-cohort.r8ncUG/source/crates/lenso-capability-http-stream-endpoint)` was not used in the crate graph
warning: patch `lenso-cli v0.6.5 (/private/var/folders/hp/q9psfx3j2l58mrp6g7d8x8000000gn/T/lenso-release-cohort.r8ncUG/source/crates/lenso-cli)` was not used in the crate graph
warning: patch `lenso-dylib-adapter v0.2.11 (/private/var/folders/hp/q9psfx3j2l58mrp6g7d8x8000000gn/T/lenso-release-cohort.r8ncUG/source/crates/lenso-dylib-adapter)` was not used in the crate graph
warning: patch `lenso-engine v0.2.0 (/private/var/folders/hp/q9psfx3j2l58mrp6g7d8x8000000gn/T/lenso-release-cohort.r8ncUG/source/crates/lenso-engine)` was not used in the crate graph
warning: patch `lenso-engine-app v0.3.2 (/private/var/folders/hp/q9psfx3j2l58mrp6g7d8x8000000gn/T/lenso-release-cohort.r8ncUG/source/crates/lenso-engine-app)` was not used in the crate graph
warning: patch `lenso-engine-authoring v0.2.4 (/private/var/folders/hp/q9psfx3j2l58mrp6g7d8x8000000gn/T/lenso-release-cohort.r8ncUG/source/crates/lenso-engine-authoring)` was not used in the crate graph
warning: patch `lenso-engine-markdown v0.2.0 (/private/var/folders/hp/q9psfx3j2l58mrp6g7d8x8000000gn/T/lenso-release-cohort.r8ncUG/source/crates/lenso-engine-markdown)` was not used in the crate graph
warning: patch `lenso-engine-runtime v0.2.1 (/private/var/folders/hp/q9psfx3j2l58mrp6g7d8x8000000gn/T/lenso-release-cohort.r8ncUG/source/crates/lenso-engine-runtime)` was not used in the crate graph
warning: patch `lenso-guest-sdk v0.5.1 (/private/var/folders/hp/q9psfx3j2l58mrp6g7d8x8000000gn/T/lenso-release-cohort.r8ncUG/source/crates/lenso-guest-sdk)` was not used in the crate graph
warning: patch `lenso-host-distribution v0.1.24 (/private/var/folders/hp/q9psfx3j2l58mrp6g7d8x8000000gn/T/lenso-release-cohort.r8ncUG/source/crates/lenso-host-distribution)` was not used in the crate graph
warning: patch `lenso-host-runtime v0.1.10 (/private/var/folders/hp/q9psfx3j2l58mrp6g7d8x8000000gn/T/lenso-release-cohort.r8ncUG/source/crates/lenso-host-runtime)` was not used in the crate graph
warning: patch `lenso-http-auth v0.2.5 (/private/var/folders/hp/q9psfx3j2l58mrp6g7d8x8000000gn/T/lenso-release-cohort.r8ncUG/source/crates/lenso-http-auth)` was not used in the crate graph
warning: patch `lenso-http-egress-plugin v0.3.6 (/private/var/folders/hp/q9psfx3j2l58mrp6g7d8x8000000gn/T/lenso-release-cohort.r8ncUG/source/crates/lenso-http-egress-plugin)` was not used in the crate graph
warning: patch `lenso-native-adapter v0.3.19 (/private/var/folders/hp/q9psfx3j2l58mrp6g7d8x8000000gn/T/lenso-release-cohort.r8ncUG/source/crates/lenso-native-adapter)` was not used in the crate graph
warning: patch `lenso-native-adapter-macros v0.2.8 (/private/var/folders/hp/q9psfx3j2l58mrp6g7d8x8000000gn/T/lenso-release-cohort.r8ncUG/source/crates/lenso-native-adapter-macros)` was not used in the crate graph
warning: patch `lenso-openapi-plugin v0.2.6 (/private/var/folders/hp/q9psfx3j2l58mrp6g7d8x8000000gn/T/lenso-release-cohort.r8ncUG/source/crates/lenso-openapi-plugin)` was not used in the crate graph
warning: patch `lenso-plugin-bundle v0.6.1 (/private/var/folders/hp/q9psfx3j2l58mrp6g7d8x8000000gn/T/lenso-release-cohort.r8ncUG/source/crates/lenso-plugin-bundle)` was not used in the crate graph
warning: patch `lenso-plugin-catalog v0.1.2 (/private/var/folders/hp/q9psfx3j2l58mrp6g7d8x8000000gn/T/lenso-release-cohort.r8ncUG/source/crates/lenso-plugin-catalog)` was not used in the crate graph
warning: patch `lenso-plugin-control-plane v0.4.26 (/private/var/folders/hp/q9psfx3j2l58mrp6g7d8x8000000gn/T/lenso-release-cohort.r8ncUG/source/crates/lenso-plugin-control-plane)` was not used in the crate graph
warning: patch `lenso-plugin-sdk v0.4.6 (/private/var/folders/hp/q9psfx3j2l58mrp6g7d8x8000000gn/T/lenso-release-cohort.r8ncUG/source/crates/lenso-plugin-sdk)` was not used in the crate graph
warning: patch `lenso-plugin-sdk-macros v0.1.0 (/private/var/folders/hp/q9psfx3j2l58mrp6g7d8x8000000gn/T/lenso-release-cohort.r8ncUG/source/crates/lenso-plugin-sdk-macros)` was not used in the crate graph
warning: patch `lenso-process-adapter v0.3.15 (/private/var/folders/hp/q9psfx3j2l58mrp6g7d8x8000000gn/T/lenso-release-cohort.r8ncUG/source/crates/lenso-process-adapter)` was not used in the crate graph
warning: patch `lenso-process-protocol v0.2.3 (/private/var/folders/hp/q9psfx3j2l58mrp6g7d8x8000000gn/T/lenso-release-cohort.r8ncUG/source/crates/lenso-process-protocol)` was not used in the crate graph
warning: patch `lenso-process-sdk v0.2.0 (/private/var/folders/hp/q9psfx3j2l58mrp6g7d8x8000000gn/T/lenso-release-cohort.r8ncUG/source/crates/lenso-process-sdk)` was not used in the crate graph
warning: patch `lenso-quickjs-adapter v0.2.11 (/private/var/folders/hp/q9psfx3j2l58mrp6g7d8x8000000gn/T/lenso-release-cohort.r8ncUG/source/crates/lenso-quickjs-adapter)` was not used in the crate graph
warning: patch `lenso-remote-adapter v0.1.10 (/private/var/folders/hp/q9psfx3j2l58mrp6g7d8x8000000gn/T/lenso-release-cohort.r8ncUG/source/crates/lenso-remote-adapter)` was not used in the crate graph
warning: patch `lenso-runner v0.2.20 (/private/var/folders/hp/q9psfx3j2l58mrp6g7d8x8000000gn/T/lenso-release-cohort.r8ncUG/source/crates/lenso-runner)` was not used in the crate graph
warning: patch `lenso-runtime-codec v0.4.4 (/private/var/folders/hp/q9psfx3j2l58mrp6g7d8x8000000gn/T/lenso-release-cohort.r8ncUG/source/crates/lenso-runtime-codec)` was not used in the crate graph
warning: patch `lenso-runtime-conformance v0.3.10 (/private/var/folders/hp/q9psfx3j2l58mrp6g7d8x8000000gn/T/lenso-release-cohort.r8ncUG/source/crates/lenso-runtime-conformance)` was not used in the crate graph
warning: patch `lenso-test v0.1.3 (/private/var/folders/hp/q9psfx3j2l58mrp6g7d8x8000000gn/T/lenso-release-cohort.r8ncUG/source/crates/lenso-test)` was not used in the crate graph
warning: patch `lenso-wasm-component-adapter v0.2.18 (/private/var/folders/hp/q9psfx3j2l58mrp6g7d8x8000000gn/T/lenso-release-cohort.r8ncUG/source/crates/lenso-wasm-component-adapter)` was not used in the crate graph
warning: patch `lenso-web-host v0.2.5 (/private/var/folders/hp/q9psfx3j2l58mrp6g7d8x8000000gn/T/lenso-release-cohort.r8ncUG/source/crates/lenso-web-host)` was not used in the crate graph
warning: patch `lenso-web-ingress-plugin v0.4.10 (/private/var/folders/hp/q9psfx3j2l58mrp6g7d8x8000000gn/T/lenso-release-cohort.r8ncUG/source/crates/lenso-web-ingress-plugin)` was not used in the crate graph
warning: patch `lenso-workers-driver v0.1.2 (/private/var/folders/hp/q9psfx3j2l58mrp6g7d8x8000000gn/T/lenso-release-cohort.r8ncUG/source/crates/lenso-workers-driver)` was not used in the crate graph
help: Check that the patched package version and available features are compatible
      with the dependency requirements. If the patch has a different version from
      what is locked in the Cargo.lock file, run `cargo update` to use the new
      version. This may also occur with an optional dependency that is not enabled.
    Packaged 13 files, 56.7KiB (11.7KiB compressed)
warning: manifest has no documentation, homepage or repository
  |
  = note: see https://doc.rust-lang.org/cargo/reference/manifest.html#package-metadata for more info
   Packaging lenso-engine-authoring v0.2.4 (/private/var/folders/hp/q9psfx3j2l58mrp6g7d8x8000000gn/T/lenso-release-cohort.r8ncUG/source/crates/lenso-engine-authoring)
warning: patch `lenso v0.5.28 (/private/var/folders/hp/q9psfx3j2l58mrp6g7d8x8000000gn/T/lenso-release-cohort.r8ncUG/source/crates/lenso)` was not used in the crate graph
warning: patch `lenso-agent-tool-cli-plugin v0.1.1 (/private/var/folders/hp/q9psfx3j2l58mrp6g7d8x8000000gn/T/lenso-release-cohort.r8ncUG/source/crates/lenso-agent-tool-cli-plugin)` was not used in the crate graph
warning: patch `lenso-browser-driver v0.1.10 (/private/var/folders/hp/q9psfx3j2l58mrp6g7d8x8000000gn/T/lenso-release-cohort.r8ncUG/source/crates/lenso-browser-driver)` was not used in the crate graph
warning: patch `lenso-capability-configuration-source v0.1.1 (/private/var/folders/hp/q9psfx3j2l58mrp6g7d8x8000000gn/T/lenso-release-cohort.r8ncUG/source/crates/lenso-capability-configuration-source)` was not used in the crate graph
warning: patch `lenso-capability-http-client v0.3.3 (/private/var/folders/hp/q9psfx3j2l58mrp6g7d8x8000000gn/T/lenso-release-cohort.r8ncUG/source/crates/lenso-capability-http-client)` was not used in the crate graph
warning: patch `lenso-capability-http-endpoint v0.3.6 (/private/var/folders/hp/q9psfx3j2l58mrp6g7d8x8000000gn/T/lenso-release-cohort.r8ncUG/source/crates/lenso-capability-http-endpoint)` was not used in the crate graph
warning: patch `lenso-capability-http-endpoint-macros v0.1.5 (/private/var/folders/hp/q9psfx3j2l58mrp6g7d8x8000000gn/T/lenso-release-cohort.r8ncUG/source/crates/lenso-capability-http-endpoint-macros)` was not used in the crate graph
warning: patch `lenso-capability-http-stream-endpoint v0.1.3 (/private/var/folders/hp/q9psfx3j2l58mrp6g7d8x8000000gn/T/lenso-release-cohort.r8ncUG/source/crates/lenso-capability-http-stream-endpoint)` was not used in the crate graph
warning: patch `lenso-capability-websocket-endpoint v0.1.3 (/private/var/folders/hp/q9psfx3j2l58mrp6g7d8x8000000gn/T/lenso-release-cohort.r8ncUG/source/crates/lenso-capability-websocket-endpoint)` was not used in the crate graph
warning: patch `lenso-cli v0.6.5 (/private/var/folders/hp/q9psfx3j2l58mrp6g7d8x8000000gn/T/lenso-release-cohort.r8ncUG/source/crates/lenso-cli)` was not used in the crate graph
warning: patch `lenso-contract-authoring v0.1.2 (/private/var/folders/hp/q9psfx3j2l58mrp6g7d8x8000000gn/T/lenso-release-cohort.r8ncUG/source/crates/lenso-contract-authoring)` was not used in the crate graph
warning: patch `lenso-contract-authoring-macros v0.1.1 (/private/var/folders/hp/q9psfx3j2l58mrp6g7d8x8000000gn/T/lenso-release-cohort.r8ncUG/source/crates/lenso-contract-authoring-macros)` was not used in the crate graph
warning: patch `lenso-contract-codegen v0.10.1 (/private/var/folders/hp/q9psfx3j2l58mrp6g7d8x8000000gn/T/lenso-release-cohort.r8ncUG/source/crates/lenso-contract-codegen)` was not used in the crate graph
warning: patch `lenso-contract-runtime v0.2.0 (/private/var/folders/hp/q9psfx3j2l58mrp6g7d8x8000000gn/T/lenso-release-cohort.r8ncUG/source/crates/lenso-contract-runtime)` was not used in the crate graph
warning: patch `lenso-dylib-adapter v0.2.11 (/private/var/folders/hp/q9psfx3j2l58mrp6g7d8x8000000gn/T/lenso-release-cohort.r8ncUG/source/crates/lenso-dylib-adapter)` was not used in the crate graph
warning: patch `lenso-engine v0.2.0 (/private/var/folders/hp/q9psfx3j2l58mrp6g7d8x8000000gn/T/lenso-release-cohort.r8ncUG/source/crates/lenso-engine)` was not used in the crate graph
warning: patch `lenso-engine-app v0.3.2 (/private/var/folders/hp/q9psfx3j2l58mrp6g7d8x8000000gn/T/lenso-release-cohort.r8ncUG/source/crates/lenso-engine-app)` was not used in the crate graph
warning: patch `lenso-engine-markdown v0.2.0 (/private/var/folders/hp/q9psfx3j2l58mrp6g7d8x8000000gn/T/lenso-release-cohort.r8ncUG/source/crates/lenso-engine-markdown)` was not used in the crate graph
warning: patch `lenso-engine-runtime v0.2.1 (/private/var/folders/hp/q9psfx3j2l58mrp6g7d8x8000000gn/T/lenso-release-cohort.r8ncUG/source/crates/lenso-engine-runtime)` was not used in the crate graph
warning: patch `lenso-guest-sdk v0.5.1 (/private/var/folders/hp/q9psfx3j2l58mrp6g7d8x8000000gn/T/lenso-release-cohort.r8ncUG/source/crates/lenso-guest-sdk)` was not used in the crate graph
warning: patch `lenso-host-distribution v0.1.24 (/private/var/folders/hp/q9psfx3j2l58mrp6g7d8x8000000gn/T/lenso-release-cohort.r8ncUG/source/crates/lenso-host-distribution)` was not used in the crate graph
warning: patch `lenso-host-runtime v0.1.10 (/private/var/folders/hp/q9psfx3j2l58mrp6g7d8x8000000gn/T/lenso-release-cohort.r8ncUG/source/crates/lenso-host-runtime)` was not used in the crate graph
warning: patch `lenso-http-auth v0.2.5 (/private/var/folders/hp/q9psfx3j2l58mrp6g7d8x8000000gn/T/lenso-release-cohort.r8ncUG/source/crates/lenso-http-auth)` was not used in the crate graph
warning: patch `lenso-http-egress-plugin v0.3.6 (/private/var/folders/hp/q9psfx3j2l58mrp6g7d8x8000000gn/T/lenso-release-cohort.r8ncUG/source/crates/lenso-http-egress-plugin)` was not used in the crate graph
warning: patch `lenso-native-adapter v0.3.19 (/private/var/folders/hp/q9psfx3j2l58mrp6g7d8x8000000gn/T/lenso-release-cohort.r8ncUG/source/crates/lenso-native-adapter)` was not used in the crate graph
warning: patch `lenso-native-adapter-macros v0.2.8 (/private/var/folders/hp/q9psfx3j2l58mrp6g7d8x8000000gn/T/lenso-release-cohort.r8ncUG/source/crates/lenso-native-adapter-macros)` was not used in the crate graph
warning: patch `lenso-openapi-plugin v0.2.6 (/private/var/folders/hp/q9psfx3j2l58mrp6g7d8x8000000gn/T/lenso-release-cohort.r8ncUG/source/crates/lenso-openapi-plugin)` was not used in the crate graph
warning: patch `lenso-plugin-authoring v0.2.0 (/private/var/folders/hp/q9psfx3j2l58mrp6g7d8x8000000gn/T/lenso-release-cohort.r8ncUG/source/crates/lenso-plugin-authoring)` was not used in the crate graph
warning: patch `lenso-plugin-control-plane v0.4.26 (/private/var/folders/hp/q9psfx3j2l58mrp6g7d8x8000000gn/T/lenso-release-cohort.r8ncUG/source/crates/lenso-plugin-control-plane)` was not used in the crate graph
warning: patch `lenso-plugin-sdk v0.4.6 (/private/var/folders/hp/q9psfx3j2l58mrp6g7d8x8000000gn/T/lenso-release-cohort.r8ncUG/source/crates/lenso-plugin-sdk)` was not used in the crate graph
warning: patch `lenso-plugin-sdk-macros v0.1.0 (/private/var/folders/hp/q9psfx3j2l58mrp6g7d8x8000000gn/T/lenso-release-cohort.r8ncUG/source/crates/lenso-plugin-sdk-macros)` was not used in the crate graph
warning: patch `lenso-process-adapter v0.3.15 (/private/var/folders/hp/q9psfx3j2l58mrp6g7d8x8000000gn/T/lenso-release-cohort.r8ncUG/source/crates/lenso-process-adapter)` was not used in the crate graph
warning: patch `lenso-process-sdk v0.2.0 (/private/var/folders/hp/q9psfx3j2l58mrp6g7d8x8000000gn/T/lenso-release-cohort.r8ncUG/source/crates/lenso-process-sdk)` was not used in the crate graph
warning: patch `lenso-quickjs-adapter v0.2.11 (/private/var/folders/hp/q9psfx3j2l58mrp6g7d8x8000000gn/T/lenso-release-cohort.r8ncUG/source/crates/lenso-quickjs-adapter)` was not used in the crate graph
warning: patch `lenso-remote-adapter v0.1.10 (/private/var/folders/hp/q9psfx3j2l58mrp6g7d8x8000000gn/T/lenso-release-cohort.r8ncUG/source/crates/lenso-remote-adapter)` was not used in the crate graph
warning: patch `lenso-runner v0.2.20 (/private/var/folders/hp/q9psfx3j2l58mrp6g7d8x8000000gn/T/lenso-release-cohort.r8ncUG/source/crates/lenso-runner)` was not used in the crate graph
warning: patch `lenso-runtime-conformance v0.3.10 (/private/var/folders/hp/q9psfx3j2l58mrp6g7d8x8000000gn/T/lenso-release-cohort.r8ncUG/source/crates/lenso-runtime-conformance)` was not used in the crate graph
warning: patch `lenso-test v0.1.3 (/private/var/folders/hp/q9psfx3j2l58mrp6g7d8x8000000gn/T/lenso-release-cohort.r8ncUG/source/crates/lenso-test)` was not used in the crate graph
warning: patch `lenso-wasm-component-adapter v0.2.18 (/private/var/folders/hp/q9psfx3j2l58mrp6g7d8x8000000gn/T/lenso-release-cohort.r8ncUG/source/crates/lenso-wasm-component-adapter)` was not used in the crate graph
warning: patch `lenso-web-host v0.2.5 (/private/var/folders/hp/q9psfx3j2l58mrp6g7d8x8000000gn/T/lenso-release-cohort.r8ncUG/source/crates/lenso-web-host)` was not used in the crate graph
warning: patch `lenso-web-ingress-plugin v0.4.10 (/private/var/folders/hp/q9psfx3j2l58mrp6g7d8x8000000gn/T/lenso-release-cohort.r8ncUG/source/crates/lenso-web-ingress-plugin)` was not used in the crate graph
warning: patch `lenso-workers-driver v0.1.2 (/private/var/folders/hp/q9psfx3j2l58mrp6g7d8x8000000gn/T/lenso-release-cohort.r8ncUG/source/crates/lenso-workers-driver)` was not used in the crate graph
help: Check that the patched package version and available features are compatible
      with the dependency requirements. If the patch has a different version from
      what is locked in the Cargo.lock file, run `cargo update` to use the new
      version. This may also occur with an optional dependency that is not enabled.
    Packaged 30 files, 631.2KiB (129.4KiB compressed)
   Packaging lenso-engine-runtime v0.2.1 (/private/var/folders/hp/q9psfx3j2l58mrp6g7d8x8000000gn/T/lenso-release-cohort.r8ncUG/source/crates/lenso-engine-runtime)
warning: patch `lenso v0.5.28 (/private/var/folders/hp/q9psfx3j2l58mrp6g7d8x8000000gn/T/lenso-release-cohort.r8ncUG/source/crates/lenso)` was not used in the crate graph
warning: patch `lenso-agent-tool-cli-plugin v0.1.1 (/private/var/folders/hp/q9psfx3j2l58mrp6g7d8x8000000gn/T/lenso-release-cohort.r8ncUG/source/crates/lenso-agent-tool-cli-plugin)` was not used in the crate graph
warning: patch `lenso-browser-driver v0.1.10 (/private/var/folders/hp/q9psfx3j2l58mrp6g7d8x8000000gn/T/lenso-release-cohort.r8ncUG/source/crates/lenso-browser-driver)` was not used in the crate graph
warning: patch `lenso-bun-adapter v0.1.17 (/private/var/folders/hp/q9psfx3j2l58mrp6g7d8x8000000gn/T/lenso-release-cohort.r8ncUG/source/crates/lenso-bun-adapter)` was not used in the crate graph
warning: patch `lenso-capability-configuration-source v0.1.1 (/private/var/folders/hp/q9psfx3j2l58mrp6g7d8x8000000gn/T/lenso-release-cohort.r8ncUG/source/crates/lenso-capability-configuration-source)` was not used in the crate graph
warning: patch `lenso-capability-http-client v0.3.3 (/private/var/folders/hp/q9psfx3j2l58mrp6g7d8x8000000gn/T/lenso-release-cohort.r8ncUG/source/crates/lenso-capability-http-client)` was not used in the crate graph
warning: patch `lenso-capability-http-endpoint v0.3.6 (/private/var/folders/hp/q9psfx3j2l58mrp6g7d8x8000000gn/T/lenso-release-cohort.r8ncUG/source/crates/lenso-capability-http-endpoint)` was not used in the crate graph
warning: patch `lenso-capability-http-endpoint-macros v0.1.5 (/private/var/folders/hp/q9psfx3j2l58mrp6g7d8x8000000gn/T/lenso-release-cohort.r8ncUG/source/crates/lenso-capability-http-endpoint-macros)` was not used in the crate graph
warning: patch `lenso-capability-http-stream-endpoint v0.1.3 (/private/var/folders/hp/q9psfx3j2l58mrp6g7d8x8000000gn/T/lenso-release-cohort.r8ncUG/source/crates/lenso-capability-http-stream-endpoint)` was not used in the crate graph
warning: patch `lenso-capability-websocket-endpoint v0.1.3 (/private/var/folders/hp/q9psfx3j2l58mrp6g7d8x8000000gn/T/lenso-release-cohort.r8ncUG/source/crates/lenso-capability-websocket-endpoint)` was not used in the crate graph
warning: patch `lenso-cli v0.6.5 (/private/var/folders/hp/q9psfx3j2l58mrp6g7d8x8000000gn/T/lenso-release-cohort.r8ncUG/source/crates/lenso-cli)` was not used in the crate graph
warning: patch `lenso-dylib-adapter v0.2.11 (/private/var/folders/hp/q9psfx3j2l58mrp6g7d8x8000000gn/T/lenso-release-cohort.r8ncUG/source/crates/lenso-dylib-adapter)` was not used in the crate graph
warning: patch `lenso-engine-app v0.3.2 (/private/var/folders/hp/q9psfx3j2l58mrp6g7d8x8000000gn/T/lenso-release-cohort.r8ncUG/source/crates/lenso-engine-app)` was not used in the crate graph
warning: patch `lenso-engine-authoring v0.2.4 (/private/var/folders/hp/q9psfx3j2l58mrp6g7d8x8000000gn/T/lenso-release-cohort.r8ncUG/source/crates/lenso-engine-authoring)` was not used in the crate graph
warning: patch `lenso-engine-markdown v0.2.0 (/private/var/folders/hp/q9psfx3j2l58mrp6g7d8x8000000gn/T/lenso-release-cohort.r8ncUG/source/crates/lenso-engine-markdown)` was not used in the crate graph
warning: patch `lenso-host-distribution v0.1.24 (/private/var/folders/hp/q9psfx3j2l58mrp6g7d8x8000000gn/T/lenso-release-cohort.r8ncUG/source/crates/lenso-host-distribution)` was not used in the crate graph
warning: patch `lenso-host-runtime v0.1.10 (/private/var/folders/hp/q9psfx3j2l58mrp6g7d8x8000000gn/T/lenso-release-cohort.r8ncUG/source/crates/lenso-host-runtime)` was not used in the crate graph
warning: patch `lenso-http-auth v0.2.5 (/private/var/folders/hp/q9psfx3j2l58mrp6g7d8x8000000gn/T/lenso-release-cohort.r8ncUG/source/crates/lenso-http-auth)` was not used in the crate graph
warning: patch `lenso-http-egress-plugin v0.3.6 (/private/var/folders/hp/q9psfx3j2l58mrp6g7d8x8000000gn/T/lenso-release-cohort.r8ncUG/source/crates/lenso-http-egress-plugin)` was not used in the crate graph
warning: patch `lenso-openapi-plugin v0.2.6 (/private/var/folders/hp/q9psfx3j2l58mrp6g7d8x8000000gn/T/lenso-release-cohort.r8ncUG/source/crates/lenso-openapi-plugin)` was not used in the crate graph
warning: patch `lenso-plugin-bundle v0.6.1 (/private/var/folders/hp/q9psfx3j2l58mrp6g7d8x8000000gn/T/lenso-release-cohort.r8ncUG/source/crates/lenso-plugin-bundle)` was not used in the crate graph
warning: patch `lenso-plugin-catalog v0.1.2 (/private/var/folders/hp/q9psfx3j2l58mrp6g7d8x8000000gn/T/lenso-release-cohort.r8ncUG/source/crates/lenso-plugin-catalog)` was not used in the crate graph
warning: patch `lenso-plugin-control-plane v0.4.26 (/private/var/folders/hp/q9psfx3j2l58mrp6g7d8x8000000gn/T/lenso-release-cohort.r8ncUG/source/crates/lenso-plugin-control-plane)` was not used in the crate graph
warning: patch `lenso-plugin-sdk v0.4.6 (/private/var/folders/hp/q9psfx3j2l58mrp6g7d8x8000000gn/T/lenso-release-cohort.r8ncUG/source/crates/lenso-plugin-sdk)` was not used in the crate graph
warning: patch `lenso-plugin-sdk-macros v0.1.0 (/private/var/folders/hp/q9psfx3j2l58mrp6g7d8x8000000gn/T/lenso-release-cohort.r8ncUG/source/crates/lenso-plugin-sdk-macros)` was not used in the crate graph
warning: patch `lenso-process-adapter v0.3.15 (/private/var/folders/hp/q9psfx3j2l58mrp6g7d8x8000000gn/T/lenso-release-cohort.r8ncUG/source/crates/lenso-process-adapter)` was not used in the crate graph
warning: patch `lenso-process-protocol v0.2.3 (/private/var/folders/hp/q9psfx3j2l58mrp6g7d8x8000000gn/T/lenso-release-cohort.r8ncUG/source/crates/lenso-process-protocol)` was not used in the crate graph
warning: patch `lenso-process-sdk v0.2.0 (/private/var/folders/hp/q9psfx3j2l58mrp6g7d8x8000000gn/T/lenso-release-cohort.r8ncUG/source/crates/lenso-process-sdk)` was not used in the crate graph
warning: patch `lenso-quickjs-adapter v0.2.11 (/private/var/folders/hp/q9psfx3j2l58mrp6g7d8x8000000gn/T/lenso-release-cohort.r8ncUG/source/crates/lenso-quickjs-adapter)` was not used in the crate graph
warning: patch `lenso-remote-adapter v0.1.10 (/private/var/folders/hp/q9psfx3j2l58mrp6g7d8x8000000gn/T/lenso-release-cohort.r8ncUG/source/crates/lenso-remote-adapter)` was not used in the crate graph
warning: patch `lenso-runtime-conformance v0.3.10 (/private/var/folders/hp/q9psfx3j2l58mrp6g7d8x8000000gn/T/lenso-release-cohort.r8ncUG/source/crates/lenso-runtime-conformance)` was not used in the crate graph
warning: patch `lenso-test v0.1.3 (/private/var/folders/hp/q9psfx3j2l58mrp6g7d8x8000000gn/T/lenso-release-cohort.r8ncUG/source/crates/lenso-test)` was not used in the crate graph
warning: patch `lenso-wasm-component-adapter v0.2.18 (/private/var/folders/hp/q9psfx3j2l58mrp6g7d8x8000000gn/T/lenso-release-cohort.r8ncUG/source/crates/lenso-wasm-component-adapter)` was not used in the crate graph
warning: patch `lenso-web-host v0.2.5 (/private/var/folders/hp/q9psfx3j2l58mrp6g7d8x8000000gn/T/lenso-release-cohort.r8ncUG/source/crates/lenso-web-host)` was not used in the crate graph
warning: patch `lenso-web-ingress-plugin v0.4.10 (/private/var/folders/hp/q9psfx3j2l58mrp6g7d8x8000000gn/T/lenso-release-cohort.r8ncUG/source/crates/lenso-web-ingress-plugin)` was not used in the crate graph
warning: patch `lenso-workers-driver v0.1.2 (/private/var/folders/hp/q9psfx3j2l58mrp6g7d8x8000000gn/T/lenso-release-cohort.r8ncUG/source/crates/lenso-workers-driver)` was not used in the crate graph
help: Check that the patched package version and available features are compatible
      with the dependency requirements. If the patch has a different version from
      what is locked in the Cargo.lock file, run `cargo update` to use the new
      version. This may also occur with an optional dependency that is not enabled.
    Packaged 11 files, 77.8KiB (17.9KiB compressed)
   Packaging lenso-plugin-control-plane v0.4.26 (/private/var/folders/hp/q9psfx3j2l58mrp6g7d8x8000000gn/T/lenso-release-cohort.r8ncUG/source/crates/lenso-plugin-control-plane)
warning: patch `lenso v0.5.28 (/private/var/folders/hp/q9psfx3j2l58mrp6g7d8x8000000gn/T/lenso-release-cohort.r8ncUG/source/crates/lenso)` was not used in the crate graph
warning: patch `lenso-agent-tool-cli-plugin v0.1.1 (/private/var/folders/hp/q9psfx3j2l58mrp6g7d8x8000000gn/T/lenso-release-cohort.r8ncUG/source/crates/lenso-agent-tool-cli-plugin)` was not used in the crate graph
warning: patch `lenso-browser-driver v0.1.10 (/private/var/folders/hp/q9psfx3j2l58mrp6g7d8x8000000gn/T/lenso-release-cohort.r8ncUG/source/crates/lenso-browser-driver)` was not used in the crate graph
warning: patch `lenso-bun-adapter v0.1.17 (/private/var/folders/hp/q9psfx3j2l58mrp6g7d8x8000000gn/T/lenso-release-cohort.r8ncUG/source/crates/lenso-bun-adapter)` was not used in the crate graph
warning: patch `lenso-capability-configuration-source v0.1.1 (/private/var/folders/hp/q9psfx3j2l58mrp6g7d8x8000000gn/T/lenso-release-cohort.r8ncUG/source/crates/lenso-capability-configuration-source)` was not used in the crate graph
warning: patch `lenso-capability-http-client v0.3.3 (/private/var/folders/hp/q9psfx3j2l58mrp6g7d8x8000000gn/T/lenso-release-cohort.r8ncUG/source/crates/lenso-capability-http-client)` was not used in the crate graph
warning: patch `lenso-capability-http-endpoint v0.3.6 (/private/var/folders/hp/q9psfx3j2l58mrp6g7d8x8000000gn/T/lenso-release-cohort.r8ncUG/source/crates/lenso-capability-http-endpoint)` was not used in the crate graph
warning: patch `lenso-capability-http-endpoint-macros v0.1.5 (/private/var/folders/hp/q9psfx3j2l58mrp6g7d8x8000000gn/T/lenso-release-cohort.r8ncUG/source/crates/lenso-capability-http-endpoint-macros)` was not used in the crate graph
warning: patch `lenso-capability-http-stream-endpoint v0.1.3 (/private/var/folders/hp/q9psfx3j2l58mrp6g7d8x8000000gn/T/lenso-release-cohort.r8ncUG/source/crates/lenso-capability-http-stream-endpoint)` was not used in the crate graph
warning: patch `lenso-capability-websocket-endpoint v0.1.3 (/private/var/folders/hp/q9psfx3j2l58mrp6g7d8x8000000gn/T/lenso-release-cohort.r8ncUG/source/crates/lenso-capability-websocket-endpoint)` was not used in the crate graph
warning: patch `lenso-cli v0.6.5 (/private/var/folders/hp/q9psfx3j2l58mrp6g7d8x8000000gn/T/lenso-release-cohort.r8ncUG/source/crates/lenso-cli)` was not used in the crate graph
warning: patch `lenso-contract-authoring v0.1.2 (/private/var/folders/hp/q9psfx3j2l58mrp6g7d8x8000000gn/T/lenso-release-cohort.r8ncUG/source/crates/lenso-contract-authoring)` was not used in the crate graph
warning: patch `lenso-contract-authoring-macros v0.1.1 (/private/var/folders/hp/q9psfx3j2l58mrp6g7d8x8000000gn/T/lenso-release-cohort.r8ncUG/source/crates/lenso-contract-authoring-macros)` was not used in the crate graph
warning: patch `lenso-contract-codegen v0.10.1 (/private/var/folders/hp/q9psfx3j2l58mrp6g7d8x8000000gn/T/lenso-release-cohort.r8ncUG/source/crates/lenso-contract-codegen)` was not used in the crate graph
warning: patch `lenso-contract-runtime v0.2.0 (/private/var/folders/hp/q9psfx3j2l58mrp6g7d8x8000000gn/T/lenso-release-cohort.r8ncUG/source/crates/lenso-contract-runtime)` was not used in the crate graph
warning: patch `lenso-engine v0.2.0 (/private/var/folders/hp/q9psfx3j2l58mrp6g7d8x8000000gn/T/lenso-release-cohort.r8ncUG/source/crates/lenso-engine)` was not used in the crate graph
warning: patch `lenso-engine-app v0.3.2 (/private/var/folders/hp/q9psfx3j2l58mrp6g7d8x8000000gn/T/lenso-release-cohort.r8ncUG/source/crates/lenso-engine-app)` was not used in the crate graph
warning: patch `lenso-engine-authoring v0.2.4 (/private/var/folders/hp/q9psfx3j2l58mrp6g7d8x8000000gn/T/lenso-release-cohort.r8ncUG/source/crates/lenso-engine-authoring)` was not used in the crate graph
warning: patch `lenso-engine-markdown v0.2.0 (/private/var/folders/hp/q9psfx3j2l58mrp6g7d8x8000000gn/T/lenso-release-cohort.r8ncUG/source/crates/lenso-engine-markdown)` was not used in the crate graph
warning: patch `lenso-engine-runtime v0.2.1 (/private/var/folders/hp/q9psfx3j2l58mrp6g7d8x8000000gn/T/lenso-release-cohort.r8ncUG/source/crates/lenso-engine-runtime)` was not used in the crate graph
warning: patch `lenso-guest-sdk v0.5.1 (/private/var/folders/hp/q9psfx3j2l58mrp6g7d8x8000000gn/T/lenso-release-cohort.r8ncUG/source/crates/lenso-guest-sdk)` was not used in the crate graph
warning: patch `lenso-host-distribution v0.1.24 (/private/var/folders/hp/q9psfx3j2l58mrp6g7d8x8000000gn/T/lenso-release-cohort.r8ncUG/source/crates/lenso-host-distribution)` was not used in the crate graph
warning: patch `lenso-host-runtime v0.1.10 (/private/var/folders/hp/q9psfx3j2l58mrp6g7d8x8000000gn/T/lenso-release-cohort.r8ncUG/source/crates/lenso-host-runtime)` was not used in the crate graph
warning: patch `lenso-http-auth v0.2.5 (/private/var/folders/hp/q9psfx3j2l58mrp6g7d8x8000000gn/T/lenso-release-cohort.r8ncUG/source/crates/lenso-http-auth)` was not used in the crate graph
warning: patch `lenso-http-egress-plugin v0.3.6 (/private/var/folders/hp/q9psfx3j2l58mrp6g7d8x8000000gn/T/lenso-release-cohort.r8ncUG/source/crates/lenso-http-egress-plugin)` was not used in the crate graph
warning: patch `lenso-openapi-plugin v0.2.6 (/private/var/folders/hp/q9psfx3j2l58mrp6g7d8x8000000gn/T/lenso-release-cohort.r8ncUG/source/crates/lenso-openapi-plugin)` was not used in the crate graph
warning: patch `lenso-plugin-catalog v0.1.2 (/private/var/folders/hp/q9psfx3j2l58mrp6g7d8x8000000gn/T/lenso-release-cohort.r8ncUG/source/crates/lenso-plugin-catalog)` was not used in the crate graph
warning: patch `lenso-plugin-sdk v0.4.6 (/private/var/folders/hp/q9psfx3j2l58mrp6g7d8x8000000gn/T/lenso-release-cohort.r8ncUG/source/crates/lenso-plugin-sdk)` was not used in the crate graph
warning: patch `lenso-plugin-sdk-macros v0.1.0 (/private/var/folders/hp/q9psfx3j2l58mrp6g7d8x8000000gn/T/lenso-release-cohort.r8ncUG/source/crates/lenso-plugin-sdk-macros)` was not used in the crate graph
warning: patch `lenso-runtime-conformance v0.3.10 (/private/var/folders/hp/q9psfx3j2l58mrp6g7d8x8000000gn/T/lenso-release-cohort.r8ncUG/source/crates/lenso-runtime-conformance)` was not used in the crate graph
warning: patch `lenso-test v0.1.3 (/private/var/folders/hp/q9psfx3j2l58mrp6g7d8x8000000gn/T/lenso-release-cohort.r8ncUG/source/crates/lenso-test)` was not used in the crate graph
warning: patch `lenso-web-host v0.2.5 (/private/var/folders/hp/q9psfx3j2l58mrp6g7d8x8000000gn/T/lenso-release-cohort.r8ncUG/source/crates/lenso-web-host)` was not used in the crate graph
warning: patch `lenso-web-ingress-plugin v0.4.10 (/private/var/folders/hp/q9psfx3j2l58mrp6g7d8x8000000gn/T/lenso-release-cohort.r8ncUG/source/crates/lenso-web-ingress-plugin)` was not used in the crate graph
warning: patch `lenso-workers-driver v0.1.2 (/private/var/folders/hp/q9psfx3j2l58mrp6g7d8x8000000gn/T/lenso-release-cohort.r8ncUG/source/crates/lenso-workers-driver)` was not used in the crate graph
help: Check that the patched package version and available features are compatible
      with the dependency requirements. If the patch has a different version from
      what is locked in the Cargo.lock file, run `cargo update` to use the new
      version. This may also occur with an optional dependency that is not enabled.
    Packaged 17 files, 244.3KiB (49.8KiB compressed)
   Packaging lenso v0.5.28 (/private/var/folders/hp/q9psfx3j2l58mrp6g7d8x8000000gn/T/lenso-release-cohort.r8ncUG/source/crates/lenso)
warning: patch `lenso-agent-tool-cli-plugin v0.1.1 (/private/var/folders/hp/q9psfx3j2l58mrp6g7d8x8000000gn/T/lenso-release-cohort.r8ncUG/source/crates/lenso-agent-tool-cli-plugin)` was not used in the crate graph
warning: patch `lenso-browser-driver v0.1.10 (/private/var/folders/hp/q9psfx3j2l58mrp6g7d8x8000000gn/T/lenso-release-cohort.r8ncUG/source/crates/lenso-browser-driver)` was not used in the crate graph
warning: patch `lenso-bun-adapter v0.1.17 (/private/var/folders/hp/q9psfx3j2l58mrp6g7d8x8000000gn/T/lenso-release-cohort.r8ncUG/source/crates/lenso-bun-adapter)` was not used in the crate graph
warning: patch `lenso-capability-configuration-source v0.1.1 (/private/var/folders/hp/q9psfx3j2l58mrp6g7d8x8000000gn/T/lenso-release-cohort.r8ncUG/source/crates/lenso-capability-configuration-source)` was not used in the crate graph
warning: patch `lenso-capability-http-client v0.3.3 (/private/var/folders/hp/q9psfx3j2l58mrp6g7d8x8000000gn/T/lenso-release-cohort.r8ncUG/source/crates/lenso-capability-http-client)` was not used in the crate graph
warning: patch `lenso-capability-http-endpoint v0.3.6 (/private/var/folders/hp/q9psfx3j2l58mrp6g7d8x8000000gn/T/lenso-release-cohort.r8ncUG/source/crates/lenso-capability-http-endpoint)` was not used in the crate graph
warning: patch `lenso-capability-http-endpoint-macros v0.1.5 (/private/var/folders/hp/q9psfx3j2l58mrp6g7d8x8000000gn/T/lenso-release-cohort.r8ncUG/source/crates/lenso-capability-http-endpoint-macros)` was not used in the crate graph
warning: patch `lenso-capability-http-stream-endpoint v0.1.3 (/private/var/folders/hp/q9psfx3j2l58mrp6g7d8x8000000gn/T/lenso-release-cohort.r8ncUG/source/crates/lenso-capability-http-stream-endpoint)` was not used in the crate graph
warning: patch `lenso-capability-websocket-endpoint v0.1.3 (/private/var/folders/hp/q9psfx3j2l58mrp6g7d8x8000000gn/T/lenso-release-cohort.r8ncUG/source/crates/lenso-capability-websocket-endpoint)` was not used in the crate graph
warning: patch `lenso-cli v0.6.5 (/private/var/folders/hp/q9psfx3j2l58mrp6g7d8x8000000gn/T/lenso-release-cohort.r8ncUG/source/crates/lenso-cli)` was not used in the crate graph
warning: patch `lenso-contract-authoring v0.1.2 (/private/var/folders/hp/q9psfx3j2l58mrp6g7d8x8000000gn/T/lenso-release-cohort.r8ncUG/source/crates/lenso-contract-authoring)` was not used in the crate graph
warning: patch `lenso-contract-authoring-macros v0.1.1 (/private/var/folders/hp/q9psfx3j2l58mrp6g7d8x8000000gn/T/lenso-release-cohort.r8ncUG/source/crates/lenso-contract-authoring-macros)` was not used in the crate graph
warning: patch `lenso-contract-codegen v0.10.1 (/private/var/folders/hp/q9psfx3j2l58mrp6g7d8x8000000gn/T/lenso-release-cohort.r8ncUG/source/crates/lenso-contract-codegen)` was not used in the crate graph
warning: patch `lenso-contract-runtime v0.2.0 (/private/var/folders/hp/q9psfx3j2l58mrp6g7d8x8000000gn/T/lenso-release-cohort.r8ncUG/source/crates/lenso-contract-runtime)` was not used in the crate graph
warning: patch `lenso-engine v0.2.0 (/private/var/folders/hp/q9psfx3j2l58mrp6g7d8x8000000gn/T/lenso-release-cohort.r8ncUG/source/crates/lenso-engine)` was not used in the crate graph
warning: patch `lenso-engine-app v0.3.2 (/private/var/folders/hp/q9psfx3j2l58mrp6g7d8x8000000gn/T/lenso-release-cohort.r8ncUG/source/crates/lenso-engine-app)` was not used in the crate graph
warning: patch `lenso-engine-authoring v0.2.4 (/private/var/folders/hp/q9psfx3j2l58mrp6g7d8x8000000gn/T/lenso-release-cohort.r8ncUG/source/crates/lenso-engine-authoring)` was not used in the crate graph
warning: patch `lenso-engine-markdown v0.2.0 (/private/var/folders/hp/q9psfx3j2l58mrp6g7d8x8000000gn/T/lenso-release-cohort.r8ncUG/source/crates/lenso-engine-markdown)` was not used in the crate graph
warning: patch `lenso-engine-runtime v0.2.1 (/private/var/folders/hp/q9psfx3j2l58mrp6g7d8x8000000gn/T/lenso-release-cohort.r8ncUG/source/crates/lenso-engine-runtime)` was not used in the crate graph
warning: patch `lenso-guest-sdk v0.5.1 (/private/var/folders/hp/q9psfx3j2l58mrp6g7d8x8000000gn/T/lenso-release-cohort.r8ncUG/source/crates/lenso-guest-sdk)` was not used in the crate graph
warning: patch `lenso-host-distribution v0.1.24 (/private/var/folders/hp/q9psfx3j2l58mrp6g7d8x8000000gn/T/lenso-release-cohort.r8ncUG/source/crates/lenso-host-distribution)` was not used in the crate graph
warning: patch `lenso-host-runtime v0.1.10 (/private/var/folders/hp/q9psfx3j2l58mrp6g7d8x8000000gn/T/lenso-release-cohort.r8ncUG/source/crates/lenso-host-runtime)` was not used in the crate graph
warning: patch `lenso-http-auth v0.2.5 (/private/var/folders/hp/q9psfx3j2l58mrp6g7d8x8000000gn/T/lenso-release-cohort.r8ncUG/source/crates/lenso-http-auth)` was not used in the crate graph
warning: patch `lenso-http-egress-plugin v0.3.6 (/private/var/folders/hp/q9psfx3j2l58mrp6g7d8x8000000gn/T/lenso-release-cohort.r8ncUG/source/crates/lenso-http-egress-plugin)` was not used in the crate graph
warning: patch `lenso-openapi-plugin v0.2.6 (/private/var/folders/hp/q9psfx3j2l58mrp6g7d8x8000000gn/T/lenso-release-cohort.r8ncUG/source/crates/lenso-openapi-plugin)` was not used in the crate graph
warning: patch `lenso-plugin-catalog v0.1.2 (/private/var/folders/hp/q9psfx3j2l58mrp6g7d8x8000000gn/T/lenso-release-cohort.r8ncUG/source/crates/lenso-plugin-catalog)` was not used in the crate graph
warning: patch `lenso-plugin-sdk v0.4.6 (/private/var/folders/hp/q9psfx3j2l58mrp6g7d8x8000000gn/T/lenso-release-cohort.r8ncUG/source/crates/lenso-plugin-sdk)` was not used in the crate graph
warning: patch `lenso-plugin-sdk-macros v0.1.0 (/private/var/folders/hp/q9psfx3j2l58mrp6g7d8x8000000gn/T/lenso-release-cohort.r8ncUG/source/crates/lenso-plugin-sdk-macros)` was not used in the crate graph
warning: patch `lenso-runtime-conformance v0.3.10 (/private/var/folders/hp/q9psfx3j2l58mrp6g7d8x8000000gn/T/lenso-release-cohort.r8ncUG/source/crates/lenso-runtime-conformance)` was not used in the crate graph
warning: patch `lenso-web-host v0.2.5 (/private/var/folders/hp/q9psfx3j2l58mrp6g7d8x8000000gn/T/lenso-release-cohort.r8ncUG/source/crates/lenso-web-host)` was not used in the crate graph
warning: patch `lenso-web-ingress-plugin v0.4.10 (/private/var/folders/hp/q9psfx3j2l58mrp6g7d8x8000000gn/T/lenso-release-cohort.r8ncUG/source/crates/lenso-web-ingress-plugin)` was not used in the crate graph
warning: patch `lenso-workers-driver v0.1.2 (/private/var/folders/hp/q9psfx3j2l58mrp6g7d8x8000000gn/T/lenso-release-cohort.r8ncUG/source/crates/lenso-workers-driver)` was not used in the crate graph
help: Check that the patched package version and available features are compatible
      with the dependency requirements. If the patch has a different version from
      what is locked in the Cargo.lock file, run `cargo update` to use the new
      version. This may also occur with an optional dependency that is not enabled.
    Packaged 17 files, 191.4KiB (43.7KiB compressed)
warning: manifest has no documentation, homepage or repository
  |
  = note: see https://doc.rust-lang.org/cargo/reference/manifest.html#package-metadata for more info
   Packaging lenso-agent-tool-cli-plugin v0.1.1 (/private/var/folders/hp/q9psfx3j2l58mrp6g7d8x8000000gn/T/lenso-release-cohort.r8ncUG/source/crates/lenso-agent-tool-cli-plugin)
warning: patch `lenso-browser-driver v0.1.10 (/private/var/folders/hp/q9psfx3j2l58mrp6g7d8x8000000gn/T/lenso-release-cohort.r8ncUG/source/crates/lenso-browser-driver)` was not used in the crate graph
warning: patch `lenso-bun-adapter v0.1.17 (/private/var/folders/hp/q9psfx3j2l58mrp6g7d8x8000000gn/T/lenso-release-cohort.r8ncUG/source/crates/lenso-bun-adapter)` was not used in the crate graph
warning: patch `lenso-capability-configuration-source v0.1.1 (/private/var/folders/hp/q9psfx3j2l58mrp6g7d8x8000000gn/T/lenso-release-cohort.r8ncUG/source/crates/lenso-capability-configuration-source)` was not used in the crate graph
warning: patch `lenso-capability-http-client v0.3.3 (/private/var/folders/hp/q9psfx3j2l58mrp6g7d8x8000000gn/T/lenso-release-cohort.r8ncUG/source/crates/lenso-capability-http-client)` was not used in the crate graph
warning: patch `lenso-capability-http-endpoint v0.3.6 (/private/var/folders/hp/q9psfx3j2l58mrp6g7d8x8000000gn/T/lenso-release-cohort.r8ncUG/source/crates/lenso-capability-http-endpoint)` was not used in the crate graph
warning: patch `lenso-capability-http-endpoint-macros v0.1.5 (/private/var/folders/hp/q9psfx3j2l58mrp6g7d8x8000000gn/T/lenso-release-cohort.r8ncUG/source/crates/lenso-capability-http-endpoint-macros)` was not used in the crate graph
warning: patch `lenso-capability-http-stream-endpoint v0.1.3 (/private/var/folders/hp/q9psfx3j2l58mrp6g7d8x8000000gn/T/lenso-release-cohort.r8ncUG/source/crates/lenso-capability-http-stream-endpoint)` was not used in the crate graph
warning: patch `lenso-capability-websocket-endpoint v0.1.3 (/private/var/folders/hp/q9psfx3j2l58mrp6g7d8x8000000gn/T/lenso-release-cohort.r8ncUG/source/crates/lenso-capability-websocket-endpoint)` was not used in the crate graph
warning: patch `lenso-cli v0.6.5 (/private/var/folders/hp/q9psfx3j2l58mrp6g7d8x8000000gn/T/lenso-release-cohort.r8ncUG/source/crates/lenso-cli)` was not used in the crate graph
warning: patch `lenso-contract-codegen v0.10.1 (/private/var/folders/hp/q9psfx3j2l58mrp6g7d8x8000000gn/T/lenso-release-cohort.r8ncUG/source/crates/lenso-contract-codegen)` was not used in the crate graph
warning: patch `lenso-dylib-adapter v0.2.11 (/private/var/folders/hp/q9psfx3j2l58mrp6g7d8x8000000gn/T/lenso-release-cohort.r8ncUG/source/crates/lenso-dylib-adapter)` was not used in the crate graph
warning: patch `lenso-engine v0.2.0 (/private/var/folders/hp/q9psfx3j2l58mrp6g7d8x8000000gn/T/lenso-release-cohort.r8ncUG/source/crates/lenso-engine)` was not used in the crate graph
warning: patch `lenso-engine-app v0.3.2 (/private/var/folders/hp/q9psfx3j2l58mrp6g7d8x8000000gn/T/lenso-release-cohort.r8ncUG/source/crates/lenso-engine-app)` was not used in the crate graph
warning: patch `lenso-engine-authoring v0.2.4 (/private/var/folders/hp/q9psfx3j2l58mrp6g7d8x8000000gn/T/lenso-release-cohort.r8ncUG/source/crates/lenso-engine-authoring)` was not used in the crate graph
warning: patch `lenso-engine-markdown v0.2.0 (/private/var/folders/hp/q9psfx3j2l58mrp6g7d8x8000000gn/T/lenso-release-cohort.r8ncUG/source/crates/lenso-engine-markdown)` was not used in the crate graph
warning: patch `lenso-engine-runtime v0.2.1 (/private/var/folders/hp/q9psfx3j2l58mrp6g7d8x8000000gn/T/lenso-release-cohort.r8ncUG/source/crates/lenso-engine-runtime)` was not used in the crate graph
warning: patch `lenso-guest-sdk v0.5.1 (/private/var/folders/hp/q9psfx3j2l58mrp6g7d8x8000000gn/T/lenso-release-cohort.r8ncUG/source/crates/lenso-guest-sdk)` was not used in the crate graph
warning: patch `lenso-host-distribution v0.1.24 (/private/var/folders/hp/q9psfx3j2l58mrp6g7d8x8000000gn/T/lenso-release-cohort.r8ncUG/source/crates/lenso-host-distribution)` was not used in the crate graph
warning: patch `lenso-host-runtime v0.1.10 (/private/var/folders/hp/q9psfx3j2l58mrp6g7d8x8000000gn/T/lenso-release-cohort.r8ncUG/source/crates/lenso-host-runtime)` was not used in the crate graph
warning: patch `lenso-http-auth v0.2.5 (/private/var/folders/hp/q9psfx3j2l58mrp6g7d8x8000000gn/T/lenso-release-cohort.r8ncUG/source/crates/lenso-http-auth)` was not used in the crate graph
warning: patch `lenso-http-egress-plugin v0.3.6 (/private/var/folders/hp/q9psfx3j2l58mrp6g7d8x8000000gn/T/lenso-release-cohort.r8ncUG/source/crates/lenso-http-egress-plugin)` was not used in the crate graph
warning: patch `lenso-openapi-plugin v0.2.6 (/private/var/folders/hp/q9psfx3j2l58mrp6g7d8x8000000gn/T/lenso-release-cohort.r8ncUG/source/crates/lenso-openapi-plugin)` was not used in the crate graph
warning: patch `lenso-plugin-bundle v0.6.1 (/private/var/folders/hp/q9psfx3j2l58mrp6g7d8x8000000gn/T/lenso-release-cohort.r8ncUG/source/crates/lenso-plugin-bundle)` was not used in the crate graph
warning: patch `lenso-plugin-catalog v0.1.2 (/private/var/folders/hp/q9psfx3j2l58mrp6g7d8x8000000gn/T/lenso-release-cohort.r8ncUG/source/crates/lenso-plugin-catalog)` was not used in the crate graph
warning: patch `lenso-plugin-control-plane v0.4.26 (/private/var/folders/hp/q9psfx3j2l58mrp6g7d8x8000000gn/T/lenso-release-cohort.r8ncUG/source/crates/lenso-plugin-control-plane)` was not used in the crate graph
warning: patch `lenso-plugin-sdk v0.4.6 (/private/var/folders/hp/q9psfx3j2l58mrp6g7d8x8000000gn/T/lenso-release-cohort.r8ncUG/source/crates/lenso-plugin-sdk)` was not used in the crate graph
warning: patch `lenso-plugin-sdk-macros v0.1.0 (/private/var/folders/hp/q9psfx3j2l58mrp6g7d8x8000000gn/T/lenso-release-cohort.r8ncUG/source/crates/lenso-plugin-sdk-macros)` was not used in the crate graph
warning: patch `lenso-process-adapter v0.3.15 (/private/var/folders/hp/q9psfx3j2l58mrp6g7d8x8000000gn/T/lenso-release-cohort.r8ncUG/source/crates/lenso-process-adapter)` was not used in the crate graph
warning: patch `lenso-process-protocol v0.2.3 (/private/var/folders/hp/q9psfx3j2l58mrp6g7d8x8000000gn/T/lenso-release-cohort.r8ncUG/source/crates/lenso-process-protocol)` was not used in the crate graph
warning: patch `lenso-process-sdk v0.2.0 (/private/var/folders/hp/q9psfx3j2l58mrp6g7d8x8000000gn/T/lenso-release-cohort.r8ncUG/source/crates/lenso-process-sdk)` was not used in the crate graph
warning: patch `lenso-quickjs-adapter v0.2.11 (/private/var/folders/hp/q9psfx3j2l58mrp6g7d8x8000000gn/T/lenso-release-cohort.r8ncUG/source/crates/lenso-quickjs-adapter)` was not used in the crate graph
warning: patch `lenso-remote-adapter v0.1.10 (/private/var/folders/hp/q9psfx3j2l58mrp6g7d8x8000000gn/T/lenso-release-cohort.r8ncUG/source/crates/lenso-remote-adapter)` was not used in the crate graph
warning: patch `lenso-runner v0.2.20 (/private/var/folders/hp/q9psfx3j2l58mrp6g7d8x8000000gn/T/lenso-release-cohort.r8ncUG/source/crates/lenso-runner)` was not used in the crate graph
warning: patch `lenso-runtime-conformance v0.3.10 (/private/var/folders/hp/q9psfx3j2l58mrp6g7d8x8000000gn/T/lenso-release-cohort.r8ncUG/source/crates/lenso-runtime-conformance)` was not used in the crate graph
warning: patch `lenso-test v0.1.3 (/private/var/folders/hp/q9psfx3j2l58mrp6g7d8x8000000gn/T/lenso-release-cohort.r8ncUG/source/crates/lenso-test)` was not used in the crate graph
warning: patch `lenso-wasm-component-adapter v0.2.18 (/private/var/folders/hp/q9psfx3j2l58mrp6g7d8x8000000gn/T/lenso-release-cohort.r8ncUG/source/crates/lenso-wasm-component-adapter)` was not used in the crate graph
warning: patch `lenso-web-host v0.2.5 (/private/var/folders/hp/q9psfx3j2l58mrp6g7d8x8000000gn/T/lenso-release-cohort.r8ncUG/source/crates/lenso-web-host)` was not used in the crate graph
warning: patch `lenso-web-ingress-plugin v0.4.10 (/private/var/folders/hp/q9psfx3j2l58mrp6g7d8x8000000gn/T/lenso-release-cohort.r8ncUG/source/crates/lenso-web-ingress-plugin)` was not used in the crate graph
warning: patch `lenso-workers-driver v0.1.2 (/private/var/folders/hp/q9psfx3j2l58mrp6g7d8x8000000gn/T/lenso-release-cohort.r8ncUG/source/crates/lenso-workers-driver)` was not used in the crate graph
help: Check that the patched package version and available features are compatible
      with the dependency requirements. If the patch has a different version from
      what is locked in the Cargo.lock file, run `cargo update` to use the new
      version. This may also occur with an optional dependency that is not enabled.
    Packaged 4 files, 26.5KiB (7.4KiB compressed)
   Packaging lenso-capability-http-endpoint v0.3.6 (/private/var/folders/hp/q9psfx3j2l58mrp6g7d8x8000000gn/T/lenso-release-cohort.r8ncUG/source/crates/lenso-capability-http-endpoint)
warning: patch `lenso-agent-tool-cli-plugin v0.1.1 (/private/var/folders/hp/q9psfx3j2l58mrp6g7d8x8000000gn/T/lenso-release-cohort.r8ncUG/source/crates/lenso-agent-tool-cli-plugin)` was not used in the crate graph
warning: patch `lenso-browser-driver v0.1.10 (/private/var/folders/hp/q9psfx3j2l58mrp6g7d8x8000000gn/T/lenso-release-cohort.r8ncUG/source/crates/lenso-browser-driver)` was not used in the crate graph
warning: patch `lenso-bun-adapter v0.1.17 (/private/var/folders/hp/q9psfx3j2l58mrp6g7d8x8000000gn/T/lenso-release-cohort.r8ncUG/source/crates/lenso-bun-adapter)` was not used in the crate graph
warning: patch `lenso-capability-configuration-source v0.1.1 (/private/var/folders/hp/q9psfx3j2l58mrp6g7d8x8000000gn/T/lenso-release-cohort.r8ncUG/source/crates/lenso-capability-configuration-source)` was not used in the crate graph
warning: patch `lenso-capability-http-client v0.3.3 (/private/var/folders/hp/q9psfx3j2l58mrp6g7d8x8000000gn/T/lenso-release-cohort.r8ncUG/source/crates/lenso-capability-http-client)` was not used in the crate graph
warning: patch `lenso-capability-http-stream-endpoint v0.1.3 (/private/var/folders/hp/q9psfx3j2l58mrp6g7d8x8000000gn/T/lenso-release-cohort.r8ncUG/source/crates/lenso-capability-http-stream-endpoint)` was not used in the crate graph
warning: patch `lenso-capability-websocket-endpoint v0.1.3 (/private/var/folders/hp/q9psfx3j2l58mrp6g7d8x8000000gn/T/lenso-release-cohort.r8ncUG/source/crates/lenso-capability-websocket-endpoint)` was not used in the crate graph
warning: patch `lenso-cli v0.6.5 (/private/var/folders/hp/q9psfx3j2l58mrp6g7d8x8000000gn/T/lenso-release-cohort.r8ncUG/source/crates/lenso-cli)` was not used in the crate graph
warning: patch `lenso-dylib-adapter v0.2.11 (/private/var/folders/hp/q9psfx3j2l58mrp6g7d8x8000000gn/T/lenso-release-cohort.r8ncUG/source/crates/lenso-dylib-adapter)` was not used in the crate graph
warning: patch `lenso-engine v0.2.0 (/private/var/folders/hp/q9psfx3j2l58mrp6g7d8x8000000gn/T/lenso-release-cohort.r8ncUG/source/crates/lenso-engine)` was not used in the crate graph
warning: patch `lenso-engine-app v0.3.2 (/private/var/folders/hp/q9psfx3j2l58mrp6g7d8x8000000gn/T/lenso-release-cohort.r8ncUG/source/crates/lenso-engine-app)` was not used in the crate graph
warning: patch `lenso-engine-authoring v0.2.4 (/private/var/folders/hp/q9psfx3j2l58mrp6g7d8x8000000gn/T/lenso-release-cohort.r8ncUG/source/crates/lenso-engine-authoring)` was not used in the crate graph
warning: patch `lenso-engine-markdown v0.2.0 (/private/var/folders/hp/q9psfx3j2l58mrp6g7d8x8000000gn/T/lenso-release-cohort.r8ncUG/source/crates/lenso-engine-markdown)` was not used in the crate graph
warning: patch `lenso-engine-runtime v0.2.1 (/private/var/folders/hp/q9psfx3j2l58mrp6g7d8x8000000gn/T/lenso-release-cohort.r8ncUG/source/crates/lenso-engine-runtime)` was not used in the crate graph
warning: patch `lenso-host-distribution v0.1.24 (/private/var/folders/hp/q9psfx3j2l58mrp6g7d8x8000000gn/T/lenso-release-cohort.r8ncUG/source/crates/lenso-host-distribution)` was not used in the crate graph
warning: patch `lenso-host-runtime v0.1.10 (/private/var/folders/hp/q9psfx3j2l58mrp6g7d8x8000000gn/T/lenso-release-cohort.r8ncUG/source/crates/lenso-host-runtime)` was not used in the crate graph
warning: patch `lenso-http-auth v0.2.5 (/private/var/folders/hp/q9psfx3j2l58mrp6g7d8x8000000gn/T/lenso-release-cohort.r8ncUG/source/crates/lenso-http-auth)` was not used in the crate graph
warning: patch `lenso-http-egress-plugin v0.3.6 (/private/var/folders/hp/q9psfx3j2l58mrp6g7d8x8000000gn/T/lenso-release-cohort.r8ncUG/source/crates/lenso-http-egress-plugin)` was not used in the crate graph
warning: patch `lenso-openapi-plugin v0.2.6 (/private/var/folders/hp/q9psfx3j2l58mrp6g7d8x8000000gn/T/lenso-release-cohort.r8ncUG/source/crates/lenso-openapi-plugin)` was not used in the crate graph
warning: patch `lenso-plugin-bundle v0.6.1 (/private/var/folders/hp/q9psfx3j2l58mrp6g7d8x8000000gn/T/lenso-release-cohort.r8ncUG/source/crates/lenso-plugin-bundle)` was not used in the crate graph
warning: patch `lenso-plugin-catalog v0.1.2 (/private/var/folders/hp/q9psfx3j2l58mrp6g7d8x8000000gn/T/lenso-release-cohort.r8ncUG/source/crates/lenso-plugin-catalog)` was not used in the crate graph
warning: patch `lenso-plugin-control-plane v0.4.26 (/private/var/folders/hp/q9psfx3j2l58mrp6g7d8x8000000gn/T/lenso-release-cohort.r8ncUG/source/crates/lenso-plugin-control-plane)` was not used in the crate graph
warning: patch `lenso-plugin-sdk v0.4.6 (/private/var/folders/hp/q9psfx3j2l58mrp6g7d8x8000000gn/T/lenso-release-cohort.r8ncUG/source/crates/lenso-plugin-sdk)` was not used in the crate graph
warning: patch `lenso-plugin-sdk-macros v0.1.0 (/private/var/folders/hp/q9psfx3j2l58mrp6g7d8x8000000gn/T/lenso-release-cohort.r8ncUG/source/crates/lenso-plugin-sdk-macros)` was not used in the crate graph
warning: patch `lenso-process-adapter v0.3.15 (/private/var/folders/hp/q9psfx3j2l58mrp6g7d8x8000000gn/T/lenso-release-cohort.r8ncUG/source/crates/lenso-process-adapter)` was not used in the crate graph
warning: patch `lenso-quickjs-adapter v0.2.11 (/private/var/folders/hp/q9psfx3j2l58mrp6g7d8x8000000gn/T/lenso-release-cohort.r8ncUG/source/crates/lenso-quickjs-adapter)` was not used in the crate graph
warning: patch `lenso-remote-adapter v0.1.10 (/private/var/folders/hp/q9psfx3j2l58mrp6g7d8x8000000gn/T/lenso-release-cohort.r8ncUG/source/crates/lenso-remote-adapter)` was not used in the crate graph
warning: patch `lenso-runner v0.2.20 (/private/var/folders/hp/q9psfx3j2l58mrp6g7d8x8000000gn/T/lenso-release-cohort.r8ncUG/source/crates/lenso-runner)` was not used in the crate graph
warning: patch `lenso-runtime-conformance v0.3.10 (/private/var/folders/hp/q9psfx3j2l58mrp6g7d8x8000000gn/T/lenso-release-cohort.r8ncUG/source/crates/lenso-runtime-conformance)` was not used in the crate graph
warning: patch `lenso-test v0.1.3 (/private/var/folders/hp/q9psfx3j2l58mrp6g7d8x8000000gn/T/lenso-release-cohort.r8ncUG/source/crates/lenso-test)` was not used in the crate graph
warning: patch `lenso-wasm-component-adapter v0.2.18 (/private/var/folders/hp/q9psfx3j2l58mrp6g7d8x8000000gn/T/lenso-release-cohort.r8ncUG/source/crates/lenso-wasm-component-adapter)` was not used in the crate graph
warning: patch `lenso-web-host v0.2.5 (/private/var/folders/hp/q9psfx3j2l58mrp6g7d8x8000000gn/T/lenso-release-cohort.r8ncUG/source/crates/lenso-web-host)` was not used in the crate graph
warning: patch `lenso-web-ingress-plugin v0.4.10 (/private/var/folders/hp/q9psfx3j2l58mrp6g7d8x8000000gn/T/lenso-release-cohort.r8ncUG/source/crates/lenso-web-ingress-plugin)` was not used in the crate graph
warning: patch `lenso-workers-driver v0.1.2 (/private/var/folders/hp/q9psfx3j2l58mrp6g7d8x8000000gn/T/lenso-release-cohort.r8ncUG/source/crates/lenso-workers-driver)` was not used in the crate graph
help: Check that the patched package version and available features are compatible
      with the dependency requirements. If the patch has a different version from
      what is locked in the Cargo.lock file, run `cargo update` to use the new
      version. This may also occur with an optional dependency that is not enabled.
    Packaged 24 files, 157.7KiB (32.8KiB compressed)
   Packaging lenso-host-runtime v0.1.10 (/private/var/folders/hp/q9psfx3j2l58mrp6g7d8x8000000gn/T/lenso-release-cohort.r8ncUG/source/crates/lenso-host-runtime)
warning: patch `lenso-agent-tool-cli-plugin v0.1.1 (/private/var/folders/hp/q9psfx3j2l58mrp6g7d8x8000000gn/T/lenso-release-cohort.r8ncUG/source/crates/lenso-agent-tool-cli-plugin)` was not used in the crate graph
warning: patch `lenso-browser-driver v0.1.10 (/private/var/folders/hp/q9psfx3j2l58mrp6g7d8x8000000gn/T/lenso-release-cohort.r8ncUG/source/crates/lenso-browser-driver)` was not used in the crate graph
warning: patch `lenso-capability-configuration-source v0.1.1 (/private/var/folders/hp/q9psfx3j2l58mrp6g7d8x8000000gn/T/lenso-release-cohort.r8ncUG/source/crates/lenso-capability-configuration-source)` was not used in the crate graph
warning: patch `lenso-capability-http-client v0.3.3 (/private/var/folders/hp/q9psfx3j2l58mrp6g7d8x8000000gn/T/lenso-release-cohort.r8ncUG/source/crates/lenso-capability-http-client)` was not used in the crate graph
warning: patch `lenso-capability-http-endpoint v0.3.6 (/private/var/folders/hp/q9psfx3j2l58mrp6g7d8x8000000gn/T/lenso-release-cohort.r8ncUG/source/crates/lenso-capability-http-endpoint)` was not used in the crate graph
warning: patch `lenso-capability-http-endpoint-macros v0.1.5 (/private/var/folders/hp/q9psfx3j2l58mrp6g7d8x8000000gn/T/lenso-release-cohort.r8ncUG/source/crates/lenso-capability-http-endpoint-macros)` was not used in the crate graph
warning: patch `lenso-capability-http-stream-endpoint v0.1.3 (/private/var/folders/hp/q9psfx3j2l58mrp6g7d8x8000000gn/T/lenso-release-cohort.r8ncUG/source/crates/lenso-capability-http-stream-endpoint)` was not used in the crate graph
warning: patch `lenso-capability-websocket-endpoint v0.1.3 (/private/var/folders/hp/q9psfx3j2l58mrp6g7d8x8000000gn/T/lenso-release-cohort.r8ncUG/source/crates/lenso-capability-websocket-endpoint)` was not used in the crate graph
warning: patch `lenso-cli v0.6.5 (/private/var/folders/hp/q9psfx3j2l58mrp6g7d8x8000000gn/T/lenso-release-cohort.r8ncUG/source/crates/lenso-cli)` was not used in the crate graph
warning: patch `lenso-contract-authoring v0.1.2 (/private/var/folders/hp/q9psfx3j2l58mrp6g7d8x8000000gn/T/lenso-release-cohort.r8ncUG/source/crates/lenso-contract-authoring)` was not used in the crate graph
warning: patch `lenso-contract-authoring-macros v0.1.1 (/private/var/folders/hp/q9psfx3j2l58mrp6g7d8x8000000gn/T/lenso-release-cohort.r8ncUG/source/crates/lenso-contract-authoring-macros)` was not used in the crate graph
warning: patch `lenso-contract-codegen v0.10.1 (/private/var/folders/hp/q9psfx3j2l58mrp6g7d8x8000000gn/T/lenso-release-cohort.r8ncUG/source/crates/lenso-contract-codegen)` was not used in the crate graph
warning: patch `lenso-contract-runtime v0.2.0 (/private/var/folders/hp/q9psfx3j2l58mrp6g7d8x8000000gn/T/lenso-release-cohort.r8ncUG/source/crates/lenso-contract-runtime)` was not used in the crate graph
warning: patch `lenso-engine v0.2.0 (/private/var/folders/hp/q9psfx3j2l58mrp6g7d8x8000000gn/T/lenso-release-cohort.r8ncUG/source/crates/lenso-engine)` was not used in the crate graph
warning: patch `lenso-engine-app v0.3.2 (/private/var/folders/hp/q9psfx3j2l58mrp6g7d8x8000000gn/T/lenso-release-cohort.r8ncUG/source/crates/lenso-engine-app)` was not used in the crate graph
warning: patch `lenso-engine-authoring v0.2.4 (/private/var/folders/hp/q9psfx3j2l58mrp6g7d8x8000000gn/T/lenso-release-cohort.r8ncUG/source/crates/lenso-engine-authoring)` was not used in the crate graph
warning: patch `lenso-engine-markdown v0.2.0 (/private/var/folders/hp/q9psfx3j2l58mrp6g7d8x8000000gn/T/lenso-release-cohort.r8ncUG/source/crates/lenso-engine-markdown)` was not used in the crate graph
warning: patch `lenso-engine-runtime v0.2.1 (/private/var/folders/hp/q9psfx3j2l58mrp6g7d8x8000000gn/T/lenso-release-cohort.r8ncUG/source/crates/lenso-engine-runtime)` was not used in the crate graph
warning: patch `lenso-guest-sdk v0.5.1 (/private/var/folders/hp/q9psfx3j2l58mrp6g7d8x8000000gn/T/lenso-release-cohort.r8ncUG/source/crates/lenso-guest-sdk)` was not used in the crate graph
warning: patch `lenso-http-auth v0.2.5 (/private/var/folders/hp/q9psfx3j2l58mrp6g7d8x8000000gn/T/lenso-release-cohort.r8ncUG/source/crates/lenso-http-auth)` was not used in the crate graph
warning: patch `lenso-http-egress-plugin v0.3.6 (/private/var/folders/hp/q9psfx3j2l58mrp6g7d8x8000000gn/T/lenso-release-cohort.r8ncUG/source/crates/lenso-http-egress-plugin)` was not used in the crate graph
warning: patch `lenso-openapi-plugin v0.2.6 (/private/var/folders/hp/q9psfx3j2l58mrp6g7d8x8000000gn/T/lenso-release-cohort.r8ncUG/source/crates/lenso-openapi-plugin)` was not used in the crate graph
warning: patch `lenso-plugin-catalog v0.1.2 (/private/var/folders/hp/q9psfx3j2l58mrp6g7d8x8000000gn/T/lenso-release-cohort.r8ncUG/source/crates/lenso-plugin-catalog)` was not used in the crate graph
warning: patch `lenso-plugin-sdk v0.4.6 (/private/var/folders/hp/q9psfx3j2l58mrp6g7d8x8000000gn/T/lenso-release-cohort.r8ncUG/source/crates/lenso-plugin-sdk)` was not used in the crate graph
warning: patch `lenso-plugin-sdk-macros v0.1.0 (/private/var/folders/hp/q9psfx3j2l58mrp6g7d8x8000000gn/T/lenso-release-cohort.r8ncUG/source/crates/lenso-plugin-sdk-macros)` was not used in the crate graph
warning: patch `lenso-runtime-conformance v0.3.10 (/private/var/folders/hp/q9psfx3j2l58mrp6g7d8x8000000gn/T/lenso-release-cohort.r8ncUG/source/crates/lenso-runtime-conformance)` was not used in the crate graph
warning: patch `lenso-test v0.1.3 (/private/var/folders/hp/q9psfx3j2l58mrp6g7d8x8000000gn/T/lenso-release-cohort.r8ncUG/source/crates/lenso-test)` was not used in the crate graph
warning: patch `lenso-web-host v0.2.5 (/private/var/folders/hp/q9psfx3j2l58mrp6g7d8x8000000gn/T/lenso-release-cohort.r8ncUG/source/crates/lenso-web-host)` was not used in the crate graph
warning: patch `lenso-web-ingress-plugin v0.4.10 (/private/var/folders/hp/q9psfx3j2l58mrp6g7d8x8000000gn/T/lenso-release-cohort.r8ncUG/source/crates/lenso-web-ingress-plugin)` was not used in the crate graph
warning: patch `lenso-workers-driver v0.1.2 (/private/var/folders/hp/q9psfx3j2l58mrp6g7d8x8000000gn/T/lenso-release-cohort.r8ncUG/source/crates/lenso-workers-driver)` was not used in the crate graph
help: Check that the patched package version and available features are compatible
      with the dependency requirements. If the patch has a different version from
      what is locked in the Cargo.lock file, run `cargo update` to use the new
      version. This may also occur with an optional dependency that is not enabled.
    Packaged 5 files, 126.5KiB (31.7KiB compressed)
   Packaging lenso-http-auth v0.2.5 (/private/var/folders/hp/q9psfx3j2l58mrp6g7d8x8000000gn/T/lenso-release-cohort.r8ncUG/source/crates/lenso-http-auth)
warning: patch `lenso v0.5.28 (/private/var/folders/hp/q9psfx3j2l58mrp6g7d8x8000000gn/T/lenso-release-cohort.r8ncUG/source/crates/lenso)` was not used in the crate graph
warning: patch `lenso-agent-tool-cli-plugin v0.1.1 (/private/var/folders/hp/q9psfx3j2l58mrp6g7d8x8000000gn/T/lenso-release-cohort.r8ncUG/source/crates/lenso-agent-tool-cli-plugin)` was not used in the crate graph
warning: patch `lenso-browser-driver v0.1.10 (/private/var/folders/hp/q9psfx3j2l58mrp6g7d8x8000000gn/T/lenso-release-cohort.r8ncUG/source/crates/lenso-browser-driver)` was not used in the crate graph
warning: patch `lenso-bun-adapter v0.1.17 (/private/var/folders/hp/q9psfx3j2l58mrp6g7d8x8000000gn/T/lenso-release-cohort.r8ncUG/source/crates/lenso-bun-adapter)` was not used in the crate graph
warning: patch `lenso-capability-configuration-source v0.1.1 (/private/var/folders/hp/q9psfx3j2l58mrp6g7d8x8000000gn/T/lenso-release-cohort.r8ncUG/source/crates/lenso-capability-configuration-source)` was not used in the crate graph
warning: patch `lenso-capability-http-client v0.3.3 (/private/var/folders/hp/q9psfx3j2l58mrp6g7d8x8000000gn/T/lenso-release-cohort.r8ncUG/source/crates/lenso-capability-http-client)` was not used in the crate graph
warning: patch `lenso-capability-http-stream-endpoint v0.1.3 (/private/var/folders/hp/q9psfx3j2l58mrp6g7d8x8000000gn/T/lenso-release-cohort.r8ncUG/source/crates/lenso-capability-http-stream-endpoint)` was not used in the crate graph
warning: patch `lenso-capability-websocket-endpoint v0.1.3 (/private/var/folders/hp/q9psfx3j2l58mrp6g7d8x8000000gn/T/lenso-release-cohort.r8ncUG/source/crates/lenso-capability-websocket-endpoint)` was not used in the crate graph
warning: patch `lenso-cli v0.6.5 (/private/var/folders/hp/q9psfx3j2l58mrp6g7d8x8000000gn/T/lenso-release-cohort.r8ncUG/source/crates/lenso-cli)` was not used in the crate graph
warning: patch `lenso-dylib-adapter v0.2.11 (/private/var/folders/hp/q9psfx3j2l58mrp6g7d8x8000000gn/T/lenso-release-cohort.r8ncUG/source/crates/lenso-dylib-adapter)` was not used in the crate graph
warning: patch `lenso-engine v0.2.0 (/private/var/folders/hp/q9psfx3j2l58mrp6g7d8x8000000gn/T/lenso-release-cohort.r8ncUG/source/crates/lenso-engine)` was not used in the crate graph
warning: patch `lenso-engine-app v0.3.2 (/private/var/folders/hp/q9psfx3j2l58mrp6g7d8x8000000gn/T/lenso-release-cohort.r8ncUG/source/crates/lenso-engine-app)` was not used in the crate graph
warning: patch `lenso-engine-authoring v0.2.4 (/private/var/folders/hp/q9psfx3j2l58mrp6g7d8x8000000gn/T/lenso-release-cohort.r8ncUG/source/crates/lenso-engine-authoring)` was not used in the crate graph
warning: patch `lenso-engine-markdown v0.2.0 (/private/var/folders/hp/q9psfx3j2l58mrp6g7d8x8000000gn/T/lenso-release-cohort.r8ncUG/source/crates/lenso-engine-markdown)` was not used in the crate graph
warning: patch `lenso-engine-runtime v0.2.1 (/private/var/folders/hp/q9psfx3j2l58mrp6g7d8x8000000gn/T/lenso-release-cohort.r8ncUG/source/crates/lenso-engine-runtime)` was not used in the crate graph
warning: patch `lenso-host-distribution v0.1.24 (/private/var/folders/hp/q9psfx3j2l58mrp6g7d8x8000000gn/T/lenso-release-cohort.r8ncUG/source/crates/lenso-host-distribution)` was not used in the crate graph
warning: patch `lenso-host-runtime v0.1.10 (/private/var/folders/hp/q9psfx3j2l58mrp6g7d8x8000000gn/T/lenso-release-cohort.r8ncUG/source/crates/lenso-host-runtime)` was not used in the crate graph
warning: patch `lenso-http-egress-plugin v0.3.6 (/private/var/folders/hp/q9psfx3j2l58mrp6g7d8x8000000gn/T/lenso-release-cohort.r8ncUG/source/crates/lenso-http-egress-plugin)` was not used in the crate graph
warning: patch `lenso-native-adapter v0.3.19 (/private/var/folders/hp/q9psfx3j2l58mrp6g7d8x8000000gn/T/lenso-release-cohort.r8ncUG/source/crates/lenso-native-adapter)` was not used in the crate graph
warning: patch `lenso-native-adapter-macros v0.2.8 (/private/var/folders/hp/q9psfx3j2l58mrp6g7d8x8000000gn/T/lenso-release-cohort.r8ncUG/source/crates/lenso-native-adapter-macros)` was not used in the crate graph
warning: patch `lenso-openapi-plugin v0.2.6 (/private/var/folders/hp/q9psfx3j2l58mrp6g7d8x8000000gn/T/lenso-release-cohort.r8ncUG/source/crates/lenso-openapi-plugin)` was not used in the crate graph
warning: patch `lenso-plugin-bundle v0.6.1 (/private/var/folders/hp/q9psfx3j2l58mrp6g7d8x8000000gn/T/lenso-release-cohort.r8ncUG/source/crates/lenso-plugin-bundle)` was not used in the crate graph
warning: patch `lenso-plugin-catalog v0.1.2 (/private/var/folders/hp/q9psfx3j2l58mrp6g7d8x8000000gn/T/lenso-release-cohort.r8ncUG/source/crates/lenso-plugin-catalog)` was not used in the crate graph
warning: patch `lenso-plugin-control-plane v0.4.26 (/private/var/folders/hp/q9psfx3j2l58mrp6g7d8x8000000gn/T/lenso-release-cohort.r8ncUG/source/crates/lenso-plugin-control-plane)` was not used in the crate graph
warning: patch `lenso-plugin-sdk v0.4.6 (/private/var/folders/hp/q9psfx3j2l58mrp6g7d8x8000000gn/T/lenso-release-cohort.r8ncUG/source/crates/lenso-plugin-sdk)` was not used in the crate graph
warning: patch `lenso-plugin-sdk-macros v0.1.0 (/private/var/folders/hp/q9psfx3j2l58mrp6g7d8x8000000gn/T/lenso-release-cohort.r8ncUG/source/crates/lenso-plugin-sdk-macros)` was not used in the crate graph
warning: patch `lenso-process-adapter v0.3.15 (/private/var/folders/hp/q9psfx3j2l58mrp6g7d8x8000000gn/T/lenso-release-cohort.r8ncUG/source/crates/lenso-process-adapter)` was not used in the crate graph
warning: patch `lenso-process-protocol v0.2.3 (/private/var/folders/hp/q9psfx3j2l58mrp6g7d8x8000000gn/T/lenso-release-cohort.r8ncUG/source/crates/lenso-process-protocol)` was not used in the crate graph
warning: patch `lenso-process-sdk v0.2.0 (/private/var/folders/hp/q9psfx3j2l58mrp6g7d8x8000000gn/T/lenso-release-cohort.r8ncUG/source/crates/lenso-process-sdk)` was not used in the crate graph
warning: patch `lenso-quickjs-adapter v0.2.11 (/private/var/folders/hp/q9psfx3j2l58mrp6g7d8x8000000gn/T/lenso-release-cohort.r8ncUG/source/crates/lenso-quickjs-adapter)` was not used in the crate graph
warning: patch `lenso-remote-adapter v0.1.10 (/private/var/folders/hp/q9psfx3j2l58mrp6g7d8x8000000gn/T/lenso-release-cohort.r8ncUG/source/crates/lenso-remote-adapter)` was not used in the crate graph
warning: patch `lenso-runner v0.2.20 (/private/var/folders/hp/q9psfx3j2l58mrp6g7d8x8000000gn/T/lenso-release-cohort.r8ncUG/source/crates/lenso-runner)` was not used in the crate graph
warning: patch `lenso-runtime-conformance v0.3.10 (/private/var/folders/hp/q9psfx3j2l58mrp6g7d8x8000000gn/T/lenso-release-cohort.r8ncUG/source/crates/lenso-runtime-conformance)` was not used in the crate graph
warning: patch `lenso-test v0.1.3 (/private/var/folders/hp/q9psfx3j2l58mrp6g7d8x8000000gn/T/lenso-release-cohort.r8ncUG/source/crates/lenso-test)` was not used in the crate graph
warning: patch `lenso-wasm-component-adapter v0.2.18 (/private/var/folders/hp/q9psfx3j2l58mrp6g7d8x8000000gn/T/lenso-release-cohort.r8ncUG/source/crates/lenso-wasm-component-adapter)` was not used in the crate graph
warning: patch `lenso-web-host v0.2.5 (/private/var/folders/hp/q9psfx3j2l58mrp6g7d8x8000000gn/T/lenso-release-cohort.r8ncUG/source/crates/lenso-web-host)` was not used in the crate graph
warning: patch `lenso-web-ingress-plugin v0.4.10 (/private/var/folders/hp/q9psfx3j2l58mrp6g7d8x8000000gn/T/lenso-release-cohort.r8ncUG/source/crates/lenso-web-ingress-plugin)` was not used in the crate graph
warning: patch `lenso-workers-driver v0.1.2 (/private/var/folders/hp/q9psfx3j2l58mrp6g7d8x8000000gn/T/lenso-release-cohort.r8ncUG/source/crates/lenso-workers-driver)` was not used in the crate graph
help: Check that the patched package version and available features are compatible
      with the dependency requirements. If the patch has a different version from
      what is locked in the Cargo.lock file, run `cargo update` to use the new
      version. This may also occur with an optional dependency that is not enabled.
    Packaged 4 files, 34.0KiB (9.6KiB compressed)
   Packaging lenso-http-egress-plugin v0.3.6 (/private/var/folders/hp/q9psfx3j2l58mrp6g7d8x8000000gn/T/lenso-release-cohort.r8ncUG/source/crates/lenso-http-egress-plugin)
warning: patch `lenso-agent-tool-cli-plugin v0.1.1 (/private/var/folders/hp/q9psfx3j2l58mrp6g7d8x8000000gn/T/lenso-release-cohort.r8ncUG/source/crates/lenso-agent-tool-cli-plugin)` was not used in the crate graph
warning: patch `lenso-browser-driver v0.1.10 (/private/var/folders/hp/q9psfx3j2l58mrp6g7d8x8000000gn/T/lenso-release-cohort.r8ncUG/source/crates/lenso-browser-driver)` was not used in the crate graph
warning: patch `lenso-bun-adapter v0.1.17 (/private/var/folders/hp/q9psfx3j2l58mrp6g7d8x8000000gn/T/lenso-release-cohort.r8ncUG/source/crates/lenso-bun-adapter)` was not used in the crate graph
warning: patch `lenso-capability-configuration-source v0.1.1 (/private/var/folders/hp/q9psfx3j2l58mrp6g7d8x8000000gn/T/lenso-release-cohort.r8ncUG/source/crates/lenso-capability-configuration-source)` was not used in the crate graph
warning: patch `lenso-capability-http-endpoint v0.3.6 (/private/var/folders/hp/q9psfx3j2l58mrp6g7d8x8000000gn/T/lenso-release-cohort.r8ncUG/source/crates/lenso-capability-http-endpoint)` was not used in the crate graph
warning: patch `lenso-capability-http-endpoint-macros v0.1.5 (/private/var/folders/hp/q9psfx3j2l58mrp6g7d8x8000000gn/T/lenso-release-cohort.r8ncUG/source/crates/lenso-capability-http-endpoint-macros)` was not used in the crate graph
warning: patch `lenso-capability-http-stream-endpoint v0.1.3 (/private/var/folders/hp/q9psfx3j2l58mrp6g7d8x8000000gn/T/lenso-release-cohort.r8ncUG/source/crates/lenso-capability-http-stream-endpoint)` was not used in the crate graph
warning: patch `lenso-capability-websocket-endpoint v0.1.3 (/private/var/folders/hp/q9psfx3j2l58mrp6g7d8x8000000gn/T/lenso-release-cohort.r8ncUG/source/crates/lenso-capability-websocket-endpoint)` was not used in the crate graph
warning: patch `lenso-cli v0.6.5 (/private/var/folders/hp/q9psfx3j2l58mrp6g7d8x8000000gn/T/lenso-release-cohort.r8ncUG/source/crates/lenso-cli)` was not used in the crate graph
warning: patch `lenso-dylib-adapter v0.2.11 (/private/var/folders/hp/q9psfx3j2l58mrp6g7d8x8000000gn/T/lenso-release-cohort.r8ncUG/source/crates/lenso-dylib-adapter)` was not used in the crate graph
warning: patch `lenso-engine v0.2.0 (/private/var/folders/hp/q9psfx3j2l58mrp6g7d8x8000000gn/T/lenso-release-cohort.r8ncUG/source/crates/lenso-engine)` was not used in the crate graph
warning: patch `lenso-engine-app v0.3.2 (/private/var/folders/hp/q9psfx3j2l58mrp6g7d8x8000000gn/T/lenso-release-cohort.r8ncUG/source/crates/lenso-engine-app)` was not used in the crate graph
warning: patch `lenso-engine-authoring v0.2.4 (/private/var/folders/hp/q9psfx3j2l58mrp6g7d8x8000000gn/T/lenso-release-cohort.r8ncUG/source/crates/lenso-engine-authoring)` was not used in the crate graph
warning: patch `lenso-engine-markdown v0.2.0 (/private/var/folders/hp/q9psfx3j2l58mrp6g7d8x8000000gn/T/lenso-release-cohort.r8ncUG/source/crates/lenso-engine-markdown)` was not used in the crate graph
warning: patch `lenso-engine-runtime v0.2.1 (/private/var/folders/hp/q9psfx3j2l58mrp6g7d8x8000000gn/T/lenso-release-cohort.r8ncUG/source/crates/lenso-engine-runtime)` was not used in the crate graph
warning: patch `lenso-host-distribution v0.1.24 (/private/var/folders/hp/q9psfx3j2l58mrp6g7d8x8000000gn/T/lenso-release-cohort.r8ncUG/source/crates/lenso-host-distribution)` was not used in the crate graph
warning: patch `lenso-host-runtime v0.1.10 (/private/var/folders/hp/q9psfx3j2l58mrp6g7d8x8000000gn/T/lenso-release-cohort.r8ncUG/source/crates/lenso-host-runtime)` was not used in the crate graph
warning: patch `lenso-http-auth v0.2.5 (/private/var/folders/hp/q9psfx3j2l58mrp6g7d8x8000000gn/T/lenso-release-cohort.r8ncUG/source/crates/lenso-http-auth)` was not used in the crate graph
warning: patch `lenso-openapi-plugin v0.2.6 (/private/var/folders/hp/q9psfx3j2l58mrp6g7d8x8000000gn/T/lenso-release-cohort.r8ncUG/source/crates/lenso-openapi-plugin)` was not used in the crate graph
warning: patch `lenso-plugin-bundle v0.6.1 (/private/var/folders/hp/q9psfx3j2l58mrp6g7d8x8000000gn/T/lenso-release-cohort.r8ncUG/source/crates/lenso-plugin-bundle)` was not used in the crate graph
warning: patch `lenso-plugin-catalog v0.1.2 (/private/var/folders/hp/q9psfx3j2l58mrp6g7d8x8000000gn/T/lenso-release-cohort.r8ncUG/source/crates/lenso-plugin-catalog)` was not used in the crate graph
warning: patch `lenso-plugin-control-plane v0.4.26 (/private/var/folders/hp/q9psfx3j2l58mrp6g7d8x8000000gn/T/lenso-release-cohort.r8ncUG/source/crates/lenso-plugin-control-plane)` was not used in the crate graph
warning: patch `lenso-plugin-sdk v0.4.6 (/private/var/folders/hp/q9psfx3j2l58mrp6g7d8x8000000gn/T/lenso-release-cohort.r8ncUG/source/crates/lenso-plugin-sdk)` was not used in the crate graph
warning: patch `lenso-plugin-sdk-macros v0.1.0 (/private/var/folders/hp/q9psfx3j2l58mrp6g7d8x8000000gn/T/lenso-release-cohort.r8ncUG/source/crates/lenso-plugin-sdk-macros)` was not used in the crate graph
warning: patch `lenso-process-adapter v0.3.15 (/private/var/folders/hp/q9psfx3j2l58mrp6g7d8x8000000gn/T/lenso-release-cohort.r8ncUG/source/crates/lenso-process-adapter)` was not used in the crate graph
warning: patch `lenso-process-protocol v0.2.3 (/private/var/folders/hp/q9psfx3j2l58mrp6g7d8x8000000gn/T/lenso-release-cohort.r8ncUG/source/crates/lenso-process-protocol)` was not used in the crate graph
warning: patch `lenso-process-sdk v0.2.0 (/private/var/folders/hp/q9psfx3j2l58mrp6g7d8x8000000gn/T/lenso-release-cohort.r8ncUG/source/crates/lenso-process-sdk)` was not used in the crate graph
warning: patch `lenso-quickjs-adapter v0.2.11 (/private/var/folders/hp/q9psfx3j2l58mrp6g7d8x8000000gn/T/lenso-release-cohort.r8ncUG/source/crates/lenso-quickjs-adapter)` was not used in the crate graph
warning: patch `lenso-remote-adapter v0.1.10 (/private/var/folders/hp/q9psfx3j2l58mrp6g7d8x8000000gn/T/lenso-release-cohort.r8ncUG/source/crates/lenso-remote-adapter)` was not used in the crate graph
warning: patch `lenso-runtime-conformance v0.3.10 (/private/var/folders/hp/q9psfx3j2l58mrp6g7d8x8000000gn/T/lenso-release-cohort.r8ncUG/source/crates/lenso-runtime-conformance)` was not used in the crate graph
warning: patch `lenso-test v0.1.3 (/private/var/folders/hp/q9psfx3j2l58mrp6g7d8x8000000gn/T/lenso-release-cohort.r8ncUG/source/crates/lenso-test)` was not used in the crate graph
warning: patch `lenso-web-host v0.2.5 (/private/var/folders/hp/q9psfx3j2l58mrp6g7d8x8000000gn/T/lenso-release-cohort.r8ncUG/source/crates/lenso-web-host)` was not used in the crate graph
warning: patch `lenso-web-ingress-plugin v0.4.10 (/private/var/folders/hp/q9psfx3j2l58mrp6g7d8x8000000gn/T/lenso-release-cohort.r8ncUG/source/crates/lenso-web-ingress-plugin)` was not used in the crate graph
warning: patch `lenso-workers-driver v0.1.2 (/private/var/folders/hp/q9psfx3j2l58mrp6g7d8x8000000gn/T/lenso-release-cohort.r8ncUG/source/crates/lenso-workers-driver)` was not used in the crate graph
help: Check that the patched package version and available features are compatible
      with the dependency requirements. If the patch has a different version from
      what is locked in the Cargo.lock file, run `cargo update` to use the new
      version. This may also occur with an optional dependency that is not enabled.
    Packaged 13 files, 156.6KiB (36.7KiB compressed)
   Packaging lenso-web-ingress-plugin v0.4.10 (/private/var/folders/hp/q9psfx3j2l58mrp6g7d8x8000000gn/T/lenso-release-cohort.r8ncUG/source/crates/lenso-web-ingress-plugin)
warning: ignoring test `http_parity` as `tests/http_parity.rs` is not included in the published package
warning: ignoring test `plugin_query_endpoint` as `tests/plugin_query_endpoint.rs` is not included in the published package
warning: ignoring test `portable_http_component` as `tests/portable_http_component.rs` is not included in the published package
warning: ignoring test `repository_ownership` as `tests/repository_ownership.rs` is not included in the published package
warning: ignoring test `websocket` as `tests/websocket.rs` is not included in the published package
warning: patch `lenso-agent-tool-cli-plugin v0.1.1 (/private/var/folders/hp/q9psfx3j2l58mrp6g7d8x8000000gn/T/lenso-release-cohort.r8ncUG/source/crates/lenso-agent-tool-cli-plugin)` was not used in the crate graph
warning: patch `lenso-browser-driver v0.1.10 (/private/var/folders/hp/q9psfx3j2l58mrp6g7d8x8000000gn/T/lenso-release-cohort.r8ncUG/source/crates/lenso-browser-driver)` was not used in the crate graph
warning: patch `lenso-bun-adapter v0.1.17 (/private/var/folders/hp/q9psfx3j2l58mrp6g7d8x8000000gn/T/lenso-release-cohort.r8ncUG/source/crates/lenso-bun-adapter)` was not used in the crate graph
warning: patch `lenso-capability-configuration-source v0.1.1 (/private/var/folders/hp/q9psfx3j2l58mrp6g7d8x8000000gn/T/lenso-release-cohort.r8ncUG/source/crates/lenso-capability-configuration-source)` was not used in the crate graph
warning: patch `lenso-capability-http-client v0.3.3 (/private/var/folders/hp/q9psfx3j2l58mrp6g7d8x8000000gn/T/lenso-release-cohort.r8ncUG/source/crates/lenso-capability-http-client)` was not used in the crate graph
warning: patch `lenso-cli v0.6.5 (/private/var/folders/hp/q9psfx3j2l58mrp6g7d8x8000000gn/T/lenso-release-cohort.r8ncUG/source/crates/lenso-cli)` was not used in the crate graph
warning: patch `lenso-dylib-adapter v0.2.11 (/private/var/folders/hp/q9psfx3j2l58mrp6g7d8x8000000gn/T/lenso-release-cohort.r8ncUG/source/crates/lenso-dylib-adapter)` was not used in the crate graph
warning: patch `lenso-engine v0.2.0 (/private/var/folders/hp/q9psfx3j2l58mrp6g7d8x8000000gn/T/lenso-release-cohort.r8ncUG/source/crates/lenso-engine)` was not used in the crate graph
warning: patch `lenso-engine-app v0.3.2 (/private/var/folders/hp/q9psfx3j2l58mrp6g7d8x8000000gn/T/lenso-release-cohort.r8ncUG/source/crates/lenso-engine-app)` was not used in the crate graph
warning: patch `lenso-engine-authoring v0.2.4 (/private/var/folders/hp/q9psfx3j2l58mrp6g7d8x8000000gn/T/lenso-release-cohort.r8ncUG/source/crates/lenso-engine-authoring)` was not used in the crate graph
warning: patch `lenso-engine-markdown v0.2.0 (/private/var/folders/hp/q9psfx3j2l58mrp6g7d8x8000000gn/T/lenso-release-cohort.r8ncUG/source/crates/lenso-engine-markdown)` was not used in the crate graph
warning: patch `lenso-engine-runtime v0.2.1 (/private/var/folders/hp/q9psfx3j2l58mrp6g7d8x8000000gn/T/lenso-release-cohort.r8ncUG/source/crates/lenso-engine-runtime)` was not used in the crate graph
warning: patch `lenso-host-distribution v0.1.24 (/private/var/folders/hp/q9psfx3j2l58mrp6g7d8x8000000gn/T/lenso-release-cohort.r8ncUG/source/crates/lenso-host-distribution)` was not used in the crate graph
warning: patch `lenso-host-runtime v0.1.10 (/private/var/folders/hp/q9psfx3j2l58mrp6g7d8x8000000gn/T/lenso-release-cohort.r8ncUG/source/crates/lenso-host-runtime)` was not used in the crate graph
warning: patch `lenso-http-egress-plugin v0.3.6 (/private/var/folders/hp/q9psfx3j2l58mrp6g7d8x8000000gn/T/lenso-release-cohort.r8ncUG/source/crates/lenso-http-egress-plugin)` was not used in the crate graph
warning: patch `lenso-openapi-plugin v0.2.6 (/private/var/folders/hp/q9psfx3j2l58mrp6g7d8x8000000gn/T/lenso-release-cohort.r8ncUG/source/crates/lenso-openapi-plugin)` was not used in the crate graph
warning: patch `lenso-plugin-bundle v0.6.1 (/private/var/folders/hp/q9psfx3j2l58mrp6g7d8x8000000gn/T/lenso-release-cohort.r8ncUG/source/crates/lenso-plugin-bundle)` was not used in the crate graph
warning: patch `lenso-plugin-catalog v0.1.2 (/private/var/folders/hp/q9psfx3j2l58mrp6g7d8x8000000gn/T/lenso-release-cohort.r8ncUG/source/crates/lenso-plugin-catalog)` was not used in the crate graph
warning: patch `lenso-plugin-control-plane v0.4.26 (/private/var/folders/hp/q9psfx3j2l58mrp6g7d8x8000000gn/T/lenso-release-cohort.r8ncUG/source/crates/lenso-plugin-control-plane)` was not used in the crate graph
warning: patch `lenso-plugin-sdk v0.4.6 (/private/var/folders/hp/q9psfx3j2l58mrp6g7d8x8000000gn/T/lenso-release-cohort.r8ncUG/source/crates/lenso-plugin-sdk)` was not used in the crate graph
warning: patch `lenso-plugin-sdk-macros v0.1.0 (/private/var/folders/hp/q9psfx3j2l58mrp6g7d8x8000000gn/T/lenso-release-cohort.r8ncUG/source/crates/lenso-plugin-sdk-macros)` was not used in the crate graph
warning: patch `lenso-process-adapter v0.3.15 (/private/var/folders/hp/q9psfx3j2l58mrp6g7d8x8000000gn/T/lenso-release-cohort.r8ncUG/source/crates/lenso-process-adapter)` was not used in the crate graph
warning: patch `lenso-process-protocol v0.2.3 (/private/var/folders/hp/q9psfx3j2l58mrp6g7d8x8000000gn/T/lenso-release-cohort.r8ncUG/source/crates/lenso-process-protocol)` was not used in the crate graph
warning: patch `lenso-process-sdk v0.2.0 (/private/var/folders/hp/q9psfx3j2l58mrp6g7d8x8000000gn/T/lenso-release-cohort.r8ncUG/source/crates/lenso-process-sdk)` was not used in the crate graph
warning: patch `lenso-quickjs-adapter v0.2.11 (/private/var/folders/hp/q9psfx3j2l58mrp6g7d8x8000000gn/T/lenso-release-cohort.r8ncUG/source/crates/lenso-quickjs-adapter)` was not used in the crate graph
warning: patch `lenso-remote-adapter v0.1.10 (/private/var/folders/hp/q9psfx3j2l58mrp6g7d8x8000000gn/T/lenso-release-cohort.r8ncUG/source/crates/lenso-remote-adapter)` was not used in the crate graph
warning: patch `lenso-runtime-conformance v0.3.10 (/private/var/folders/hp/q9psfx3j2l58mrp6g7d8x8000000gn/T/lenso-release-cohort.r8ncUG/source/crates/lenso-runtime-conformance)` was not used in the crate graph
warning: patch `lenso-test v0.1.3 (/private/var/folders/hp/q9psfx3j2l58mrp6g7d8x8000000gn/T/lenso-release-cohort.r8ncUG/source/crates/lenso-test)` was not used in the crate graph
warning: patch `lenso-web-host v0.2.5 (/private/var/folders/hp/q9psfx3j2l58mrp6g7d8x8000000gn/T/lenso-release-cohort.r8ncUG/source/crates/lenso-web-host)` was not used in the crate graph
warning: patch `lenso-workers-driver v0.1.2 (/private/var/folders/hp/q9psfx3j2l58mrp6g7d8x8000000gn/T/lenso-release-cohort.r8ncUG/source/crates/lenso-workers-driver)` was not used in the crate graph
help: Check that the patched package version and available features are compatible
      with the dependency requirements. If the patch has a different version from
      what is locked in the Cargo.lock file, run `cargo update` to use the new
      version. This may also occur with an optional dependency that is not enabled.
    Packaged 27 files, 386.7KiB (79.6KiB compressed)
error: cannot update the lock file /private/var/folders/hp/q9psfx3j2l58mrp6g7d8x8000000gn/T/lenso-release-cohort.r8ncUG/source/Cargo.lock because --locked was passed to prevent this
help: to generate the lock file without accessing the network, remove the --locked flag and use --offline instead.
Normalized scratch lock only for omitted private dev fixture edges
warning: manifest has no documentation, homepage or repository
  |
  = note: see https://doc.rust-lang.org/cargo/reference/manifest.html#package-metadata for more info
   Packaging lenso-engine-app v0.3.2 (/private/var/folders/hp/q9psfx3j2l58mrp6g7d8x8000000gn/T/lenso-release-cohort.r8ncUG/source/crates/lenso-engine-app)
warning: patch `lenso-browser-driver v0.1.10 (/private/var/folders/hp/q9psfx3j2l58mrp6g7d8x8000000gn/T/lenso-release-cohort.r8ncUG/source/crates/lenso-browser-driver)` was not used in the crate graph
warning: patch `lenso-capability-http-client v0.3.3 (/private/var/folders/hp/q9psfx3j2l58mrp6g7d8x8000000gn/T/lenso-release-cohort.r8ncUG/source/crates/lenso-capability-http-client)` was not used in the crate graph
warning: patch `lenso-cli v0.6.5 (/private/var/folders/hp/q9psfx3j2l58mrp6g7d8x8000000gn/T/lenso-release-cohort.r8ncUG/source/crates/lenso-cli)` was not used in the crate graph
warning: patch `lenso-dylib-adapter v0.2.11 (/private/var/folders/hp/q9psfx3j2l58mrp6g7d8x8000000gn/T/lenso-release-cohort.r8ncUG/source/crates/lenso-dylib-adapter)` was not used in the crate graph
warning: patch `lenso-engine-markdown v0.2.0 (/private/var/folders/hp/q9psfx3j2l58mrp6g7d8x8000000gn/T/lenso-release-cohort.r8ncUG/source/crates/lenso-engine-markdown)` was not used in the crate graph
warning: patch `lenso-host-distribution v0.1.24 (/private/var/folders/hp/q9psfx3j2l58mrp6g7d8x8000000gn/T/lenso-release-cohort.r8ncUG/source/crates/lenso-host-distribution)` was not used in the crate graph
warning: patch `lenso-host-runtime v0.1.10 (/private/var/folders/hp/q9psfx3j2l58mrp6g7d8x8000000gn/T/lenso-release-cohort.r8ncUG/source/crates/lenso-host-runtime)` was not used in the crate graph
warning: patch `lenso-http-auth v0.2.5 (/private/var/folders/hp/q9psfx3j2l58mrp6g7d8x8000000gn/T/lenso-release-cohort.r8ncUG/source/crates/lenso-http-auth)` was not used in the crate graph
warning: patch `lenso-http-egress-plugin v0.3.6 (/private/var/folders/hp/q9psfx3j2l58mrp6g7d8x8000000gn/T/lenso-release-cohort.r8ncUG/source/crates/lenso-http-egress-plugin)` was not used in the crate graph
warning: patch `lenso-openapi-plugin v0.2.6 (/private/var/folders/hp/q9psfx3j2l58mrp6g7d8x8000000gn/T/lenso-release-cohort.r8ncUG/source/crates/lenso-openapi-plugin)` was not used in the crate graph
warning: patch `lenso-plugin-control-plane v0.4.26 (/private/var/folders/hp/q9psfx3j2l58mrp6g7d8x8000000gn/T/lenso-release-cohort.r8ncUG/source/crates/lenso-plugin-control-plane)` was not used in the crate graph
warning: patch `lenso-quickjs-adapter v0.2.11 (/private/var/folders/hp/q9psfx3j2l58mrp6g7d8x8000000gn/T/lenso-release-cohort.r8ncUG/source/crates/lenso-quickjs-adapter)` was not used in the crate graph
warning: patch `lenso-remote-adapter v0.1.10 (/private/var/folders/hp/q9psfx3j2l58mrp6g7d8x8000000gn/T/lenso-release-cohort.r8ncUG/source/crates/lenso-remote-adapter)` was not used in the crate graph
warning: patch `lenso-runtime-conformance v0.3.10 (/private/var/folders/hp/q9psfx3j2l58mrp6g7d8x8000000gn/T/lenso-release-cohort.r8ncUG/source/crates/lenso-runtime-conformance)` was not used in the crate graph
warning: patch `lenso-test v0.1.3 (/private/var/folders/hp/q9psfx3j2l58mrp6g7d8x8000000gn/T/lenso-release-cohort.r8ncUG/source/crates/lenso-test)` was not used in the crate graph
warning: patch `lenso-web-host v0.2.5 (/private/var/folders/hp/q9psfx3j2l58mrp6g7d8x8000000gn/T/lenso-release-cohort.r8ncUG/source/crates/lenso-web-host)` was not used in the crate graph
warning: patch `lenso-workers-driver v0.1.2 (/private/var/folders/hp/q9psfx3j2l58mrp6g7d8x8000000gn/T/lenso-release-cohort.r8ncUG/source/crates/lenso-workers-driver)` was not used in the crate graph
help: Check that the patched package version and available features are compatible
      with the dependency requirements. If the patch has a different version from
      what is locked in the Cargo.lock file, run `cargo update` to use the new
      version. This may also occur with an optional dependency that is not enabled.
    Packaged 126 files, 1.9MiB (399.8KiB compressed)
   Packaging lenso-openapi-plugin v0.2.6 (/private/var/folders/hp/q9psfx3j2l58mrp6g7d8x8000000gn/T/lenso-release-cohort.r8ncUG/source/crates/lenso-openapi-plugin)
warning: patch `lenso-agent-tool-cli-plugin v0.1.1 (/private/var/folders/hp/q9psfx3j2l58mrp6g7d8x8000000gn/T/lenso-release-cohort.r8ncUG/source/crates/lenso-agent-tool-cli-plugin)` was not used in the crate graph
warning: patch `lenso-browser-driver v0.1.10 (/private/var/folders/hp/q9psfx3j2l58mrp6g7d8x8000000gn/T/lenso-release-cohort.r8ncUG/source/crates/lenso-browser-driver)` was not used in the crate graph
warning: patch `lenso-bun-adapter v0.1.17 (/private/var/folders/hp/q9psfx3j2l58mrp6g7d8x8000000gn/T/lenso-release-cohort.r8ncUG/source/crates/lenso-bun-adapter)` was not used in the crate graph
warning: patch `lenso-capability-configuration-source v0.1.1 (/private/var/folders/hp/q9psfx3j2l58mrp6g7d8x8000000gn/T/lenso-release-cohort.r8ncUG/source/crates/lenso-capability-configuration-source)` was not used in the crate graph
warning: patch `lenso-capability-http-client v0.3.3 (/private/var/folders/hp/q9psfx3j2l58mrp6g7d8x8000000gn/T/lenso-release-cohort.r8ncUG/source/crates/lenso-capability-http-client)` was not used in the crate graph
warning: patch `lenso-cli v0.6.5 (/private/var/folders/hp/q9psfx3j2l58mrp6g7d8x8000000gn/T/lenso-release-cohort.r8ncUG/source/crates/lenso-cli)` was not used in the crate graph
warning: patch `lenso-dylib-adapter v0.2.11 (/private/var/folders/hp/q9psfx3j2l58mrp6g7d8x8000000gn/T/lenso-release-cohort.r8ncUG/source/crates/lenso-dylib-adapter)` was not used in the crate graph
warning: patch `lenso-engine v0.2.0 (/private/var/folders/hp/q9psfx3j2l58mrp6g7d8x8000000gn/T/lenso-release-cohort.r8ncUG/source/crates/lenso-engine)` was not used in the crate graph
warning: patch `lenso-engine-app v0.3.2 (/private/var/folders/hp/q9psfx3j2l58mrp6g7d8x8000000gn/T/lenso-release-cohort.r8ncUG/source/crates/lenso-engine-app)` was not used in the crate graph
warning: patch `lenso-engine-authoring v0.2.4 (/private/var/folders/hp/q9psfx3j2l58mrp6g7d8x8000000gn/T/lenso-release-cohort.r8ncUG/source/crates/lenso-engine-authoring)` was not used in the crate graph
warning: patch `lenso-engine-markdown v0.2.0 (/private/var/folders/hp/q9psfx3j2l58mrp6g7d8x8000000gn/T/lenso-release-cohort.r8ncUG/source/crates/lenso-engine-markdown)` was not used in the crate graph
warning: patch `lenso-engine-runtime v0.2.1 (/private/var/folders/hp/q9psfx3j2l58mrp6g7d8x8000000gn/T/lenso-release-cohort.r8ncUG/source/crates/lenso-engine-runtime)` was not used in the crate graph
warning: patch `lenso-host-distribution v0.1.24 (/private/var/folders/hp/q9psfx3j2l58mrp6g7d8x8000000gn/T/lenso-release-cohort.r8ncUG/source/crates/lenso-host-distribution)` was not used in the crate graph
warning: patch `lenso-host-runtime v0.1.10 (/private/var/folders/hp/q9psfx3j2l58mrp6g7d8x8000000gn/T/lenso-release-cohort.r8ncUG/source/crates/lenso-host-runtime)` was not used in the crate graph
warning: patch `lenso-http-auth v0.2.5 (/private/var/folders/hp/q9psfx3j2l58mrp6g7d8x8000000gn/T/lenso-release-cohort.r8ncUG/source/crates/lenso-http-auth)` was not used in the crate graph
warning: patch `lenso-http-egress-plugin v0.3.6 (/private/var/folders/hp/q9psfx3j2l58mrp6g7d8x8000000gn/T/lenso-release-cohort.r8ncUG/source/crates/lenso-http-egress-plugin)` was not used in the crate graph
warning: patch `lenso-plugin-bundle v0.6.1 (/private/var/folders/hp/q9psfx3j2l58mrp6g7d8x8000000gn/T/lenso-release-cohort.r8ncUG/source/crates/lenso-plugin-bundle)` was not used in the crate graph
warning: patch `lenso-plugin-catalog v0.1.2 (/private/var/folders/hp/q9psfx3j2l58mrp6g7d8x8000000gn/T/lenso-release-cohort.r8ncUG/source/crates/lenso-plugin-catalog)` was not used in the crate graph
warning: patch `lenso-plugin-control-plane v0.4.26 (/private/var/folders/hp/q9psfx3j2l58mrp6g7d8x8000000gn/T/lenso-release-cohort.r8ncUG/source/crates/lenso-plugin-control-plane)` was not used in the crate graph
warning: patch `lenso-plugin-sdk v0.4.6 (/private/var/folders/hp/q9psfx3j2l58mrp6g7d8x8000000gn/T/lenso-release-cohort.r8ncUG/source/crates/lenso-plugin-sdk)` was not used in the crate graph
warning: patch `lenso-plugin-sdk-macros v0.1.0 (/private/var/folders/hp/q9psfx3j2l58mrp6g7d8x8000000gn/T/lenso-release-cohort.r8ncUG/source/crates/lenso-plugin-sdk-macros)` was not used in the crate graph
warning: patch `lenso-process-adapter v0.3.15 (/private/var/folders/hp/q9psfx3j2l58mrp6g7d8x8000000gn/T/lenso-release-cohort.r8ncUG/source/crates/lenso-process-adapter)` was not used in the crate graph
warning: patch `lenso-process-protocol v0.2.3 (/private/var/folders/hp/q9psfx3j2l58mrp6g7d8x8000000gn/T/lenso-release-cohort.r8ncUG/source/crates/lenso-process-protocol)` was not used in the crate graph
warning: patch `lenso-process-sdk v0.2.0 (/private/var/folders/hp/q9psfx3j2l58mrp6g7d8x8000000gn/T/lenso-release-cohort.r8ncUG/source/crates/lenso-process-sdk)` was not used in the crate graph
warning: patch `lenso-quickjs-adapter v0.2.11 (/private/var/folders/hp/q9psfx3j2l58mrp6g7d8x8000000gn/T/lenso-release-cohort.r8ncUG/source/crates/lenso-quickjs-adapter)` was not used in the crate graph
warning: patch `lenso-remote-adapter v0.1.10 (/private/var/folders/hp/q9psfx3j2l58mrp6g7d8x8000000gn/T/lenso-release-cohort.r8ncUG/source/crates/lenso-remote-adapter)` was not used in the crate graph
warning: patch `lenso-runtime-conformance v0.3.10 (/private/var/folders/hp/q9psfx3j2l58mrp6g7d8x8000000gn/T/lenso-release-cohort.r8ncUG/source/crates/lenso-runtime-conformance)` was not used in the crate graph
warning: patch `lenso-test v0.1.3 (/private/var/folders/hp/q9psfx3j2l58mrp6g7d8x8000000gn/T/lenso-release-cohort.r8ncUG/source/crates/lenso-test)` was not used in the crate graph
warning: patch `lenso-wasm-component-adapter v0.2.18 (/private/var/folders/hp/q9psfx3j2l58mrp6g7d8x8000000gn/T/lenso-release-cohort.r8ncUG/source/crates/lenso-wasm-component-adapter)` was not used in the crate graph
warning: patch `lenso-web-host v0.2.5 (/private/var/folders/hp/q9psfx3j2l58mrp6g7d8x8000000gn/T/lenso-release-cohort.r8ncUG/source/crates/lenso-web-host)` was not used in the crate graph
warning: patch `lenso-workers-driver v0.1.2 (/private/var/folders/hp/q9psfx3j2l58mrp6g7d8x8000000gn/T/lenso-release-cohort.r8ncUG/source/crates/lenso-workers-driver)` was not used in the crate graph
help: Check that the patched package version and available features are compatible
      with the dependency requirements. If the patch has a different version from
      what is locked in the Cargo.lock file, run `cargo update` to use the new
      version. This may also occur with an optional dependency that is not enabled.
    Packaged 9 files, 96.1KiB (22.7KiB compressed)
   Packaging lenso-web-host v0.2.5 (/private/var/folders/hp/q9psfx3j2l58mrp6g7d8x8000000gn/T/lenso-release-cohort.r8ncUG/source/crates/lenso-web-host)
warning: ignoring test `repository_web_host` as `tests/repository_web_host.rs` is not included in the published package
warning: ignoring test `simulated_web_host` as `tests/simulated_web_host.rs` is not included in the published package
warning: patch `lenso-agent-tool-cli-plugin v0.1.1 (/private/var/folders/hp/q9psfx3j2l58mrp6g7d8x8000000gn/T/lenso-release-cohort.r8ncUG/source/crates/lenso-agent-tool-cli-plugin)` was not used in the crate graph
warning: patch `lenso-browser-driver v0.1.10 (/private/var/folders/hp/q9psfx3j2l58mrp6g7d8x8000000gn/T/lenso-release-cohort.r8ncUG/source/crates/lenso-browser-driver)` was not used in the crate graph
warning: patch `lenso-bun-adapter v0.1.17 (/private/var/folders/hp/q9psfx3j2l58mrp6g7d8x8000000gn/T/lenso-release-cohort.r8ncUG/source/crates/lenso-bun-adapter)` was not used in the crate graph
warning: patch `lenso-capability-configuration-source v0.1.1 (/private/var/folders/hp/q9psfx3j2l58mrp6g7d8x8000000gn/T/lenso-release-cohort.r8ncUG/source/crates/lenso-capability-configuration-source)` was not used in the crate graph
warning: patch `lenso-capability-http-client v0.3.3 (/private/var/folders/hp/q9psfx3j2l58mrp6g7d8x8000000gn/T/lenso-release-cohort.r8ncUG/source/crates/lenso-capability-http-client)` was not used in the crate graph
warning: patch `lenso-cli v0.6.5 (/private/var/folders/hp/q9psfx3j2l58mrp6g7d8x8000000gn/T/lenso-release-cohort.r8ncUG/source/crates/lenso-cli)` was not used in the crate graph
warning: patch `lenso-dylib-adapter v0.2.11 (/private/var/folders/hp/q9psfx3j2l58mrp6g7d8x8000000gn/T/lenso-release-cohort.r8ncUG/source/crates/lenso-dylib-adapter)` was not used in the crate graph
warning: patch `lenso-engine v0.2.0 (/private/var/folders/hp/q9psfx3j2l58mrp6g7d8x8000000gn/T/lenso-release-cohort.r8ncUG/source/crates/lenso-engine)` was not used in the crate graph
warning: patch `lenso-engine-app v0.3.2 (/private/var/folders/hp/q9psfx3j2l58mrp6g7d8x8000000gn/T/lenso-release-cohort.r8ncUG/source/crates/lenso-engine-app)` was not used in the crate graph
warning: patch `lenso-engine-authoring v0.2.4 (/private/var/folders/hp/q9psfx3j2l58mrp6g7d8x8000000gn/T/lenso-release-cohort.r8ncUG/source/crates/lenso-engine-authoring)` was not used in the crate graph
warning: patch `lenso-engine-markdown v0.2.0 (/private/var/folders/hp/q9psfx3j2l58mrp6g7d8x8000000gn/T/lenso-release-cohort.r8ncUG/source/crates/lenso-engine-markdown)` was not used in the crate graph
warning: patch `lenso-engine-runtime v0.2.1 (/private/var/folders/hp/q9psfx3j2l58mrp6g7d8x8000000gn/T/lenso-release-cohort.r8ncUG/source/crates/lenso-engine-runtime)` was not used in the crate graph
warning: patch `lenso-host-distribution v0.1.24 (/private/var/folders/hp/q9psfx3j2l58mrp6g7d8x8000000gn/T/lenso-release-cohort.r8ncUG/source/crates/lenso-host-distribution)` was not used in the crate graph
warning: patch `lenso-host-runtime v0.1.10 (/private/var/folders/hp/q9psfx3j2l58mrp6g7d8x8000000gn/T/lenso-release-cohort.r8ncUG/source/crates/lenso-host-runtime)` was not used in the crate graph
warning: patch `lenso-http-egress-plugin v0.3.6 (/private/var/folders/hp/q9psfx3j2l58mrp6g7d8x8000000gn/T/lenso-release-cohort.r8ncUG/source/crates/lenso-http-egress-plugin)` was not used in the crate graph
warning: patch `lenso-plugin-bundle v0.6.1 (/private/var/folders/hp/q9psfx3j2l58mrp6g7d8x8000000gn/T/lenso-release-cohort.r8ncUG/source/crates/lenso-plugin-bundle)` was not used in the crate graph
warning: patch `lenso-plugin-catalog v0.1.2 (/private/var/folders/hp/q9psfx3j2l58mrp6g7d8x8000000gn/T/lenso-release-cohort.r8ncUG/source/crates/lenso-plugin-catalog)` was not used in the crate graph
warning: patch `lenso-plugin-control-plane v0.4.26 (/private/var/folders/hp/q9psfx3j2l58mrp6g7d8x8000000gn/T/lenso-release-cohort.r8ncUG/source/crates/lenso-plugin-control-plane)` was not used in the crate graph
warning: patch `lenso-plugin-sdk v0.4.6 (/private/var/folders/hp/q9psfx3j2l58mrp6g7d8x8000000gn/T/lenso-release-cohort.r8ncUG/source/crates/lenso-plugin-sdk)` was not used in the crate graph
warning: patch `lenso-plugin-sdk-macros v0.1.0 (/private/var/folders/hp/q9psfx3j2l58mrp6g7d8x8000000gn/T/lenso-release-cohort.r8ncUG/source/crates/lenso-plugin-sdk-macros)` was not used in the crate graph
warning: patch `lenso-process-adapter v0.3.15 (/private/var/folders/hp/q9psfx3j2l58mrp6g7d8x8000000gn/T/lenso-release-cohort.r8ncUG/source/crates/lenso-process-adapter)` was not used in the crate graph
warning: patch `lenso-process-protocol v0.2.3 (/private/var/folders/hp/q9psfx3j2l58mrp6g7d8x8000000gn/T/lenso-release-cohort.r8ncUG/source/crates/lenso-process-protocol)` was not used in the crate graph
warning: patch `lenso-process-sdk v0.2.0 (/private/var/folders/hp/q9psfx3j2l58mrp6g7d8x8000000gn/T/lenso-release-cohort.r8ncUG/source/crates/lenso-process-sdk)` was not used in the crate graph
warning: patch `lenso-quickjs-adapter v0.2.11 (/private/var/folders/hp/q9psfx3j2l58mrp6g7d8x8000000gn/T/lenso-release-cohort.r8ncUG/source/crates/lenso-quickjs-adapter)` was not used in the crate graph
warning: patch `lenso-remote-adapter v0.1.10 (/private/var/folders/hp/q9psfx3j2l58mrp6g7d8x8000000gn/T/lenso-release-cohort.r8ncUG/source/crates/lenso-remote-adapter)` was not used in the crate graph
warning: patch `lenso-runtime-conformance v0.3.10 (/private/var/folders/hp/q9psfx3j2l58mrp6g7d8x8000000gn/T/lenso-release-cohort.r8ncUG/source/crates/lenso-runtime-conformance)` was not used in the crate graph
warning: patch `lenso-test v0.1.3 (/private/var/folders/hp/q9psfx3j2l58mrp6g7d8x8000000gn/T/lenso-release-cohort.r8ncUG/source/crates/lenso-test)` was not used in the crate graph
warning: patch `lenso-wasm-component-adapter v0.2.18 (/private/var/folders/hp/q9psfx3j2l58mrp6g7d8x8000000gn/T/lenso-release-cohort.r8ncUG/source/crates/lenso-wasm-component-adapter)` was not used in the crate graph
warning: patch `lenso-workers-driver v0.1.2 (/private/var/folders/hp/q9psfx3j2l58mrp6g7d8x8000000gn/T/lenso-release-cohort.r8ncUG/source/crates/lenso-workers-driver)` was not used in the crate graph
help: Check that the patched package version and available features are compatible
      with the dependency requirements. If the patch has a different version from
      what is locked in the Cargo.lock file, run `cargo update` to use the new
      version. This may also occur with an optional dependency that is not enabled.
    Packaged 6 files, 133.4KiB (31.3KiB compressed)
error: cannot update the lock file /private/var/folders/hp/q9psfx3j2l58mrp6g7d8x8000000gn/T/lenso-release-cohort.r8ncUG/source/Cargo.lock because --locked was passed to prevent this
help: to generate the lock file without accessing the network, remove the --locked flag and use --offline instead.
Normalized scratch lock only for omitted private dev fixture edges
   Packaging lenso-cli v0.6.5 (/private/var/folders/hp/q9psfx3j2l58mrp6g7d8x8000000gn/T/lenso-release-cohort.r8ncUG/source/crates/lenso-cli)
warning: ignoring test `configuration_source_crash_fence` as `tests/configuration_source_crash_fence.rs` is not included in the published package
warning: ignoring test `configuration_source_dev` as `tests/configuration_source_dev.rs` is not included in the published package
warning: ignoring test `configuration_source_retirement` as `tests/configuration_source_retirement.rs` is not included in the published package
warning: ignoring test `configuration_source_start` as `tests/configuration_source_start.rs` is not included in the published package
warning: ignoring test `conventions` as `tests/conventions.rs` is not included in the published package
warning: ignoring test `engine` as `tests/engine.rs` is not included in the published package
warning: ignoring test `linked_catalog_adoption` as `tests/linked_catalog_adoption.rs` is not included in the published package
warning: ignoring test `local_assembly` as `tests/local_assembly.rs` is not included in the published package
warning: ignoring test `local_discovery` as `tests/local_discovery.rs` is not included in the published package
warning: ignoring test `local_host_bindings` as `tests/local_host_bindings.rs` is not included in the published package
warning: ignoring test `local_workflow` as `tests/local_workflow.rs` is not included in the published package
warning: ignoring test `mcp` as `tests/mcp.rs` is not included in the published package
warning: ignoring test `process_notes` as `tests/process_notes.rs` is not included in the published package
warning: ignoring test `release_content_adoption` as `tests/release_content_adoption.rs` is not included in the published package
warning: ignoring test `release_details_cargo_adoption` as `tests/release_details_cargo_adoption.rs` is not included in the published package
warning: ignoring test `signed_portable_install` as `tests/signed_portable_install.rs` is not included in the published package
warning: ignoring test `source_plugin_toggle` as `tests/source_plugin_toggle.rs` is not included in the published package
warning: ignoring test `ts_host_build` as `tests/ts_host_build.rs` is not included in the published package
warning: ignoring test `v6_linked_catalog_adoption` as `tests/v6_linked_catalog_adoption.rs` is not included in the published package
warning: ignoring test `v6_linked_pack` as `tests/v6_linked_pack.rs` is not included in the published package
warning: patch `lenso-browser-driver v0.1.10 (/private/var/folders/hp/q9psfx3j2l58mrp6g7d8x8000000gn/T/lenso-release-cohort.r8ncUG/source/crates/lenso-browser-driver)` was not used in the crate graph
warning: patch `lenso-capability-http-client v0.3.3 (/private/var/folders/hp/q9psfx3j2l58mrp6g7d8x8000000gn/T/lenso-release-cohort.r8ncUG/source/crates/lenso-capability-http-client)` was not used in the crate graph
warning: patch `lenso-dylib-adapter v0.2.11 (/private/var/folders/hp/q9psfx3j2l58mrp6g7d8x8000000gn/T/lenso-release-cohort.r8ncUG/source/crates/lenso-dylib-adapter)` was not used in the crate graph
warning: patch `lenso-host-distribution v0.1.24 (/private/var/folders/hp/q9psfx3j2l58mrp6g7d8x8000000gn/T/lenso-release-cohort.r8ncUG/source/crates/lenso-host-distribution)` was not used in the crate graph
warning: patch `lenso-host-runtime v0.1.10 (/private/var/folders/hp/q9psfx3j2l58mrp6g7d8x8000000gn/T/lenso-release-cohort.r8ncUG/source/crates/lenso-host-runtime)` was not used in the crate graph
warning: patch `lenso-http-auth v0.2.5 (/private/var/folders/hp/q9psfx3j2l58mrp6g7d8x8000000gn/T/lenso-release-cohort.r8ncUG/source/crates/lenso-http-auth)` was not used in the crate graph
warning: patch `lenso-http-egress-plugin v0.3.6 (/private/var/folders/hp/q9psfx3j2l58mrp6g7d8x8000000gn/T/lenso-release-cohort.r8ncUG/source/crates/lenso-http-egress-plugin)` was not used in the crate graph
warning: patch `lenso-openapi-plugin v0.2.6 (/private/var/folders/hp/q9psfx3j2l58mrp6g7d8x8000000gn/T/lenso-release-cohort.r8ncUG/source/crates/lenso-openapi-plugin)` was not used in the crate graph
warning: patch `lenso-plugin-control-plane v0.4.26 (/private/var/folders/hp/q9psfx3j2l58mrp6g7d8x8000000gn/T/lenso-release-cohort.r8ncUG/source/crates/lenso-plugin-control-plane)` was not used in the crate graph
warning: patch `lenso-quickjs-adapter v0.2.11 (/private/var/folders/hp/q9psfx3j2l58mrp6g7d8x8000000gn/T/lenso-release-cohort.r8ncUG/source/crates/lenso-quickjs-adapter)` was not used in the crate graph
warning: patch `lenso-remote-adapter v0.1.10 (/private/var/folders/hp/q9psfx3j2l58mrp6g7d8x8000000gn/T/lenso-release-cohort.r8ncUG/source/crates/lenso-remote-adapter)` was not used in the crate graph
warning: patch `lenso-runtime-conformance v0.3.10 (/private/var/folders/hp/q9psfx3j2l58mrp6g7d8x8000000gn/T/lenso-release-cohort.r8ncUG/source/crates/lenso-runtime-conformance)` was not used in the crate graph
warning: patch `lenso-test v0.1.3 (/private/var/folders/hp/q9psfx3j2l58mrp6g7d8x8000000gn/T/lenso-release-cohort.r8ncUG/source/crates/lenso-test)` was not used in the crate graph
warning: patch `lenso-web-host v0.2.5 (/private/var/folders/hp/q9psfx3j2l58mrp6g7d8x8000000gn/T/lenso-release-cohort.r8ncUG/source/crates/lenso-web-host)` was not used in the crate graph
warning: patch `lenso-workers-driver v0.1.2 (/private/var/folders/hp/q9psfx3j2l58mrp6g7d8x8000000gn/T/lenso-release-cohort.r8ncUG/source/crates/lenso-workers-driver)` was not used in the crate graph
help: Check that the patched package version and available features are compatible
      with the dependency requirements. If the patch has a different version from
      what is locked in the Cargo.lock file, run `cargo update` to use the new
      version. This may also occur with an optional dependency that is not enabled.
    Packaged 26 files, 441.8KiB (114.0KiB compressed)
warning: resolver for the non root package will be ignored, specify resolver at the workspace root:
package:   /private/var/folders/hp/q9psfx3j2l58mrp6g7d8x8000000gn/T/lenso-release-cohort.r8ncUG/clean-room/packages/lenso-0.5.28/Cargo.toml
workspace: /private/var/folders/hp/q9psfx3j2l58mrp6g7d8x8000000gn/T/lenso-release-cohort.r8ncUG/clean-room/Cargo.toml
warning: resolver for the non root package will be ignored, specify resolver at the workspace root:
package:   /private/var/folders/hp/q9psfx3j2l58mrp6g7d8x8000000gn/T/lenso-release-cohort.r8ncUG/clean-room/packages/lenso-agent-tool-cli-plugin-0.1.1/Cargo.toml
workspace: /private/var/folders/hp/q9psfx3j2l58mrp6g7d8x8000000gn/T/lenso-release-cohort.r8ncUG/clean-room/Cargo.toml
warning: resolver for the non root package will be ignored, specify resolver at the workspace root:
package:   /private/var/folders/hp/q9psfx3j2l58mrp6g7d8x8000000gn/T/lenso-release-cohort.r8ncUG/clean-room/packages/lenso-browser-driver-0.1.10/Cargo.toml
workspace: /private/var/folders/hp/q9psfx3j2l58mrp6g7d8x8000000gn/T/lenso-release-cohort.r8ncUG/clean-room/Cargo.toml
warning: resolver for the non root package will be ignored, specify resolver at the workspace root:
package:   /private/var/folders/hp/q9psfx3j2l58mrp6g7d8x8000000gn/T/lenso-release-cohort.r8ncUG/clean-room/packages/lenso-bun-adapter-0.1.17/Cargo.toml
workspace: /private/var/folders/hp/q9psfx3j2l58mrp6g7d8x8000000gn/T/lenso-release-cohort.r8ncUG/clean-room/Cargo.toml
warning: resolver for the non root package will be ignored, specify resolver at the workspace root:
package:   /private/var/folders/hp/q9psfx3j2l58mrp6g7d8x8000000gn/T/lenso-release-cohort.r8ncUG/clean-room/packages/lenso-capability-configuration-source-0.1.1/Cargo.toml
workspace: /private/var/folders/hp/q9psfx3j2l58mrp6g7d8x8000000gn/T/lenso-release-cohort.r8ncUG/clean-room/Cargo.toml
warning: resolver for the non root package will be ignored, specify resolver at the workspace root:
package:   /private/var/folders/hp/q9psfx3j2l58mrp6g7d8x8000000gn/T/lenso-release-cohort.r8ncUG/clean-room/packages/lenso-capability-http-client-0.3.3/Cargo.toml
workspace: /private/var/folders/hp/q9psfx3j2l58mrp6g7d8x8000000gn/T/lenso-release-cohort.r8ncUG/clean-room/Cargo.toml
warning: resolver for the non root package will be ignored, specify resolver at the workspace root:
package:   /private/var/folders/hp/q9psfx3j2l58mrp6g7d8x8000000gn/T/lenso-release-cohort.r8ncUG/clean-room/packages/lenso-capability-http-endpoint-0.3.6/Cargo.toml
workspace: /private/var/folders/hp/q9psfx3j2l58mrp6g7d8x8000000gn/T/lenso-release-cohort.r8ncUG/clean-room/Cargo.toml
warning: resolver for the non root package will be ignored, specify resolver at the workspace root:
package:   /private/var/folders/hp/q9psfx3j2l58mrp6g7d8x8000000gn/T/lenso-release-cohort.r8ncUG/clean-room/packages/lenso-capability-http-stream-endpoint-0.1.3/Cargo.toml
workspace: /private/var/folders/hp/q9psfx3j2l58mrp6g7d8x8000000gn/T/lenso-release-cohort.r8ncUG/clean-room/Cargo.toml
warning: resolver for the non root package will be ignored, specify resolver at the workspace root:
package:   /private/var/folders/hp/q9psfx3j2l58mrp6g7d8x8000000gn/T/lenso-release-cohort.r8ncUG/clean-room/packages/lenso-capability-websocket-endpoint-0.1.3/Cargo.toml
workspace: /private/var/folders/hp/q9psfx3j2l58mrp6g7d8x8000000gn/T/lenso-release-cohort.r8ncUG/clean-room/Cargo.toml
warning: resolver for the non root package will be ignored, specify resolver at the workspace root:
package:   /private/var/folders/hp/q9psfx3j2l58mrp6g7d8x8000000gn/T/lenso-release-cohort.r8ncUG/clean-room/packages/lenso-cli-0.6.5/Cargo.toml
workspace: /private/var/folders/hp/q9psfx3j2l58mrp6g7d8x8000000gn/T/lenso-release-cohort.r8ncUG/clean-room/Cargo.toml
warning: resolver for the non root package will be ignored, specify resolver at the workspace root:
package:   /private/var/folders/hp/q9psfx3j2l58mrp6g7d8x8000000gn/T/lenso-release-cohort.r8ncUG/clean-room/packages/lenso-contract-authoring-0.1.2/Cargo.toml
workspace: /private/var/folders/hp/q9psfx3j2l58mrp6g7d8x8000000gn/T/lenso-release-cohort.r8ncUG/clean-room/Cargo.toml
warning: resolver for the non root package will be ignored, specify resolver at the workspace root:
package:   /private/var/folders/hp/q9psfx3j2l58mrp6g7d8x8000000gn/T/lenso-release-cohort.r8ncUG/clean-room/packages/lenso-contract-authoring-macros-0.1.1/Cargo.toml
workspace: /private/var/folders/hp/q9psfx3j2l58mrp6g7d8x8000000gn/T/lenso-release-cohort.r8ncUG/clean-room/Cargo.toml
warning: resolver for the non root package will be ignored, specify resolver at the workspace root:
package:   /private/var/folders/hp/q9psfx3j2l58mrp6g7d8x8000000gn/T/lenso-release-cohort.r8ncUG/clean-room/packages/lenso-contract-codegen-0.10.1/Cargo.toml
workspace: /private/var/folders/hp/q9psfx3j2l58mrp6g7d8x8000000gn/T/lenso-release-cohort.r8ncUG/clean-room/Cargo.toml
warning: resolver for the non root package will be ignored, specify resolver at the workspace root:
package:   /private/var/folders/hp/q9psfx3j2l58mrp6g7d8x8000000gn/T/lenso-release-cohort.r8ncUG/clean-room/packages/lenso-dylib-adapter-0.2.11/Cargo.toml
workspace: /private/var/folders/hp/q9psfx3j2l58mrp6g7d8x8000000gn/T/lenso-release-cohort.r8ncUG/clean-room/Cargo.toml
warning: resolver for the non root package will be ignored, specify resolver at the workspace root:
package:   /private/var/folders/hp/q9psfx3j2l58mrp6g7d8x8000000gn/T/lenso-release-cohort.r8ncUG/clean-room/packages/lenso-engine-app-0.3.2/Cargo.toml
workspace: /private/var/folders/hp/q9psfx3j2l58mrp6g7d8x8000000gn/T/lenso-release-cohort.r8ncUG/clean-room/Cargo.toml
warning: resolver for the non root package will be ignored, specify resolver at the workspace root:
package:   /private/var/folders/hp/q9psfx3j2l58mrp6g7d8x8000000gn/T/lenso-release-cohort.r8ncUG/clean-room/packages/lenso-engine-authoring-0.2.4/Cargo.toml
workspace: /private/var/folders/hp/q9psfx3j2l58mrp6g7d8x8000000gn/T/lenso-release-cohort.r8ncUG/clean-room/Cargo.toml
warning: resolver for the non root package will be ignored, specify resolver at the workspace root:
package:   /private/var/folders/hp/q9psfx3j2l58mrp6g7d8x8000000gn/T/lenso-release-cohort.r8ncUG/clean-room/packages/lenso-engine-runtime-0.2.1/Cargo.toml
workspace: /private/var/folders/hp/q9psfx3j2l58mrp6g7d8x8000000gn/T/lenso-release-cohort.r8ncUG/clean-room/Cargo.toml
warning: resolver for the non root package will be ignored, specify resolver at the workspace root:
package:   /private/var/folders/hp/q9psfx3j2l58mrp6g7d8x8000000gn/T/lenso-release-cohort.r8ncUG/clean-room/packages/lenso-host-runtime-0.1.10/Cargo.toml
workspace: /private/var/folders/hp/q9psfx3j2l58mrp6g7d8x8000000gn/T/lenso-release-cohort.r8ncUG/clean-room/Cargo.toml
warning: resolver for the non root package will be ignored, specify resolver at the workspace root:
package:   /private/var/folders/hp/q9psfx3j2l58mrp6g7d8x8000000gn/T/lenso-release-cohort.r8ncUG/clean-room/packages/lenso-http-auth-0.2.5/Cargo.toml
workspace: /private/var/folders/hp/q9psfx3j2l58mrp6g7d8x8000000gn/T/lenso-release-cohort.r8ncUG/clean-room/Cargo.toml
warning: resolver for the non root package will be ignored, specify resolver at the workspace root:
package:   /private/var/folders/hp/q9psfx3j2l58mrp6g7d8x8000000gn/T/lenso-release-cohort.r8ncUG/clean-room/packages/lenso-http-egress-plugin-0.3.6/Cargo.toml
workspace: /private/var/folders/hp/q9psfx3j2l58mrp6g7d8x8000000gn/T/lenso-release-cohort.r8ncUG/clean-room/Cargo.toml
warning: resolver for the non root package will be ignored, specify resolver at the workspace root:
package:   /private/var/folders/hp/q9psfx3j2l58mrp6g7d8x8000000gn/T/lenso-release-cohort.r8ncUG/clean-room/packages/lenso-kernel-0.3.12/Cargo.toml
workspace: /private/var/folders/hp/q9psfx3j2l58mrp6g7d8x8000000gn/T/lenso-release-cohort.r8ncUG/clean-room/Cargo.toml
warning: resolver for the non root package will be ignored, specify resolver at the workspace root:
package:   /private/var/folders/hp/q9psfx3j2l58mrp6g7d8x8000000gn/T/lenso-release-cohort.r8ncUG/clean-room/packages/lenso-native-adapter-0.3.19/Cargo.toml
workspace: /private/var/folders/hp/q9psfx3j2l58mrp6g7d8x8000000gn/T/lenso-release-cohort.r8ncUG/clean-room/Cargo.toml
warning: resolver for the non root package will be ignored, specify resolver at the workspace root:
package:   /private/var/folders/hp/q9psfx3j2l58mrp6g7d8x8000000gn/T/lenso-release-cohort.r8ncUG/clean-room/packages/lenso-native-adapter-macros-0.2.8/Cargo.toml
workspace: /private/var/folders/hp/q9psfx3j2l58mrp6g7d8x8000000gn/T/lenso-release-cohort.r8ncUG/clean-room/Cargo.toml
warning: resolver for the non root package will be ignored, specify resolver at the workspace root:
package:   /private/var/folders/hp/q9psfx3j2l58mrp6g7d8x8000000gn/T/lenso-release-cohort.r8ncUG/clean-room/packages/lenso-openapi-plugin-0.2.6/Cargo.toml
workspace: /private/var/folders/hp/q9psfx3j2l58mrp6g7d8x8000000gn/T/lenso-release-cohort.r8ncUG/clean-room/Cargo.toml
warning: resolver for the non root package will be ignored, specify resolver at the workspace root:
package:   /private/var/folders/hp/q9psfx3j2l58mrp6g7d8x8000000gn/T/lenso-release-cohort.r8ncUG/clean-room/packages/lenso-plugin-control-plane-0.4.26/Cargo.toml
workspace: /private/var/folders/hp/q9psfx3j2l58mrp6g7d8x8000000gn/T/lenso-release-cohort.r8ncUG/clean-room/Cargo.toml
warning: resolver for the non root package will be ignored, specify resolver at the workspace root:
package:   /private/var/folders/hp/q9psfx3j2l58mrp6g7d8x8000000gn/T/lenso-release-cohort.r8ncUG/clean-room/packages/lenso-process-adapter-0.3.15/Cargo.toml
workspace: /private/var/folders/hp/q9psfx3j2l58mrp6g7d8x8000000gn/T/lenso-release-cohort.r8ncUG/clean-room/Cargo.toml
warning: resolver for the non root package will be ignored, specify resolver at the workspace root:
package:   /private/var/folders/hp/q9psfx3j2l58mrp6g7d8x8000000gn/T/lenso-release-cohort.r8ncUG/clean-room/packages/lenso-quickjs-adapter-0.2.11/Cargo.toml
workspace: /private/var/folders/hp/q9psfx3j2l58mrp6g7d8x8000000gn/T/lenso-release-cohort.r8ncUG/clean-room/Cargo.toml
warning: resolver for the non root package will be ignored, specify resolver at the workspace root:
package:   /private/var/folders/hp/q9psfx3j2l58mrp6g7d8x8000000gn/T/lenso-release-cohort.r8ncUG/clean-room/packages/lenso-remote-adapter-0.1.10/Cargo.toml
workspace: /private/var/folders/hp/q9psfx3j2l58mrp6g7d8x8000000gn/T/lenso-release-cohort.r8ncUG/clean-room/Cargo.toml
warning: resolver for the non root package will be ignored, specify resolver at the workspace root:
package:   /private/var/folders/hp/q9psfx3j2l58mrp6g7d8x8000000gn/T/lenso-release-cohort.r8ncUG/clean-room/packages/lenso-runner-0.2.20/Cargo.toml
workspace: /private/var/folders/hp/q9psfx3j2l58mrp6g7d8x8000000gn/T/lenso-release-cohort.r8ncUG/clean-room/Cargo.toml
warning: resolver for the non root package will be ignored, specify resolver at the workspace root:
package:   /private/var/folders/hp/q9psfx3j2l58mrp6g7d8x8000000gn/T/lenso-release-cohort.r8ncUG/clean-room/packages/lenso-runtime-codec-0.4.4/Cargo.toml
workspace: /private/var/folders/hp/q9psfx3j2l58mrp6g7d8x8000000gn/T/lenso-release-cohort.r8ncUG/clean-room/Cargo.toml
warning: resolver for the non root package will be ignored, specify resolver at the workspace root:
package:   /private/var/folders/hp/q9psfx3j2l58mrp6g7d8x8000000gn/T/lenso-release-cohort.r8ncUG/clean-room/packages/lenso-test-0.1.3/Cargo.toml
workspace: /private/var/folders/hp/q9psfx3j2l58mrp6g7d8x8000000gn/T/lenso-release-cohort.r8ncUG/clean-room/Cargo.toml
warning: resolver for the non root package will be ignored, specify resolver at the workspace root:
package:   /private/var/folders/hp/q9psfx3j2l58mrp6g7d8x8000000gn/T/lenso-release-cohort.r8ncUG/clean-room/packages/lenso-wasm-component-adapter-0.2.18/Cargo.toml
workspace: /private/var/folders/hp/q9psfx3j2l58mrp6g7d8x8000000gn/T/lenso-release-cohort.r8ncUG/clean-room/Cargo.toml
warning: resolver for the non root package will be ignored, specify resolver at the workspace root:
package:   /private/var/folders/hp/q9psfx3j2l58mrp6g7d8x8000000gn/T/lenso-release-cohort.r8ncUG/clean-room/packages/lenso-web-host-0.2.5/Cargo.toml
workspace: /private/var/folders/hp/q9psfx3j2l58mrp6g7d8x8000000gn/T/lenso-release-cohort.r8ncUG/clean-room/Cargo.toml
warning: resolver for the non root package will be ignored, specify resolver at the workspace root:
package:   /private/var/folders/hp/q9psfx3j2l58mrp6g7d8x8000000gn/T/lenso-release-cohort.r8ncUG/clean-room/packages/lenso-web-ingress-plugin-0.4.10/Cargo.toml
workspace: /private/var/folders/hp/q9psfx3j2l58mrp6g7d8x8000000gn/T/lenso-release-cohort.r8ncUG/clean-room/Cargo.toml
warning: resolver for the non root package will be ignored, specify resolver at the workspace root:
package:   /private/var/folders/hp/q9psfx3j2l58mrp6g7d8x8000000gn/T/lenso-release-cohort.r8ncUG/clean-room/packages/lenso-workers-driver-0.1.2/Cargo.toml
workspace: /private/var/folders/hp/q9psfx3j2l58mrp6g7d8x8000000gn/T/lenso-release-cohort.r8ncUG/clean-room/Cargo.toml
     Locking 15 packages to latest Rust 1.94 compatible versions
      Adding lenso-app-plan v0.4.6
      Adding lenso-capability-http-endpoint-macros v0.1.5
      Adding lenso-contract-runtime v0.2.0
      Adding lenso-engine v0.2.0
      Adding lenso-engine-markdown v0.2.0
      Adding lenso-guest-sdk v0.5.1
      Adding lenso-host-distribution v0.1.24
      Adding lenso-plugin-authoring v0.2.0
      Adding lenso-plugin-bundle v0.6.1
      Adding lenso-plugin-catalog v0.1.2
      Adding lenso-plugin-sdk v0.4.6
      Adding lenso-plugin-sdk-macros v0.1.0
      Adding lenso-process-protocol v0.2.3
      Adding lenso-process-sdk v0.2.0
      Adding lenso-runtime-conformance v0.3.10
      ┌─────────┐  mr boxington
     ╱ ═══════ ╱│
    ╱─────────╱ │
    │ •    (◉)│≡│
    │  ◟▄▄▄◞  │ ╱
    │   ◀◆▶   │╱
    └─────────┘
warning: resolver for the non root package will be ignored, specify resolver at the workspace root:
package:   /private/var/folders/hp/q9psfx3j2l58mrp6g7d8x8000000gn/T/lenso-release-cohort.r8ncUG/clean-room/packages/lenso-0.5.28/Cargo.toml
workspace: /private/var/folders/hp/q9psfx3j2l58mrp6g7d8x8000000gn/T/lenso-release-cohort.r8ncUG/clean-room/Cargo.toml
warning: resolver for the non root package will be ignored, specify resolver at the workspace root:
package:   /private/var/folders/hp/q9psfx3j2l58mrp6g7d8x8000000gn/T/lenso-release-cohort.r8ncUG/clean-room/packages/lenso-agent-tool-cli-plugin-0.1.1/Cargo.toml
workspace: /private/var/folders/hp/q9psfx3j2l58mrp6g7d8x8000000gn/T/lenso-release-cohort.r8ncUG/clean-room/Cargo.toml
warning: resolver for the non root package will be ignored, specify resolver at the workspace root:
package:   /private/var/folders/hp/q9psfx3j2l58mrp6g7d8x8000000gn/T/lenso-release-cohort.r8ncUG/clean-room/packages/lenso-browser-driver-0.1.10/Cargo.toml
workspace: /private/var/folders/hp/q9psfx3j2l58mrp6g7d8x8000000gn/T/lenso-release-cohort.r8ncUG/clean-room/Cargo.toml
warning: resolver for the non root package will be ignored, specify resolver at the workspace root:
package:   /private/var/folders/hp/q9psfx3j2l58mrp6g7d8x8000000gn/T/lenso-release-cohort.r8ncUG/clean-room/packages/lenso-bun-adapter-0.1.17/Cargo.toml
workspace: /private/var/folders/hp/q9psfx3j2l58mrp6g7d8x8000000gn/T/lenso-release-cohort.r8ncUG/clean-room/Cargo.toml
warning: resolver for the non root package will be ignored, specify resolver at the workspace root:
package:   /private/var/folders/hp/q9psfx3j2l58mrp6g7d8x8000000gn/T/lenso-release-cohort.r8ncUG/clean-room/packages/lenso-capability-configuration-source-0.1.1/Cargo.toml
workspace: /private/var/folders/hp/q9psfx3j2l58mrp6g7d8x8000000gn/T/lenso-release-cohort.r8ncUG/clean-room/Cargo.toml
warning: resolver for the non root package will be ignored, specify resolver at the workspace root:
package:   /private/var/folders/hp/q9psfx3j2l58mrp6g7d8x8000000gn/T/lenso-release-cohort.r8ncUG/clean-room/packages/lenso-capability-http-client-0.3.3/Cargo.toml
workspace: /private/var/folders/hp/q9psfx3j2l58mrp6g7d8x8000000gn/T/lenso-release-cohort.r8ncUG/clean-room/Cargo.toml
warning: resolver for the non root package will be ignored, specify resolver at the workspace root:
package:   /private/var/folders/hp/q9psfx3j2l58mrp6g7d8x8000000gn/T/lenso-release-cohort.r8ncUG/clean-room/packages/lenso-capability-http-endpoint-0.3.6/Cargo.toml
workspace: /private/var/folders/hp/q9psfx3j2l58mrp6g7d8x8000000gn/T/lenso-release-cohort.r8ncUG/clean-room/Cargo.toml
warning: resolver for the non root package will be ignored, specify resolver at the workspace root:
package:   /private/var/folders/hp/q9psfx3j2l58mrp6g7d8x8000000gn/T/lenso-release-cohort.r8ncUG/clean-room/packages/lenso-capability-http-stream-endpoint-0.1.3/Cargo.toml
workspace: /private/var/folders/hp/q9psfx3j2l58mrp6g7d8x8000000gn/T/lenso-release-cohort.r8ncUG/clean-room/Cargo.toml
warning: resolver for the non root package will be ignored, specify resolver at the workspace root:
package:   /private/var/folders/hp/q9psfx3j2l58mrp6g7d8x8000000gn/T/lenso-release-cohort.r8ncUG/clean-room/packages/lenso-capability-websocket-endpoint-0.1.3/Cargo.toml
workspace: /private/var/folders/hp/q9psfx3j2l58mrp6g7d8x8000000gn/T/lenso-release-cohort.r8ncUG/clean-room/Cargo.toml
warning: resolver for the non root package will be ignored, specify resolver at the workspace root:
package:   /private/var/folders/hp/q9psfx3j2l58mrp6g7d8x8000000gn/T/lenso-release-cohort.r8ncUG/clean-room/packages/lenso-cli-0.6.5/Cargo.toml
workspace: /private/var/folders/hp/q9psfx3j2l58mrp6g7d8x8000000gn/T/lenso-release-cohort.r8ncUG/clean-room/Cargo.toml
warning: resolver for the non root package will be ignored, specify resolver at the workspace root:
package:   /private/var/folders/hp/q9psfx3j2l58mrp6g7d8x8000000gn/T/lenso-release-cohort.r8ncUG/clean-room/packages/lenso-contract-authoring-0.1.2/Cargo.toml
workspace: /private/var/folders/hp/q9psfx3j2l58mrp6g7d8x8000000gn/T/lenso-release-cohort.r8ncUG/clean-room/Cargo.toml
warning: resolver for the non root package will be ignored, specify resolver at the workspace root:
package:   /private/var/folders/hp/q9psfx3j2l58mrp6g7d8x8000000gn/T/lenso-release-cohort.r8ncUG/clean-room/packages/lenso-contract-authoring-macros-0.1.1/Cargo.toml
workspace: /private/var/folders/hp/q9psfx3j2l58mrp6g7d8x8000000gn/T/lenso-release-cohort.r8ncUG/clean-room/Cargo.toml
warning: resolver for the non root package will be ignored, specify resolver at the workspace root:
package:   /private/var/folders/hp/q9psfx3j2l58mrp6g7d8x8000000gn/T/lenso-release-cohort.r8ncUG/clean-room/packages/lenso-contract-codegen-0.10.1/Cargo.toml
workspace: /private/var/folders/hp/q9psfx3j2l58mrp6g7d8x8000000gn/T/lenso-release-cohort.r8ncUG/clean-room/Cargo.toml
warning: resolver for the non root package will be ignored, specify resolver at the workspace root:
package:   /private/var/folders/hp/q9psfx3j2l58mrp6g7d8x8000000gn/T/lenso-release-cohort.r8ncUG/clean-room/packages/lenso-dylib-adapter-0.2.11/Cargo.toml
workspace: /private/var/folders/hp/q9psfx3j2l58mrp6g7d8x8000000gn/T/lenso-release-cohort.r8ncUG/clean-room/Cargo.toml
warning: resolver for the non root package will be ignored, specify resolver at the workspace root:
package:   /private/var/folders/hp/q9psfx3j2l58mrp6g7d8x8000000gn/T/lenso-release-cohort.r8ncUG/clean-room/packages/lenso-engine-app-0.3.2/Cargo.toml
workspace: /private/var/folders/hp/q9psfx3j2l58mrp6g7d8x8000000gn/T/lenso-release-cohort.r8ncUG/clean-room/Cargo.toml
warning: resolver for the non root package will be ignored, specify resolver at the workspace root:
package:   /private/var/folders/hp/q9psfx3j2l58mrp6g7d8x8000000gn/T/lenso-release-cohort.r8ncUG/clean-room/packages/lenso-engine-authoring-0.2.4/Cargo.toml
workspace: /private/var/folders/hp/q9psfx3j2l58mrp6g7d8x8000000gn/T/lenso-release-cohort.r8ncUG/clean-room/Cargo.toml
warning: resolver for the non root package will be ignored, specify resolver at the workspace root:
package:   /private/var/folders/hp/q9psfx3j2l58mrp6g7d8x8000000gn/T/lenso-release-cohort.r8ncUG/clean-room/packages/lenso-engine-runtime-0.2.1/Cargo.toml
workspace: /private/var/folders/hp/q9psfx3j2l58mrp6g7d8x8000000gn/T/lenso-release-cohort.r8ncUG/clean-room/Cargo.toml
warning: resolver for the non root package will be ignored, specify resolver at the workspace root:
package:   /private/var/folders/hp/q9psfx3j2l58mrp6g7d8x8000000gn/T/lenso-release-cohort.r8ncUG/clean-room/packages/lenso-host-runtime-0.1.10/Cargo.toml
workspace: /private/var/folders/hp/q9psfx3j2l58mrp6g7d8x8000000gn/T/lenso-release-cohort.r8ncUG/clean-room/Cargo.toml
warning: resolver for the non root package will be ignored, specify resolver at the workspace root:
package:   /private/var/folders/hp/q9psfx3j2l58mrp6g7d8x8000000gn/T/lenso-release-cohort.r8ncUG/clean-room/packages/lenso-http-auth-0.2.5/Cargo.toml
workspace: /private/var/folders/hp/q9psfx3j2l58mrp6g7d8x8000000gn/T/lenso-release-cohort.r8ncUG/clean-room/Cargo.toml
warning: resolver for the non root package will be ignored, specify resolver at the workspace root:
package:   /private/var/folders/hp/q9psfx3j2l58mrp6g7d8x8000000gn/T/lenso-release-cohort.r8ncUG/clean-room/packages/lenso-http-egress-plugin-0.3.6/Cargo.toml
workspace: /private/var/folders/hp/q9psfx3j2l58mrp6g7d8x8000000gn/T/lenso-release-cohort.r8ncUG/clean-room/Cargo.toml
warning: resolver for the non root package will be ignored, specify resolver at the workspace root:
package:   /private/var/folders/hp/q9psfx3j2l58mrp6g7d8x8000000gn/T/lenso-release-cohort.r8ncUG/clean-room/packages/lenso-kernel-0.3.12/Cargo.toml
workspace: /private/var/folders/hp/q9psfx3j2l58mrp6g7d8x8000000gn/T/lenso-release-cohort.r8ncUG/clean-room/Cargo.toml
warning: resolver for the non root package will be ignored, specify resolver at the workspace root:
package:   /private/var/folders/hp/q9psfx3j2l58mrp6g7d8x8000000gn/T/lenso-release-cohort.r8ncUG/clean-room/packages/lenso-native-adapter-0.3.19/Cargo.toml
workspace: /private/var/folders/hp/q9psfx3j2l58mrp6g7d8x8000000gn/T/lenso-release-cohort.r8ncUG/clean-room/Cargo.toml
warning: resolver for the non root package will be ignored, specify resolver at the workspace root:
package:   /private/var/folders/hp/q9psfx3j2l58mrp6g7d8x8000000gn/T/lenso-release-cohort.r8ncUG/clean-room/packages/lenso-native-adapter-macros-0.2.8/Cargo.toml
workspace: /private/var/folders/hp/q9psfx3j2l58mrp6g7d8x8000000gn/T/lenso-release-cohort.r8ncUG/clean-room/Cargo.toml
warning: resolver for the non root package will be ignored, specify resolver at the workspace root:
package:   /private/var/folders/hp/q9psfx3j2l58mrp6g7d8x8000000gn/T/lenso-release-cohort.r8ncUG/clean-room/packages/lenso-openapi-plugin-0.2.6/Cargo.toml
workspace: /private/var/folders/hp/q9psfx3j2l58mrp6g7d8x8000000gn/T/lenso-release-cohort.r8ncUG/clean-room/Cargo.toml
warning: resolver for the non root package will be ignored, specify resolver at the workspace root:
package:   /private/var/folders/hp/q9psfx3j2l58mrp6g7d8x8000000gn/T/lenso-release-cohort.r8ncUG/clean-room/packages/lenso-plugin-control-plane-0.4.26/Cargo.toml
workspace: /private/var/folders/hp/q9psfx3j2l58mrp6g7d8x8000000gn/T/lenso-release-cohort.r8ncUG/clean-room/Cargo.toml
warning: resolver for the non root package will be ignored, specify resolver at the workspace root:
package:   /private/var/folders/hp/q9psfx3j2l58mrp6g7d8x8000000gn/T/lenso-release-cohort.r8ncUG/clean-room/packages/lenso-process-adapter-0.3.15/Cargo.toml
workspace: /private/var/folders/hp/q9psfx3j2l58mrp6g7d8x8000000gn/T/lenso-release-cohort.r8ncUG/clean-room/Cargo.toml
warning: resolver for the non root package will be ignored, specify resolver at the workspace root:
package:   /private/var/folders/hp/q9psfx3j2l58mrp6g7d8x8000000gn/T/lenso-release-cohort.r8ncUG/clean-room/packages/lenso-quickjs-adapter-0.2.11/Cargo.toml
workspace: /private/var/folders/hp/q9psfx3j2l58mrp6g7d8x8000000gn/T/lenso-release-cohort.r8ncUG/clean-room/Cargo.toml
warning: resolver for the non root package will be ignored, specify resolver at the workspace root:
package:   /private/var/folders/hp/q9psfx3j2l58mrp6g7d8x8000000gn/T/lenso-release-cohort.r8ncUG/clean-room/packages/lenso-remote-adapter-0.1.10/Cargo.toml
workspace: /private/var/folders/hp/q9psfx3j2l58mrp6g7d8x8000000gn/T/lenso-release-cohort.r8ncUG/clean-room/Cargo.toml
warning: resolver for the non root package will be ignored, specify resolver at the workspace root:
package:   /private/var/folders/hp/q9psfx3j2l58mrp6g7d8x8000000gn/T/lenso-release-cohort.r8ncUG/clean-room/packages/lenso-runner-0.2.20/Cargo.toml
workspace: /private/var/folders/hp/q9psfx3j2l58mrp6g7d8x8000000gn/T/lenso-release-cohort.r8ncUG/clean-room/Cargo.toml
warning: resolver for the non root package will be ignored, specify resolver at the workspace root:
package:   /private/var/folders/hp/q9psfx3j2l58mrp6g7d8x8000000gn/T/lenso-release-cohort.r8ncUG/clean-room/packages/lenso-runtime-codec-0.4.4/Cargo.toml
workspace: /private/var/folders/hp/q9psfx3j2l58mrp6g7d8x8000000gn/T/lenso-release-cohort.r8ncUG/clean-room/Cargo.toml
warning: resolver for the non root package will be ignored, specify resolver at the workspace root:
package:   /private/var/folders/hp/q9psfx3j2l58mrp6g7d8x8000000gn/T/lenso-release-cohort.r8ncUG/clean-room/packages/lenso-test-0.1.3/Cargo.toml
workspace: /private/var/folders/hp/q9psfx3j2l58mrp6g7d8x8000000gn/T/lenso-release-cohort.r8ncUG/clean-room/Cargo.toml
warning: resolver for the non root package will be ignored, specify resolver at the workspace root:
package:   /private/var/folders/hp/q9psfx3j2l58mrp6g7d8x8000000gn/T/lenso-release-cohort.r8ncUG/clean-room/packages/lenso-wasm-component-adapter-0.2.18/Cargo.toml
workspace: /private/var/folders/hp/q9psfx3j2l58mrp6g7d8x8000000gn/T/lenso-release-cohort.r8ncUG/clean-room/Cargo.toml
warning: resolver for the non root package will be ignored, specify resolver at the workspace root:
package:   /private/var/folders/hp/q9psfx3j2l58mrp6g7d8x8000000gn/T/lenso-release-cohort.r8ncUG/clean-room/packages/lenso-web-host-0.2.5/Cargo.toml
workspace: /private/var/folders/hp/q9psfx3j2l58mrp6g7d8x8000000gn/T/lenso-release-cohort.r8ncUG/clean-room/Cargo.toml
warning: resolver for the non root package will be ignored, specify resolver at the workspace root:
package:   /private/var/folders/hp/q9psfx3j2l58mrp6g7d8x8000000gn/T/lenso-release-cohort.r8ncUG/clean-room/packages/lenso-web-ingress-plugin-0.4.10/Cargo.toml
workspace: /private/var/folders/hp/q9psfx3j2l58mrp6g7d8x8000000gn/T/lenso-release-cohort.r8ncUG/clean-room/Cargo.toml
warning: resolver for the non root package will be ignored, specify resolver at the workspace root:
package:   /private/var/folders/hp/q9psfx3j2l58mrp6g7d8x8000000gn/T/lenso-release-cohort.r8ncUG/clean-room/packages/lenso-workers-driver-0.1.2/Cargo.toml
workspace: /private/var/folders/hp/q9psfx3j2l58mrp6g7d8x8000000gn/T/lenso-release-cohort.r8ncUG/clean-room/Cargo.toml
   Compiling proc-macro2 v1.0.107
   Compiling quote v1.0.47
   Compiling unicode-ident v1.0.24
   Compiling libc v0.2.189
   Compiling serde_core v1.0.229
    Checking cfg-if v1.0.4
   Compiling serde v1.0.229
    Checking foldhash v0.2.0
    Checking equivalent v1.0.2
    Checking allocator-api2 v0.2.21
   Compiling zmij v1.0.23
   Compiling version_check v0.9.5
    Checking memchr v2.8.3
    Checking itoa v1.0.18
    Checking typenum v1.20.1
   Compiling generic-array v0.14.7
    Checking subtle v2.6.1
   Compiling serde_json v1.0.151
    Checking pin-project-lite v0.2.17
    Checking futures-core v0.3.34
    Checking futures-sink v0.3.34
    Checking futures-io v0.3.34
    Checking slab v0.4.12
    Checking futures-channel v0.3.34
    Checking futures-task v0.3.34
    Checking bitflags v2.13.2
    Checking once_cell v1.21.4
   Compiling getrandom v0.4.3
    Checking rand_core v0.10.1
   Compiling hashbrown v0.17.1
   Compiling rustix v1.1.5
    Checking cpufeatures v0.2.17
    Checking crypto-common v0.1.7
   Compiling syn v3.0.3
   Compiling syn v2.0.119
    Checking block-buffer v0.10.4
    Checking errno v0.3.14
    Checking fastrand v2.5.0
    Checking digest v0.10.7
   Compiling serde_derive v1.0.229
   Compiling futures-macro v0.3.34
    Checking sha2 v0.10.9
    Checking tempfile v3.27.0
    Checking bytes v1.12.1
    Checking hex v0.4.3
    Checking futures-util v0.3.34
    Checking log v0.4.34
    Checking base64 v0.22.1
   Compiling jobserver v0.1.35
   Compiling find-msvc-tools v0.1.13
   Compiling shlex v2.0.1
   Compiling semver v1.0.28
   Compiling tokio-macros v2.7.2
    Checking signal-hook-registry v1.4.8
    Checking mio v1.2.3
    Checking socket2 v0.6.5
    Checking lenso-plugin-authoring v0.2.0
   Compiling cc v1.4.7
   Compiling winnow v1.0.4
   Compiling synstructure v0.14.0
    Checking zeroize v1.9.0
    Checking tokio v1.53.1
    Checking futures-executor v0.3.34
   Compiling ref-cast v1.0.27
   Compiling toml_parser v1.1.3+spec-1.1.0
   Compiling ref-cast-impl v1.0.27
   Compiling toml_datetime v1.1.1+spec-1.1.0
   Compiling zerofrom-derive v0.1.8
    Checking futures v0.3.34
    Checking http v1.5.0
   Compiling toml_writer v1.1.2+spec-1.1.0
   Compiling anyhow v1.0.104
   Compiling winnow v0.7.15
    Checking zerofrom v0.1.8
   Compiling yoke-derive v0.8.3
    Checking fnv v1.0.7
   Compiling thiserror v2.0.20
    Checking stable_deref_trait v1.2.1
   Compiling thiserror-impl v2.0.20
    Checking inventory v0.3.24
   Compiling zerovec-derive v0.11.6
    Checking percent-encoding v2.3.2
    Checking yoke v0.8.3
   Compiling displaydoc v0.2.7
    Checking getrandom v0.2.17
   Compiling cmake v0.1.58
   Compiling pkg-config v0.3.34
   Compiling fs_extra v1.3.0
    Checking zerovec v0.11.8
   Compiling dunce v1.0.5
   Compiling libm v0.2.16
   Compiling tracing-attributes v0.1.31
   Compiling serde_derive_internals v0.30.0
    Checking tracing-core v0.1.36
    Checking tokio-util v0.7.19
   Compiling aws-lc-sys v0.45.0
    Checking tinystr v0.8.4
   Compiling schemars_derive v1.2.2
   Compiling ring v0.17.14
    Checking tracing v0.1.44
    Checking litemap v0.8.3
    Checking writeable v0.6.4
    Checking potential_utf v0.1.6
    Checking zerotrie v0.2.5
    Checking rustls-pki-types v1.15.1
   Compiling icu_properties_data v2.3.0
   Compiling icu_normalizer_data v2.3.0
   Compiling httparse v1.10.1
    Checking icu_locale_core v2.3.0
   Compiling heck v0.5.0
   Compiling aws-lc-rs v1.18.1
    Checking utf8_iter v1.0.4
    Checking form_urlencoded v1.2.2
    Checking icu_provider v2.3.1
    Checking icu_collections v2.3.0
    Checking http-body v1.1.0
   Compiling lenso-contract-authoring-macros v0.1.1 (/private/var/folders/hp/q9psfx3j2l58mrp6g7d8x8000000gn/T/lenso-release-cohort.r8ncUG/clean-room/packages/lenso-contract-authoring-macros-0.1.1)
    Checking untrusted v0.9.0
    Checking rustc-hash v2.1.3
    Checking tower-service v0.3.3
   Compiling rustls v0.23.45
   Compiling crc32fast v1.5.2
    Checking scopeguard v1.2.0
    Checking icu_properties v2.3.0
    Checking sync_wrapper v1.0.2
    Checking tower-layer v0.3.3
    Checking atomic-waker v1.1.2
    Checking try-lock v0.2.5
    Checking httpdate v1.0.3
    Checking want v0.3.1
    Checking http-body-util v0.1.5
   Compiling wasmtime-internal-core v47.0.4
    Checking core-foundation-sys v0.8.7
    Checking leb128fmt v0.1.0
    Checking tower v0.5.3
mbx[warning]: cc cache bypassed: compiler invocation names no output file
   Compiling cranelift-srcgen v0.134.4
   Compiling autocfg v1.5.1
    Checking id-arena v2.3.0
    Checking ipnet v2.12.2
   Compiling cranelift-assembler-x64-meta v0.134.4
   Compiling num-traits v0.2.19
    Checking core-foundation v0.10.1
    Checking security-framework-sys v2.17.0
    Checking cpu-time v1.0.0
   Compiling async-trait v0.1.92
    Checking security-framework v3.7.0
   Compiling pulley-macros v47.0.4
   Compiling cranelift-isle v0.134.4
    Checking uuid v1.26.1
    Checking base64 v0.23.1
   Compiling cranelift-bitset v0.134.4
   Compiling target-lexicon v0.13.5
    Checking simd-adler32 v0.3.10
   Compiling pulley-interpreter v47.0.4
   Compiling cranelift-codegen-shared v0.134.4
    Checking adler2 v2.0.1
   Compiling cranelift-codegen-meta v0.134.4
   Compiling cranelift-assembler-x64 v0.134.4
    Checking cobs v0.3.0
    Checking zlib-rs v0.6.8
    Checking hashbrown v0.16.1
   Compiling cranelift-codegen v0.134.4
    Checking xattr v1.6.1
    Checking filetime v0.2.29
    Checking miniz_oxide v0.9.1
    Checking bumpalo v3.20.3
    Checking arbitrary v1.4.2
    Checking tar v0.4.46
    Checking flate2 v1.1.10
    Checking cranelift-control v0.134.4
    Checking serde_spanned v1.1.1
    Checking indexmap v2.14.2
    Checking toml_datetime v0.7.5+spec-1.1.0
   Compiling aho-corasick v1.1.5
    Checking toml v0.9.12+spec-1.1.0
    Checking h2 v0.4.19
    Checking gimli v0.33.0
   Compiling dyn-clone v1.0.20
   Compiling regex-syntax v0.8.11
   Compiling object v0.39.1
   Compiling rustversion v1.0.23
   Compiling regex-automata v0.4.18
    Checking termcolor v1.4.1
   Compiling wasmparser v0.252.0
   Compiling regex v1.13.1
   Compiling rquickjs-sys v0.12.2
   Compiling wasmtime-internal-versioned-export-macros v47.0.4
    Checking lenso-app-plan v0.4.6
    Checking smallvec v1.16.1
    Checking lenso-kernel v0.3.12 (/private/var/folders/hp/q9psfx3j2l58mrp6g7d8x8000000gn/T/lenso-release-cohort.r8ncUG/clean-room/packages/lenso-kernel-0.3.12)
    Checking icu_normalizer v2.3.0
   Compiling toml_edit v0.25.15+spec-1.1.0
    Checking lenso-runtime-codec v0.4.4 (/private/var/folders/hp/q9psfx3j2l58mrp6g7d8x8000000gn/T/lenso-release-cohort.r8ncUG/clean-room/packages/lenso-runtime-codec-0.4.4)
    Checking idna_adapter v1.2.2
    Checking lenso-process-protocol v0.2.3
   Compiling proc-macro-crate v3.5.0
    Checking wasm-encoder v0.252.0
    Checking hyper v1.11.1
    Checking idna v1.1.0
    Checking wit-parser v0.252.0
   Compiling lenso-native-adapter-macros v0.2.8 (/private/var/folders/hp/q9psfx3j2l58mrp6g7d8x8000000gn/T/lenso-release-cohort.r8ncUG/clean-room/packages/lenso-native-adapter-macros-0.2.8)
    Checking url v2.5.8
    Checking hyper-util v0.1.20
    Checking lenso-runner v0.2.20 (/private/var/folders/hp/q9psfx3j2l58mrp6g7d8x8000000gn/T/lenso-release-cohort.r8ncUG/clean-room/packages/lenso-runner-0.2.20)
    Checking tower-http v0.6.11
    Checking lenso-native-adapter v0.3.19 (/private/var/folders/hp/q9psfx3j2l58mrp6g7d8x8000000gn/T/lenso-release-cohort.r8ncUG/clean-room/packages/lenso-native-adapter-0.3.19)
    Checking wasm-metadata v0.252.0
    Checking postcard v1.1.3
    Checking cranelift-entity v0.134.4
    Checking lenso-process-sdk v0.2.0
    Checking regalloc2 v0.15.2
    Checking wit-component v0.252.0
    Checking cranelift-bforest v0.134.4
    Checking wasmprinter v0.252.0
   Compiling wasmtime-internal-unwinder v47.0.4
    Checking wasmtime-internal-component-util v47.0.4
    Checking lenso-plugin-bundle v0.6.1
    Checking wasmtime-environ v47.0.4
   Compiling wasmtime-internal-component-macro v47.0.4
mbx[warning]: build-script cache bypassed: cached action is missing blob 12b610aa81d3a3cfef09ab2eb2517590b69bb54314f46e97d84541e6a0bc7962
    Checking either v1.18.0
   Compiling wasmtime-internal-cranelift v47.0.4
    Checking itertools v0.14.0
   Compiling schemars v1.2.2
   Compiling encoding_rs v0.8.41
   Compiling wasmtime v47.0.4
   Compiling multiversion_no_op v1.0.0
   Compiling lenso-contract-authoring v0.1.2 (/private/var/folders/hp/q9psfx3j2l58mrp6g7d8x8000000gn/T/lenso-release-cohort.r8ncUG/clean-room/packages/lenso-contract-authoring-0.1.2)
   Compiling wasmtime-internal-wit-bindgen v47.0.4
    Checking simdutf8 v0.1.5
    Checking relative-path v2.0.1
    Checking lenso-process-adapter v0.3.15 (/private/var/folders/hp/q9psfx3j2l58mrp6g7d8x8000000gn/T/lenso-release-cohort.r8ncUG/clean-room/packages/lenso-process-adapter-0.3.15)
    Checking wasmtime-internal-jit-icache-coherence v47.0.4
    Checking mach2 v0.6.0
    Checking libloading v0.9.0
    Checking lenso-contract-runtime v0.2.0
    Checking chrono v0.4.45
    Checking fs2 v0.4.3
    Checking lenso-dylib-adapter v0.2.11 (/private/var/folders/hp/q9psfx3j2l58mrp6g7d8x8000000gn/T/lenso-release-cohort.r8ncUG/clean-room/packages/lenso-dylib-adapter-0.2.11)
   Compiling lenso-contract-codegen v0.10.1 (/private/var/folders/hp/q9psfx3j2l58mrp6g7d8x8000000gn/T/lenso-release-cohort.r8ncUG/clean-room/packages/lenso-contract-codegen-0.10.1)
    Checking ryu v1.0.23
    Checking lenso-guest-sdk v0.5.1
    Checking hybrid-array v0.4.15
    Checking serde_urlencoded v0.7.1
    Checking const-oid v0.10.2
    Checking crypto-common v0.2.2
    Checking block-buffer v0.12.1
    Checking matchit v0.8.4
    Checking sha1 v0.10.7
    Checking cpufeatures v0.3.1
   Compiling lenso-capability-http-endpoint v0.3.6 (/private/var/folders/hp/q9psfx3j2l58mrp6g7d8x8000000gn/T/lenso-release-cohort.r8ncUG/clean-room/packages/lenso-capability-http-endpoint-0.3.6)
    Checking digest v0.11.3
   Compiling rustc_version v0.4.1
   Compiling zerocopy v0.8.57
   Compiling lenso-capability-http-endpoint-macros v0.1.5
    Checking mime v0.3.17
   Compiling getrandom v0.3.4
    Checking serde_path_to_error v0.1.20
    Checking axum-core v0.5.6
   Compiling cfg_aliases v0.2.2
    Checking axum v0.8.9
    Checking data-encoding v2.11.1
    Checking ppv-lite86 v0.2.21
    Checking sha2 v0.11.0
   Compiling parking_lot_core v0.9.12
    Checking chacha20 v0.10.2
    Checking sha1 v0.11.0
    Checking lock_api v0.4.14
    Checking rand v0.10.3
    Checking rand_core v0.9.5
    Checking lenso-capability-http-stream-endpoint v0.1.3 (/private/var/folders/hp/q9psfx3j2l58mrp6g7d8x8000000gn/T/lenso-release-cohort.r8ncUG/clean-room/packages/lenso-capability-http-stream-endpoint-0.1.3)
    Checking tungstenite v0.30.0
    Checking rand_chacha v0.9.0
    Checking lenso-capability-websocket-endpoint v0.1.3 (/private/var/folders/hp/q9psfx3j2l58mrp6g7d8x8000000gn/T/lenso-release-cohort.r8ncUG/clean-room/packages/lenso-capability-websocket-endpoint-0.1.3)
    Checking parking_lot v0.12.5
    Checking tokio-tungstenite v0.30.0
    Checking rand_core v0.6.4
   Compiling pin-project-internal v1.1.13
    Checking rand v0.9.5
    Checking jsonrpsee-types v0.26.0
    Checking rand_chacha v0.3.1
    Checking pin-project v1.1.13
   Compiling nix v0.31.3
    Checking deranged v0.5.8
    Checking time-core v0.1.9
    Checking rand v0.8.8
    Checking jsonrpsee-core v0.26.0
    Checking powerfmt v0.2.0
    Checking num-conv v0.2.2
    Checking soketto v0.8.1
    Checking rquickjs-core v0.12.2
    Checking tokio-stream v0.1.19
    Checking time v0.3.55
    Checking route-recognizer v0.3.1
    Checking num-integer v0.1.47
    Checking chunked_transfer v1.5.0
    Checking jsonrpsee-server v0.26.0
    Checking ascii v1.1.0
    Checking hmac v0.12.1
    Checking num-bigint v0.4.8
    Checking tiny_http v0.12.0
   Compiling curve25519-dalek v5.0.0
   Compiling lenso-contract-codegen v0.9.0
    Checking command-fds v0.3.3
   Compiling ahash v0.8.12
    Checking glob v0.3.4
    Checking num-rational v0.4.2
   Compiling lenso-capability-auth v0.2.0
    Checking num-iter v0.1.46
   Compiling nix v0.30.1
   Compiling curve25519-dalek v4.1.3
    Checking num-complex v0.4.6
    Checking signature v3.0.0
    Checking num v0.4.3
    Checking ed25519 v3.0.0
    Checking lenso-runtime-conformance v0.3.10
    Checking signature v2.2.0
   Compiling unicode-general-category v1.1.0
    Checking bit-vec v0.8.0
    Checking borrow-or-share v0.2.4
    Checking ed25519 v2.2.3
    Checking bit-set v0.8.0
    Checking fluent-uri v0.4.1
    Checking ed25519-dalek v3.0.0
    Checking fraction v0.16.0
   Compiling lenso-contract-codegen v0.8.2
   Compiling strum_macros v0.28.0
    Checking webpki-roots v1.0.9
    Checking num-cmp v0.1.0
    Checking outref v0.5.2
    Checking bytecount v0.6.9
    Checking micromap v0.3.0
    Checking vsimd v0.8.0
    Checking jsonschema-value v0.51.0
    Checking strum v0.28.0
    Checking referencing v0.51.0
    Checking uuid-simd v0.8.0
    Checking webpki-roots v0.26.11
   Compiling lenso-capability-agent-tool-provider v0.2.2
    Checking lenso-auth-sdk v0.2.3
    Checking ed25519-dalek v2.2.0
    Checking fancy-regex v0.19.2
    Checking jsonschema-regex v0.51.0
    Checking email_address v0.2.9
   Compiling lenso-engine-authoring v0.2.4 (/private/var/folders/hp/q9psfx3j2l58mrp6g7d8x8000000gn/T/lenso-release-cohort.r8ncUG/clean-room/packages/lenso-engine-authoring-0.2.4)
    Checking typed-path v0.12.3
    Checking utf8parse v0.2.2
    Checking lenso-engine v0.2.0
    Checking anstyle-parse v1.0.0
    Checking zip v8.6.0
    Checking lenso-plugin-catalog v0.1.2
   Compiling lenso-capability-configuration-source v0.1.1 (/private/var/folders/hp/q9psfx3j2l58mrp6g7d8x8000000gn/T/lenso-release-cohort.r8ncUG/clean-room/packages/lenso-capability-configuration-source-0.1.1)
    Checking lenso-runtime-codec v0.3.4
    Checking lenso-guest-sdk v0.4.1
   Compiling lenso-plugin-sdk-macros v0.1.0
    Checking anstyle v1.0.14
    Checking is_terminal_polyfill v1.70.2
    Checking anstyle-query v1.1.5
    Checking colorchoice v1.0.5
    Checking lenso-plugin-sdk v0.4.6
    Checking lenso-http-auth v0.2.5 (/private/var/folders/hp/q9psfx3j2l58mrp6g7d8x8000000gn/T/lenso-release-cohort.r8ncUG/clean-room/packages/lenso-http-auth-0.2.5)
    Checking anstream v1.0.0
    Checking clap_lex v1.1.1
    Checking same-file v1.0.6
    Checking strsim v0.11.1
    Checking lenso-engine-runtime v0.2.1 (/private/var/folders/hp/q9psfx3j2l58mrp6g7d8x8000000gn/T/lenso-release-cohort.r8ncUG/clean-room/packages/lenso-engine-runtime-0.2.1)
    Checking lenso-test v0.1.3 (/private/var/folders/hp/q9psfx3j2l58mrp6g7d8x8000000gn/T/lenso-release-cohort.r8ncUG/clean-room/packages/lenso-test-0.1.3)
   Compiling clap_derive v4.6.7
    Checking walkdir v2.5.0
    Checking clap_builder v4.6.7
    Checking fsevent-sys v4.1.0
    Checking notify-types v2.1.0
   Compiling lenso-engine-app v0.3.2 (/private/var/folders/hp/q9psfx3j2l58mrp6g7d8x8000000gn/T/lenso-release-cohort.r8ncUG/clean-room/packages/lenso-engine-app-0.3.2)
   Compiling ident_case v1.0.1
    Checking notify v8.2.0
    Checking clap v4.6.7
    Checking jsonschema v0.51.0
    Checking rquickjs v0.12.2
    Checking stats_alloc v0.1.10
    Checking shell-words v1.1.1
   Compiling lenso-capability-http-client v0.3.3 (/private/var/folders/hp/q9psfx3j2l58mrp6g7d8x8000000gn/T/lenso-release-cohort.r8ncUG/clean-room/packages/lenso-capability-http-client-0.3.3)
   Compiling darling_core v0.24.1
   Compiling rmcp v3.4.0
   Compiling pastey v0.2.3
    Checking lenso-quickjs-adapter v0.2.11 (/private/var/folders/hp/q9psfx3j2l58mrp6g7d8x8000000gn/T/lenso-release-cohort.r8ncUG/clean-room/packages/lenso-quickjs-adapter-0.2.11)
   Compiling darling_macro v0.24.1
    Checking lenso-engine-markdown v0.2.0
   Compiling darling v0.24.1
   Compiling rmcp-macros v3.4.0
    Checking yasna v0.6.0
    Checking pem v4.0.0
    Checking rcgen v0.14.10
    Checking lenso-browser-driver v0.1.10 (/private/var/folders/hp/q9psfx3j2l58mrp6g7d8x8000000gn/T/lenso-release-cohort.r8ncUG/clean-room/packages/lenso-browser-driver-0.1.10)
    Checking lenso-workers-driver v0.1.2 (/private/var/folders/hp/q9psfx3j2l58mrp6g7d8x8000000gn/T/lenso-release-cohort.r8ncUG/clean-room/packages/lenso-workers-driver-0.1.2)
mbx[progress]: 15s elapsed; 825 hits, 194 misses, 12 bypassed, 6 not looked up; ~377.3s compiler work saved
    Checking cranelift-native v0.134.4
    Checking cranelift-frontend v0.134.4
    Checking rustls-webpki v0.103.15
    Checking tokio-rustls v0.26.5
    Checking rustls-platform-verifier v0.7.0
    Checking rustls-platform-verifier v0.5.3
    Checking ureq v2.12.1
    Checking hyper-rustls v0.27.10
    Checking reqwest v0.13.5
    Checking jsonrpsee-http-client v0.26.0
    Checking jsonrpsee v0.26.0
    Checking lenso-remote-adapter v0.1.10 (/private/var/folders/hp/q9psfx3j2l58mrp6g7d8x8000000gn/T/lenso-release-cohort.r8ncUG/clean-room/packages/lenso-remote-adapter-0.1.10)
    Checking lenso-bun-adapter v0.1.17 (/private/var/folders/hp/q9psfx3j2l58mrp6g7d8x8000000gn/T/lenso-release-cohort.r8ncUG/clean-room/packages/lenso-bun-adapter-0.1.17)
    Checking lenso-wasm-component-adapter v0.2.18 (/private/var/folders/hp/q9psfx3j2l58mrp6g7d8x8000000gn/T/lenso-release-cohort.r8ncUG/clean-room/packages/lenso-wasm-component-adapter-0.2.18)
    Checking lenso-plugin-control-plane v0.4.26 (/private/var/folders/hp/q9psfx3j2l58mrp6g7d8x8000000gn/T/lenso-release-cohort.r8ncUG/clean-room/packages/lenso-plugin-control-plane-0.4.26)
    Checking lenso v0.5.28 (/private/var/folders/hp/q9psfx3j2l58mrp6g7d8x8000000gn/T/lenso-release-cohort.r8ncUG/clean-room/packages/lenso-0.5.28)
    Checking lenso-host-distribution v0.1.24
    Checking lenso-web-ingress-plugin v0.4.10 (/private/var/folders/hp/q9psfx3j2l58mrp6g7d8x8000000gn/T/lenso-release-cohort.r8ncUG/clean-room/packages/lenso-web-ingress-plugin-0.4.10)
    Checking lenso-agent-tool-cli-plugin v0.1.1 (/private/var/folders/hp/q9psfx3j2l58mrp6g7d8x8000000gn/T/lenso-release-cohort.r8ncUG/clean-room/packages/lenso-agent-tool-cli-plugin-0.1.1)
    Checking lenso-openapi-plugin v0.2.6 (/private/var/folders/hp/q9psfx3j2l58mrp6g7d8x8000000gn/T/lenso-release-cohort.r8ncUG/clean-room/packages/lenso-openapi-plugin-0.2.6)
    Checking lenso-http-egress-plugin v0.3.6 (/private/var/folders/hp/q9psfx3j2l58mrp6g7d8x8000000gn/T/lenso-release-cohort.r8ncUG/clean-room/packages/lenso-http-egress-plugin-0.3.6)
    Checking lenso-host-runtime v0.1.10 (/private/var/folders/hp/q9psfx3j2l58mrp6g7d8x8000000gn/T/lenso-release-cohort.r8ncUG/clean-room/packages/lenso-host-runtime-0.1.10)
    Checking lenso-web-host v0.2.5 (/private/var/folders/hp/q9psfx3j2l58mrp6g7d8x8000000gn/T/lenso-release-cohort.r8ncUG/clean-room/packages/lenso-web-host-0.2.5)
    Checking lenso-cli v0.6.5 (/private/var/folders/hp/q9psfx3j2l58mrp6g7d8x8000000gn/T/lenso-release-cohort.r8ncUG/clean-room/packages/lenso-cli-0.6.5)
    Finished `dev` profile [unoptimized + debuginfo] target(s) in 26.84s
mbx[cache]: 851 hits, 249 misses, 6 not looked up, 14 bypassed; 0 B downloaded, 0 B uploaded, 42.5 MiB stored locally
mbx[savings]: swept up 380.2 GiB logical so far. the broom is content-addressed.
      ┌─────────┐  mr boxington
     ╱ ═══════ ╱│
    ╱─────────╱ │
    │ •    (◉)│≡│
    │  ◟▄▄▄◞  │ ╱
    │   ◀◆▶   │╱
    └─────────┘
warning: resolver for the non root package will be ignored, specify resolver at the workspace root:
package:   /private/var/folders/hp/q9psfx3j2l58mrp6g7d8x8000000gn/T/lenso-release-cohort.r8ncUG/clean-room/packages/lenso-0.5.28/Cargo.toml
workspace: /private/var/folders/hp/q9psfx3j2l58mrp6g7d8x8000000gn/T/lenso-release-cohort.r8ncUG/clean-room/Cargo.toml
warning: resolver for the non root package will be ignored, specify resolver at the workspace root:
package:   /private/var/folders/hp/q9psfx3j2l58mrp6g7d8x8000000gn/T/lenso-release-cohort.r8ncUG/clean-room/packages/lenso-agent-tool-cli-plugin-0.1.1/Cargo.toml
workspace: /private/var/folders/hp/q9psfx3j2l58mrp6g7d8x8000000gn/T/lenso-release-cohort.r8ncUG/clean-room/Cargo.toml
warning: resolver for the non root package will be ignored, specify resolver at the workspace root:
package:   /private/var/folders/hp/q9psfx3j2l58mrp6g7d8x8000000gn/T/lenso-release-cohort.r8ncUG/clean-room/packages/lenso-browser-driver-0.1.10/Cargo.toml
workspace: /private/var/folders/hp/q9psfx3j2l58mrp6g7d8x8000000gn/T/lenso-release-cohort.r8ncUG/clean-room/Cargo.toml
warning: resolver for the non root package will be ignored, specify resolver at the workspace root:
package:   /private/var/folders/hp/q9psfx3j2l58mrp6g7d8x8000000gn/T/lenso-release-cohort.r8ncUG/clean-room/packages/lenso-bun-adapter-0.1.17/Cargo.toml
workspace: /private/var/folders/hp/q9psfx3j2l58mrp6g7d8x8000000gn/T/lenso-release-cohort.r8ncUG/clean-room/Cargo.toml
warning: resolver for the non root package will be ignored, specify resolver at the workspace root:
package:   /private/var/folders/hp/q9psfx3j2l58mrp6g7d8x8000000gn/T/lenso-release-cohort.r8ncUG/clean-room/packages/lenso-capability-configuration-source-0.1.1/Cargo.toml
workspace: /private/var/folders/hp/q9psfx3j2l58mrp6g7d8x8000000gn/T/lenso-release-cohort.r8ncUG/clean-room/Cargo.toml
warning: resolver for the non root package will be ignored, specify resolver at the workspace root:
package:   /private/var/folders/hp/q9psfx3j2l58mrp6g7d8x8000000gn/T/lenso-release-cohort.r8ncUG/clean-room/packages/lenso-capability-http-client-0.3.3/Cargo.toml
workspace: /private/var/folders/hp/q9psfx3j2l58mrp6g7d8x8000000gn/T/lenso-release-cohort.r8ncUG/clean-room/Cargo.toml
warning: resolver for the non root package will be ignored, specify resolver at the workspace root:
package:   /private/var/folders/hp/q9psfx3j2l58mrp6g7d8x8000000gn/T/lenso-release-cohort.r8ncUG/clean-room/packages/lenso-capability-http-endpoint-0.3.6/Cargo.toml
workspace: /private/var/folders/hp/q9psfx3j2l58mrp6g7d8x8000000gn/T/lenso-release-cohort.r8ncUG/clean-room/Cargo.toml
warning: resolver for the non root package will be ignored, specify resolver at the workspace root:
package:   /private/var/folders/hp/q9psfx3j2l58mrp6g7d8x8000000gn/T/lenso-release-cohort.r8ncUG/clean-room/packages/lenso-capability-http-stream-endpoint-0.1.3/Cargo.toml
workspace: /private/var/folders/hp/q9psfx3j2l58mrp6g7d8x8000000gn/T/lenso-release-cohort.r8ncUG/clean-room/Cargo.toml
warning: resolver for the non root package will be ignored, specify resolver at the workspace root:
package:   /private/var/folders/hp/q9psfx3j2l58mrp6g7d8x8000000gn/T/lenso-release-cohort.r8ncUG/clean-room/packages/lenso-capability-websocket-endpoint-0.1.3/Cargo.toml
workspace: /private/var/folders/hp/q9psfx3j2l58mrp6g7d8x8000000gn/T/lenso-release-cohort.r8ncUG/clean-room/Cargo.toml
warning: resolver for the non root package will be ignored, specify resolver at the workspace root:
package:   /private/var/folders/hp/q9psfx3j2l58mrp6g7d8x8000000gn/T/lenso-release-cohort.r8ncUG/clean-room/packages/lenso-cli-0.6.5/Cargo.toml
workspace: /private/var/folders/hp/q9psfx3j2l58mrp6g7d8x8000000gn/T/lenso-release-cohort.r8ncUG/clean-room/Cargo.toml
warning: resolver for the non root package will be ignored, specify resolver at the workspace root:
package:   /private/var/folders/hp/q9psfx3j2l58mrp6g7d8x8000000gn/T/lenso-release-cohort.r8ncUG/clean-room/packages/lenso-contract-authoring-0.1.2/Cargo.toml
workspace: /private/var/folders/hp/q9psfx3j2l58mrp6g7d8x8000000gn/T/lenso-release-cohort.r8ncUG/clean-room/Cargo.toml
warning: resolver for the non root package will be ignored, specify resolver at the workspace root:
package:   /private/var/folders/hp/q9psfx3j2l58mrp6g7d8x8000000gn/T/lenso-release-cohort.r8ncUG/clean-room/packages/lenso-contract-authoring-macros-0.1.1/Cargo.toml
workspace: /private/var/folders/hp/q9psfx3j2l58mrp6g7d8x8000000gn/T/lenso-release-cohort.r8ncUG/clean-room/Cargo.toml
warning: resolver for the non root package will be ignored, specify resolver at the workspace root:
package:   /private/var/folders/hp/q9psfx3j2l58mrp6g7d8x8000000gn/T/lenso-release-cohort.r8ncUG/clean-room/packages/lenso-contract-codegen-0.10.1/Cargo.toml
workspace: /private/var/folders/hp/q9psfx3j2l58mrp6g7d8x8000000gn/T/lenso-release-cohort.r8ncUG/clean-room/Cargo.toml
warning: resolver for the non root package will be ignored, specify resolver at the workspace root:
package:   /private/var/folders/hp/q9psfx3j2l58mrp6g7d8x8000000gn/T/lenso-release-cohort.r8ncUG/clean-room/packages/lenso-dylib-adapter-0.2.11/Cargo.toml
workspace: /private/var/folders/hp/q9psfx3j2l58mrp6g7d8x8000000gn/T/lenso-release-cohort.r8ncUG/clean-room/Cargo.toml
warning: resolver for the non root package will be ignored, specify resolver at the workspace root:
package:   /private/var/folders/hp/q9psfx3j2l58mrp6g7d8x8000000gn/T/lenso-release-cohort.r8ncUG/clean-room/packages/lenso-engine-app-0.3.2/Cargo.toml
workspace: /private/var/folders/hp/q9psfx3j2l58mrp6g7d8x8000000gn/T/lenso-release-cohort.r8ncUG/clean-room/Cargo.toml
warning: resolver for the non root package will be ignored, specify resolver at the workspace root:
package:   /private/var/folders/hp/q9psfx3j2l58mrp6g7d8x8000000gn/T/lenso-release-cohort.r8ncUG/clean-room/packages/lenso-engine-authoring-0.2.4/Cargo.toml
workspace: /private/var/folders/hp/q9psfx3j2l58mrp6g7d8x8000000gn/T/lenso-release-cohort.r8ncUG/clean-room/Cargo.toml
warning: resolver for the non root package will be ignored, specify resolver at the workspace root:
package:   /private/var/folders/hp/q9psfx3j2l58mrp6g7d8x8000000gn/T/lenso-release-cohort.r8ncUG/clean-room/packages/lenso-engine-runtime-0.2.1/Cargo.toml
workspace: /private/var/folders/hp/q9psfx3j2l58mrp6g7d8x8000000gn/T/lenso-release-cohort.r8ncUG/clean-room/Cargo.toml
warning: resolver for the non root package will be ignored, specify resolver at the workspace root:
package:   /private/var/folders/hp/q9psfx3j2l58mrp6g7d8x8000000gn/T/lenso-release-cohort.r8ncUG/clean-room/packages/lenso-host-runtime-0.1.10/Cargo.toml
workspace: /private/var/folders/hp/q9psfx3j2l58mrp6g7d8x8000000gn/T/lenso-release-cohort.r8ncUG/clean-room/Cargo.toml
warning: resolver for the non root package will be ignored, specify resolver at the workspace root:
package:   /private/var/folders/hp/q9psfx3j2l58mrp6g7d8x8000000gn/T/lenso-release-cohort.r8ncUG/clean-room/packages/lenso-http-auth-0.2.5/Cargo.toml
workspace: /private/var/folders/hp/q9psfx3j2l58mrp6g7d8x8000000gn/T/lenso-release-cohort.r8ncUG/clean-room/Cargo.toml
warning: resolver for the non root package will be ignored, specify resolver at the workspace root:
package:   /private/var/folders/hp/q9psfx3j2l58mrp6g7d8x8000000gn/T/lenso-release-cohort.r8ncUG/clean-room/packages/lenso-http-egress-plugin-0.3.6/Cargo.toml
workspace: /private/var/folders/hp/q9psfx3j2l58mrp6g7d8x8000000gn/T/lenso-release-cohort.r8ncUG/clean-room/Cargo.toml
warning: resolver for the non root package will be ignored, specify resolver at the workspace root:
package:   /private/var/folders/hp/q9psfx3j2l58mrp6g7d8x8000000gn/T/lenso-release-cohort.r8ncUG/clean-room/packages/lenso-kernel-0.3.12/Cargo.toml
workspace: /private/var/folders/hp/q9psfx3j2l58mrp6g7d8x8000000gn/T/lenso-release-cohort.r8ncUG/clean-room/Cargo.toml
warning: resolver for the non root package will be ignored, specify resolver at the workspace root:
package:   /private/var/folders/hp/q9psfx3j2l58mrp6g7d8x8000000gn/T/lenso-release-cohort.r8ncUG/clean-room/packages/lenso-native-adapter-0.3.19/Cargo.toml
workspace: /private/var/folders/hp/q9psfx3j2l58mrp6g7d8x8000000gn/T/lenso-release-cohort.r8ncUG/clean-room/Cargo.toml
warning: resolver for the non root package will be ignored, specify resolver at the workspace root:
package:   /private/var/folders/hp/q9psfx3j2l58mrp6g7d8x8000000gn/T/lenso-release-cohort.r8ncUG/clean-room/packages/lenso-native-adapter-macros-0.2.8/Cargo.toml
workspace: /private/var/folders/hp/q9psfx3j2l58mrp6g7d8x8000000gn/T/lenso-release-cohort.r8ncUG/clean-room/Cargo.toml
warning: resolver for the non root package will be ignored, specify resolver at the workspace root:
package:   /private/var/folders/hp/q9psfx3j2l58mrp6g7d8x8000000gn/T/lenso-release-cohort.r8ncUG/clean-room/packages/lenso-openapi-plugin-0.2.6/Cargo.toml
workspace: /private/var/folders/hp/q9psfx3j2l58mrp6g7d8x8000000gn/T/lenso-release-cohort.r8ncUG/clean-room/Cargo.toml
warning: resolver for the non root package will be ignored, specify resolver at the workspace root:
package:   /private/var/folders/hp/q9psfx3j2l58mrp6g7d8x8000000gn/T/lenso-release-cohort.r8ncUG/clean-room/packages/lenso-plugin-control-plane-0.4.26/Cargo.toml
workspace: /private/var/folders/hp/q9psfx3j2l58mrp6g7d8x8000000gn/T/lenso-release-cohort.r8ncUG/clean-room/Cargo.toml
warning: resolver for the non root package will be ignored, specify resolver at the workspace root:
package:   /private/var/folders/hp/q9psfx3j2l58mrp6g7d8x8000000gn/T/lenso-release-cohort.r8ncUG/clean-room/packages/lenso-process-adapter-0.3.15/Cargo.toml
workspace: /private/var/folders/hp/q9psfx3j2l58mrp6g7d8x8000000gn/T/lenso-release-cohort.r8ncUG/clean-room/Cargo.toml
warning: resolver for the non root package will be ignored, specify resolver at the workspace root:
package:   /private/var/folders/hp/q9psfx3j2l58mrp6g7d8x8000000gn/T/lenso-release-cohort.r8ncUG/clean-room/packages/lenso-quickjs-adapter-0.2.11/Cargo.toml
workspace: /private/var/folders/hp/q9psfx3j2l58mrp6g7d8x8000000gn/T/lenso-release-cohort.r8ncUG/clean-room/Cargo.toml
warning: resolver for the non root package will be ignored, specify resolver at the workspace root:
package:   /private/var/folders/hp/q9psfx3j2l58mrp6g7d8x8000000gn/T/lenso-release-cohort.r8ncUG/clean-room/packages/lenso-remote-adapter-0.1.10/Cargo.toml
workspace: /private/var/folders/hp/q9psfx3j2l58mrp6g7d8x8000000gn/T/lenso-release-cohort.r8ncUG/clean-room/Cargo.toml
warning: resolver for the non root package will be ignored, specify resolver at the workspace root:
package:   /private/var/folders/hp/q9psfx3j2l58mrp6g7d8x8000000gn/T/lenso-release-cohort.r8ncUG/clean-room/packages/lenso-runner-0.2.20/Cargo.toml
workspace: /private/var/folders/hp/q9psfx3j2l58mrp6g7d8x8000000gn/T/lenso-release-cohort.r8ncUG/clean-room/Cargo.toml
warning: resolver for the non root package will be ignored, specify resolver at the workspace root:
package:   /private/var/folders/hp/q9psfx3j2l58mrp6g7d8x8000000gn/T/lenso-release-cohort.r8ncUG/clean-room/packages/lenso-runtime-codec-0.4.4/Cargo.toml
workspace: /private/var/folders/hp/q9psfx3j2l58mrp6g7d8x8000000gn/T/lenso-release-cohort.r8ncUG/clean-room/Cargo.toml
warning: resolver for the non root package will be ignored, specify resolver at the workspace root:
package:   /private/var/folders/hp/q9psfx3j2l58mrp6g7d8x8000000gn/T/lenso-release-cohort.r8ncUG/clean-room/packages/lenso-test-0.1.3/Cargo.toml
workspace: /private/var/folders/hp/q9psfx3j2l58mrp6g7d8x8000000gn/T/lenso-release-cohort.r8ncUG/clean-room/Cargo.toml
warning: resolver for the non root package will be ignored, specify resolver at the workspace root:
package:   /private/var/folders/hp/q9psfx3j2l58mrp6g7d8x8000000gn/T/lenso-release-cohort.r8ncUG/clean-room/packages/lenso-wasm-component-adapter-0.2.18/Cargo.toml
workspace: /private/var/folders/hp/q9psfx3j2l58mrp6g7d8x8000000gn/T/lenso-release-cohort.r8ncUG/clean-room/Cargo.toml
warning: resolver for the non root package will be ignored, specify resolver at the workspace root:
package:   /private/var/folders/hp/q9psfx3j2l58mrp6g7d8x8000000gn/T/lenso-release-cohort.r8ncUG/clean-room/packages/lenso-web-host-0.2.5/Cargo.toml
workspace: /private/var/folders/hp/q9psfx3j2l58mrp6g7d8x8000000gn/T/lenso-release-cohort.r8ncUG/clean-room/Cargo.toml
warning: resolver for the non root package will be ignored, specify resolver at the workspace root:
package:   /private/var/folders/hp/q9psfx3j2l58mrp6g7d8x8000000gn/T/lenso-release-cohort.r8ncUG/clean-room/packages/lenso-web-ingress-plugin-0.4.10/Cargo.toml
workspace: /private/var/folders/hp/q9psfx3j2l58mrp6g7d8x8000000gn/T/lenso-release-cohort.r8ncUG/clean-room/Cargo.toml
warning: resolver for the non root package will be ignored, specify resolver at the workspace root:
package:   /private/var/folders/hp/q9psfx3j2l58mrp6g7d8x8000000gn/T/lenso-release-cohort.r8ncUG/clean-room/packages/lenso-workers-driver-0.1.2/Cargo.toml
workspace: /private/var/folders/hp/q9psfx3j2l58mrp6g7d8x8000000gn/T/lenso-release-cohort.r8ncUG/clean-room/Cargo.toml
   Compiling unicode-ident v1.0.24
   Compiling foldhash v0.2.0
   Compiling cfg-if v1.0.4
   Compiling equivalent v1.0.2
   Compiling itoa v1.0.18
   Compiling allocator-api2 v0.2.21
   Compiling libc v0.2.189
   Compiling serde_core v1.0.229
   Compiling memchr v2.8.3
   Compiling proc-macro2 v1.0.107
   Compiling zmij v1.0.23
   Compiling typenum v1.20.1
   Compiling subtle v2.6.1
   Compiling pin-project-lite v0.2.17
   Compiling futures-core v0.3.34
   Compiling cpufeatures v0.2.17
   Compiling futures-sink v0.3.34
   Compiling futures-io v0.3.34
   Compiling quote v1.0.47
   Compiling slab v0.4.12
   Compiling bitflags v2.13.2
   Compiling generic-array v0.14.7
   Compiling futures-channel v0.3.34
   Compiling futures-task v0.3.34
   Compiling once_cell v1.21.4
   Compiling syn v3.0.3
   Compiling syn v2.0.119
   Compiling errno v0.3.14
   Compiling rand_core v0.10.1
   Compiling block-buffer v0.10.4
   Compiling crypto-common v0.1.7
   Compiling hashbrown v0.17.1
   Compiling fastrand v2.5.0
   Compiling serde_derive v1.0.229
   Compiling futures-macro v0.3.34
   Compiling getrandom v0.4.3
   Compiling rustix v1.1.5
   Compiling hex v0.4.3
   Compiling indexmap v2.14.2
   Compiling bytes v1.12.1
   Compiling log v0.4.34
   Compiling digest v0.10.7
   Compiling base64 v0.22.1
   Compiling tempfile v3.27.0
   Compiling winnow v1.0.4
   Compiling serde_json v1.0.151
   Compiling sha2 v0.10.9
   Compiling lenso-plugin-authoring v0.2.0
   Compiling winnow v0.7.15
   Compiling tokio-macros v2.7.2
   Compiling signal-hook-registry v1.4.8
   Compiling toml_parser v1.1.3+spec-1.1.0
   Compiling mio v1.2.3
   Compiling socket2 v0.6.5
   Compiling toml_datetime v1.1.1+spec-1.1.0
   Compiling serde_spanned v1.1.1
   Compiling toml_datetime v0.7.5+spec-1.1.0
   Compiling futures-util v0.3.34
   Compiling tokio v1.53.1
   Compiling zeroize v1.9.0
   Compiling toml_edit v0.25.15+spec-1.1.0
   Compiling serde v1.0.229
   Compiling toml v0.9.12+spec-1.1.0
   Compiling ref-cast-impl v1.0.27
   Compiling synstructure v0.14.0
   Compiling http v1.5.0
   Compiling futures-executor v0.3.34
   Compiling ref-cast v1.0.27
   Compiling inventory v0.3.24
   Compiling zerofrom-derive v0.1.8
   Compiling anyhow v1.0.104
   Compiling futures v0.3.34
   Compiling fnv v1.0.7
   Compiling yoke-derive v0.8.3
   Compiling zerofrom v0.1.8
   Compiling stable_deref_trait v1.2.1
   Compiling thiserror-impl v2.0.20
   Compiling percent-encoding v2.3.2
   Compiling zerovec-derive v0.11.6
   Compiling regex-syntax v0.8.11
   Compiling yoke v0.8.3
   Compiling displaydoc v0.2.7
   Compiling thiserror v2.0.20
   Compiling getrandom v0.2.17
   Compiling serde_derive_internals v0.30.0
   Compiling tracing-attributes v0.1.31
   Compiling tracing-core v0.1.36
   Compiling zerovec v0.11.8
   Compiling dyn-clone v1.0.20
   Compiling schemars_derive v1.2.2
   Compiling tokio-util v0.7.19
   Compiling tracing v0.1.44
   Compiling lenso-contract-authoring-macros v0.1.1 (/private/var/folders/hp/q9psfx3j2l58mrp6g7d8x8000000gn/T/lenso-release-cohort.r8ncUG/clean-room/packages/lenso-contract-authoring-macros-0.1.1)
   Compiling tinystr v0.8.4
   Compiling litemap v0.8.3
   Compiling writeable v0.6.4
   Compiling potential_utf v0.1.6
   Compiling zerotrie v0.2.5
   Compiling form_urlencoded v1.2.2
   Compiling rustls-pki-types v1.15.1
   Compiling id-arena v2.3.0
   Compiling icu_locale_core v2.3.0
   Compiling utf8_iter v1.0.4
   Compiling http-body v1.1.0
   Compiling untrusted v0.9.0
   Compiling httparse v1.10.1
   Compiling icu_normalizer_data v2.3.0
   Compiling icu_collections v2.3.0
   Compiling icu_provider v2.3.1
   Compiling ring v0.17.14
   Compiling icu_properties_data v2.3.0
   Compiling libm v0.2.16
   Compiling aws-lc-sys v0.45.0
   Compiling tower-service v0.3.3
   Compiling rustc-hash v2.1.3
   Compiling icu_properties v2.3.0
   Compiling scopeguard v1.2.0
   Compiling sync_wrapper v1.0.2
   Compiling try-lock v0.2.5
   Compiling atomic-waker v1.1.2
   Compiling tower-layer v0.3.3
   Compiling httpdate v1.0.3
   Compiling want v0.3.1
   Compiling crc32fast v1.5.2
   Compiling http-body-util v0.1.5
   Compiling core-foundation-sys v0.8.7
   Compiling leb128fmt v0.1.0
   Compiling tower v0.5.3
   Compiling ipnet v2.12.2
   Compiling async-trait v0.1.92
   Compiling security-framework-sys v2.17.0
   Compiling core-foundation v0.10.1
   Compiling cpu-time v1.0.0
   Compiling num-traits v0.2.19
   Compiling wasmtime-internal-core v47.0.4
   Compiling uuid v1.26.1
   Compiling security-framework v3.7.0
   Compiling pulley-macros v47.0.4
   Compiling base64 v0.23.1
   Compiling simd-adler32 v0.3.10
   Compiling adler2 v2.0.1
   Compiling cranelift-bitset v0.134.4
   Compiling zlib-rs v0.6.8
   Compiling miniz_oxide v0.9.1
   Compiling toml_writer v1.1.2+spec-1.1.0
   Compiling pulley-interpreter v47.0.4
   Compiling flate2 v1.1.10
   Compiling xattr v1.6.1
   Compiling filetime v0.2.29
   Compiling cranelift-codegen-shared v0.134.4
   Compiling cranelift-codegen-meta v0.134.4
   Compiling proc-macro-crate v3.5.0
   Compiling aws-lc-rs v1.18.1
   Compiling cobs v0.3.0
   Compiling hashbrown v0.16.1
   Compiling cranelift-codegen v0.134.4
   Compiling tar v0.4.46
   Compiling target-lexicon v0.13.5
   Compiling bumpalo v3.20.3
   Compiling arbitrary v1.4.2
   Compiling cranelift-assembler-x64 v0.134.4
   Compiling aho-corasick v1.1.5
   Compiling regex-automata v0.4.18
   Compiling schemars v1.2.2
   Compiling wasmtime-internal-component-util v47.0.4
   Compiling termcolor v1.4.1
   Compiling semver v1.0.28
   Compiling lenso-native-adapter-macros v0.2.8 (/private/var/folders/hp/q9psfx3j2l58mrp6g7d8x8000000gn/T/lenso-release-cohort.r8ncUG/clean-room/packages/lenso-native-adapter-macros-0.2.8)
   Compiling rustls-webpki v0.103.15
   Compiling cranelift-control v0.134.4
   Compiling lenso-contract-authoring v0.1.2 (/private/var/folders/hp/q9psfx3j2l58mrp6g7d8x8000000gn/T/lenso-release-cohort.r8ncUG/clean-room/packages/lenso-contract-authoring-0.1.2)
   Compiling regex v1.13.1
   Compiling wasmparser v0.252.0
   Compiling wasmtime-internal-versioned-export-macros v47.0.4
   Compiling either v1.18.0
   Compiling smallvec v1.16.1
   Compiling postcard v1.1.3
   Compiling wit-parser v0.252.0
   Compiling icu_normalizer v2.3.0
   Compiling wasmtime v47.0.4
   Compiling idna_adapter v1.2.2
   Compiling regalloc2 v0.15.2
   Compiling idna v1.1.0
   Compiling wasmtime-internal-wit-bindgen v47.0.4
   Compiling url v2.5.8
   Compiling cranelift-entity v0.134.4
   Compiling tower-http v0.6.11
   Compiling itertools v0.14.0
   Compiling cranelift-bforest v0.134.4
   Compiling rquickjs-sys v0.12.2
   Compiling relative-path v2.0.1
   Compiling simdutf8 v0.1.5
   Compiling wasmtime-internal-component-macro v47.0.4
   Compiling wasmtime-internal-jit-icache-coherence v47.0.4
   Compiling rquickjs-core v0.12.2
   Compiling mach2 v0.6.0
   Compiling encoding_rs v0.8.41
   Compiling rustls v0.23.45
   Compiling h2 v0.4.19
   Compiling wasm-encoder v0.252.0
   Compiling hyper v1.11.1
   Compiling tokio-rustls v0.26.5
   Compiling hyper-util v0.1.20
   Compiling wasm-metadata v0.252.0
   Compiling hyper-rustls v0.27.10
   Compiling rustls-platform-verifier v0.7.0
   Compiling gimli v0.33.0
   Compiling wasmprinter v0.252.0
   Compiling object v0.39.1
   Compiling libloading v0.9.0
   Compiling chrono v0.4.45
   Compiling fs2 v0.4.3
   Compiling lenso-contract-codegen v0.10.1 (/private/var/folders/hp/q9psfx3j2l58mrp6g7d8x8000000gn/T/lenso-release-cohort.r8ncUG/clean-room/packages/lenso-contract-codegen-0.10.1)
   Compiling ryu v1.0.23
   Compiling hybrid-array v0.4.15
   Compiling serde_urlencoded v0.7.1
   Compiling crypto-common v0.2.2
   Compiling block-buffer v0.12.1
   Compiling const-oid v0.10.2
   Compiling matchit v0.8.4
   Compiling digest v0.11.3
   Compiling sha1 v0.10.7
   Compiling cpufeatures v0.3.1
   Compiling lenso-capability-http-endpoint v0.3.6 (/private/var/folders/hp/q9psfx3j2l58mrp6g7d8x8000000gn/T/lenso-release-cohort.r8ncUG/clean-room/packages/lenso-capability-http-endpoint-0.3.6)
   Compiling zerocopy v0.8.57
   Compiling lenso-capability-http-endpoint-macros v0.1.5
   Compiling getrandom v0.3.4
   Compiling mime v0.3.17
   Compiling serde_path_to_error v0.1.20
   Compiling axum-core v0.5.6
   Compiling ppv-lite86 v0.2.21
   Compiling data-encoding v2.11.1
   Compiling parking_lot_core v0.9.12
   Compiling sha2 v0.11.0
   Compiling lock_api v0.4.14
   Compiling rand_core v0.9.5
   Compiling lenso-app-plan v0.4.6
   Compiling lenso-process-protocol v0.2.3
   Compiling lenso-kernel v0.3.12 (/private/var/folders/hp/q9psfx3j2l58mrp6g7d8x8000000gn/T/lenso-release-cohort.r8ncUG/clean-room/packages/lenso-kernel-0.3.12)
   Compiling lenso-process-sdk v0.2.0
   Compiling lenso-runtime-codec v0.4.4 (/private/var/folders/hp/q9psfx3j2l58mrp6g7d8x8000000gn/T/lenso-release-cohort.r8ncUG/clean-room/packages/lenso-runtime-codec-0.4.4)
   Compiling lenso-runner v0.2.20 (/private/var/folders/hp/q9psfx3j2l58mrp6g7d8x8000000gn/T/lenso-release-cohort.r8ncUG/clean-room/packages/lenso-runner-0.2.20)
   Compiling reqwest v0.13.5
   Compiling lenso-native-adapter v0.3.19 (/private/var/folders/hp/q9psfx3j2l58mrp6g7d8x8000000gn/T/lenso-release-cohort.r8ncUG/clean-room/packages/lenso-native-adapter-0.3.19)
   Compiling wit-component v0.252.0
   Compiling lenso-process-adapter v0.3.15 (/private/var/folders/hp/q9psfx3j2l58mrp6g7d8x8000000gn/T/lenso-release-cohort.r8ncUG/clean-room/packages/lenso-process-adapter-0.3.15)
   Compiling lenso-contract-runtime v0.2.0
   Compiling rquickjs v0.12.2
   Compiling lenso-dylib-adapter v0.2.11 (/private/var/folders/hp/q9psfx3j2l58mrp6g7d8x8000000gn/T/lenso-release-cohort.r8ncUG/clean-room/packages/lenso-dylib-adapter-0.2.11)
   Compiling lenso-guest-sdk v0.5.1
   Compiling lenso-plugin-bundle v0.6.1
   Compiling lenso-remote-adapter v0.1.10 (/private/var/folders/hp/q9psfx3j2l58mrp6g7d8x8000000gn/T/lenso-release-cohort.r8ncUG/clean-room/packages/lenso-remote-adapter-0.1.10)
   Compiling axum v0.8.9
   Compiling parking_lot v0.12.5
   Compiling rand_chacha v0.9.0
   Compiling lenso-quickjs-adapter v0.2.11 (/private/var/folders/hp/q9psfx3j2l58mrp6g7d8x8000000gn/T/lenso-release-cohort.r8ncUG/clean-room/packages/lenso-quickjs-adapter-0.2.11)
   Compiling rand_core v0.6.4
   Compiling pin-project-internal v1.1.13
   Compiling chacha20 v0.10.2
   Compiling jsonrpsee-types v0.26.0
   Compiling pin-project v1.1.13
   Compiling sha1 v0.11.0
   Compiling lenso-capability-websocket-endpoint v0.1.3 (/private/var/folders/hp/q9psfx3j2l58mrp6g7d8x8000000gn/T/lenso-release-cohort.r8ncUG/clean-room/packages/lenso-capability-websocket-endpoint-0.1.3)
   Compiling lenso-capability-http-stream-endpoint v0.1.3 (/private/var/folders/hp/q9psfx3j2l58mrp6g7d8x8000000gn/T/lenso-release-cohort.r8ncUG/clean-room/packages/lenso-capability-http-stream-endpoint-0.1.3)
   Compiling rustls-platform-verifier v0.5.3
   Compiling rand_chacha v0.3.1
   Compiling rand v0.10.3
   Compiling tokio-stream v0.1.19
   Compiling route-recognizer v0.3.1
   Compiling rand v0.9.5
   Compiling nix v0.31.3
   Compiling deranged v0.5.8
   Compiling rand v0.8.8
   Compiling tungstenite v0.30.0
   Compiling tokio-tungstenite v0.30.0
   Compiling jsonrpsee-core v0.26.0
   Compiling chunked_transfer v1.5.0
   Compiling jsonrpsee-http-client v0.26.0
   Compiling powerfmt v0.2.0
   Compiling num-conv v0.2.2
   Compiling time-core v0.1.9
   Compiling ascii v1.1.0
   Compiling soketto v0.8.1
   Compiling tiny_http v0.12.0
   Compiling jsonrpsee-server v0.26.0
   Compiling num-integer v0.1.47
   Compiling hmac v0.12.1
   Compiling jsonrpsee v0.26.0
   Compiling glob v0.3.4
   Compiling num-bigint v0.4.8
   Compiling num-iter v0.1.46
   Compiling time v0.3.55
   Compiling num-rational v0.4.2
   Compiling lenso-runtime-conformance v0.3.10
   Compiling num-complex v0.4.6
   Compiling command-fds v0.3.3
   Compiling ahash v0.8.12
   Compiling strsim v0.11.1
   Compiling num v0.4.3
   Compiling lenso-bun-adapter v0.1.17 (/private/var/folders/hp/q9psfx3j2l58mrp6g7d8x8000000gn/T/lenso-release-cohort.r8ncUG/clean-room/packages/lenso-bun-adapter-0.1.17)
   Compiling borrow-or-share v0.2.4
   Compiling signature v2.2.0
   Compiling bit-vec v0.8.0
   Compiling fluent-uri v0.4.1
   Compiling fraction v0.16.0
   Compiling ed25519 v2.2.3
   Compiling bit-set v0.8.0
   Compiling nix v0.30.1
   Compiling curve25519-dalek v4.1.3
   Compiling lenso-contract-codegen v0.9.0
   Compiling lenso-contract-codegen v0.8.2
   Compiling webpki-roots v1.0.9
   Compiling strum_macros v0.28.0
   Compiling outref v0.5.2
   Compiling vsimd v0.8.0
   Compiling num-cmp v0.1.0
   Compiling bytecount v0.6.9
   Compiling micromap v0.3.0
   Compiling strum v0.28.0
   Compiling jsonschema-value v0.51.0
   Compiling uuid-simd v0.8.0
   Compiling lenso-capability-agent-tool-provider v0.2.2
   Compiling referencing v0.51.0
   Compiling webpki-roots v0.26.11
   Compiling lenso-capability-auth v0.2.0
   Compiling ed25519-dalek v2.2.0
   Compiling fancy-regex v0.19.2
   Compiling unicode-general-category v1.1.0
   Compiling email_address v0.2.9
   Compiling jsonschema-regex v0.51.0
   Compiling signature v3.0.0
   Compiling typed-path v0.12.3
   Compiling lenso-plugin-catalog v0.1.2
   Compiling zip v8.6.0
   Compiling ureq v2.12.1
   Compiling curve25519-dalek v5.0.0
   Compiling lenso-runtime-codec v0.3.4
   Compiling lenso-guest-sdk v0.4.1
   Compiling lenso-capability-configuration-source v0.1.1 (/private/var/folders/hp/q9psfx3j2l58mrp6g7d8x8000000gn/T/lenso-release-cohort.r8ncUG/clean-room/packages/lenso-capability-configuration-source-0.1.1)
   Compiling lenso-plugin-sdk-macros v0.1.0
   Compiling ed25519 v3.0.0
   Compiling utf8parse v0.2.2
   Compiling lenso-plugin-sdk v0.4.6
   Compiling anstyle v1.0.14
   Compiling is_terminal_polyfill v1.70.2
   Compiling anstyle-parse v1.0.0
   Compiling ed25519-dalek v3.0.0
   Compiling lenso-engine v0.2.0
   Compiling anstyle-query v1.1.5
   Compiling colorchoice v1.0.5
   Compiling lenso-engine-runtime v0.2.1 (/private/var/folders/hp/q9psfx3j2l58mrp6g7d8x8000000gn/T/lenso-release-cohort.r8ncUG/clean-room/packages/lenso-engine-runtime-0.2.1)
   Compiling jsonschema v0.51.0
   Compiling lenso-test v0.1.3 (/private/var/folders/hp/q9psfx3j2l58mrp6g7d8x8000000gn/T/lenso-release-cohort.r8ncUG/clean-room/packages/lenso-test-0.1.3)
   Compiling clap_lex v1.1.1
   Compiling same-file v1.0.6
   Compiling clap_derive v4.6.7
   Compiling anstream v1.0.0
   Compiling notify-types v2.1.0
   Compiling wasmtime-environ v47.0.4
   Compiling fsevent-sys v4.1.0
   Compiling lenso-capability-http-client v0.3.3 (/private/var/folders/hp/q9psfx3j2l58mrp6g7d8x8000000gn/T/lenso-release-cohort.r8ncUG/clean-room/packages/lenso-capability-http-client-0.3.3)
   Compiling shell-words v1.1.1
   Compiling walkdir v2.5.0
   Compiling darling_core v0.24.1
   Compiling darling_macro v0.24.1
   Compiling clap_builder v4.6.7
   Compiling stats_alloc v0.1.10
   Compiling lenso-engine-markdown v0.2.0
   Compiling darling v0.24.1
   Compiling pem v4.0.0
   Compiling rmcp-macros v3.4.0
   Compiling lenso-browser-driver v0.1.10 (/private/var/folders/hp/q9psfx3j2l58mrp6g7d8x8000000gn/T/lenso-release-cohort.r8ncUG/clean-room/packages/lenso-browser-driver-0.1.10)
   Compiling rmcp v3.4.0
   Compiling lenso-workers-driver v0.1.2 (/private/var/folders/hp/q9psfx3j2l58mrp6g7d8x8000000gn/T/lenso-release-cohort.r8ncUG/clean-room/packages/lenso-workers-driver-0.1.2)
   Compiling lenso-engine-authoring v0.2.4 (/private/var/folders/hp/q9psfx3j2l58mrp6g7d8x8000000gn/T/lenso-release-cohort.r8ncUG/clean-room/packages/lenso-engine-authoring-0.2.4)
   Compiling notify v8.2.0
   Compiling lenso-auth-sdk v0.2.3
   Compiling yasna v0.6.0
   Compiling lenso-http-auth v0.2.5 (/private/var/folders/hp/q9psfx3j2l58mrp6g7d8x8000000gn/T/lenso-release-cohort.r8ncUG/clean-room/packages/lenso-http-auth-0.2.5)
   Compiling rcgen v0.14.10
   Compiling clap v4.6.7
mbx[progress]: 15s elapsed; 390 hits, 93 misses, 6 bypassed, 0 not looked up; ~1259.1s compiler work saved
   Compiling wasmtime-internal-unwinder v47.0.4
   Compiling cranelift-frontend v0.134.4
   Compiling cranelift-native v0.134.4
   Compiling wasmtime-internal-cranelift v47.0.4
   Compiling lenso-wasm-component-adapter v0.2.18 (/private/var/folders/hp/q9psfx3j2l58mrp6g7d8x8000000gn/T/lenso-release-cohort.r8ncUG/clean-room/packages/lenso-wasm-component-adapter-0.2.18)
   Compiling lenso-plugin-control-plane v0.4.26 (/private/var/folders/hp/q9psfx3j2l58mrp6g7d8x8000000gn/T/lenso-release-cohort.r8ncUG/clean-room/packages/lenso-plugin-control-plane-0.4.26)
   Compiling lenso v0.5.28 (/private/var/folders/hp/q9psfx3j2l58mrp6g7d8x8000000gn/T/lenso-release-cohort.r8ncUG/clean-room/packages/lenso-0.5.28)
   Compiling lenso-host-distribution v0.1.24
   Compiling lenso-web-ingress-plugin v0.4.10 (/private/var/folders/hp/q9psfx3j2l58mrp6g7d8x8000000gn/T/lenso-release-cohort.r8ncUG/clean-room/packages/lenso-web-ingress-plugin-0.4.10)
   Compiling lenso-agent-tool-cli-plugin v0.1.1 (/private/var/folders/hp/q9psfx3j2l58mrp6g7d8x8000000gn/T/lenso-release-cohort.r8ncUG/clean-room/packages/lenso-agent-tool-cli-plugin-0.1.1)
   Compiling lenso-openapi-plugin v0.2.6 (/private/var/folders/hp/q9psfx3j2l58mrp6g7d8x8000000gn/T/lenso-release-cohort.r8ncUG/clean-room/packages/lenso-openapi-plugin-0.2.6)
   Compiling lenso-http-egress-plugin v0.3.6 (/private/var/folders/hp/q9psfx3j2l58mrp6g7d8x8000000gn/T/lenso-release-cohort.r8ncUG/clean-room/packages/lenso-http-egress-plugin-0.3.6)
   Compiling lenso-host-runtime v0.1.10 (/private/var/folders/hp/q9psfx3j2l58mrp6g7d8x8000000gn/T/lenso-release-cohort.r8ncUG/clean-room/packages/lenso-host-runtime-0.1.10)
mbx[progress]: 30s elapsed; 394 hits, 102 misses, 7 bypassed, 0 not looked up; ~1265.1s compiler work saved
   Compiling lenso-engine-app v0.3.2 (/private/var/folders/hp/q9psfx3j2l58mrp6g7d8x8000000gn/T/lenso-release-cohort.r8ncUG/clean-room/packages/lenso-engine-app-0.3.2)
   Compiling lenso-web-host v0.2.5 (/private/var/folders/hp/q9psfx3j2l58mrp6g7d8x8000000gn/T/lenso-release-cohort.r8ncUG/clean-room/packages/lenso-web-host-0.2.5)
mbx[progress]: 45s elapsed; 394 hits, 136 misses, 7 bypassed, 0 not looked up; ~1265.1s compiler work saved
   Compiling lenso-cli v0.6.5 (/private/var/folders/hp/q9psfx3j2l58mrp6g7d8x8000000gn/T/lenso-release-cohort.r8ncUG/clean-room/packages/lenso-cli-0.6.5)
    Finished `test` profile [unoptimized + debuginfo] target(s) in 53.31s
  Executable unittests src/lib.rs (target/debug/deps/lenso-0e7d5ea5e4123179)
  Executable tests/consumer_authoring.rs (target/debug/deps/consumer_authoring-2ff5253f79d843e0)
  Executable tests/host_control.rs (target/debug/deps/host_control-b47dcc090b69b301)
  Executable tests/managed_tasks.rs (target/debug/deps/managed_tasks-cbaa8fefc9529b66)
  Executable tests/plugin_authoring.rs (target/debug/deps/plugin_authoring-dfcedd91daf89a82)
  Executable tests/provider_stream.rs (target/debug/deps/provider_stream-bf980ce1460d5a06)
  Executable tests/stateless_authoring.rs (target/debug/deps/stateless_authoring-f4245a6842ac6dcb)
  Executable tests/typed_extension.rs (target/debug/deps/typed_extension-a9c4072e80b22bfd)
  Executable unittests src/lib.rs (target/debug/deps/lenso_agent_tool_cli_plugin-7a11a5ad47c2a090)
  Executable unittests src/lib.rs (target/debug/deps/lenso_browser_driver-b31574042114528f)
  Executable tests/smoke.rs (target/debug/deps/smoke-0ba05b414f3e0bcd)
  Executable unittests src/lib.rs (target/debug/deps/lenso_bun_adapter-900aeff51abe85fd)
  Executable tests/target_capability_admission.rs (target/debug/deps/target_capability_admission-353c60c1c34a9bf5)
  Executable unittests src/lib.rs (target/debug/deps/lenso_capability_configuration_source-2ca1e9f51789246f)
  Executable unittests src/lib.rs (target/debug/deps/lenso_capability_http_client-44a4a323ef247158)
  Executable unittests src/lib.rs (target/debug/deps/lenso_capability_http_endpoint-adec6a3c7da7dd75)
  Executable tests/endpoint_attributes.rs (target/debug/deps/endpoint_attributes-b61cd0035cb7ce43)
  Executable tests/http_endpoint.rs (target/debug/deps/http_endpoint-dd9da7983f6236a1)
  Executable tests/openapi_contract.rs (target/debug/deps/openapi_contract-d389e37cf8f42032)
  Executable tests/process.rs (target/debug/deps/process-59b25cbe00644c31)
  Executable tests/response_authoring.rs (target/debug/deps/response_authoring-625ac4ec72380fc8)
  Executable unittests src/lib.rs (target/debug/deps/lenso_capability_http_stream_endpoint-bb221cf2a2b14caf)
  Executable unittests src/lib.rs (target/debug/deps/lenso_capability_websocket_endpoint-033228123f37d943)
  Executable unittests src/lib.rs (target/debug/deps/lenso_app_authoring-ae4d563c3d269a49)
  Executable unittests src/main.rs (target/debug/deps/lenso-d5283a0bc24161bc)
  Executable unittests src/lib.rs (target/debug/deps/lenso_contract_authoring-afdc5bc8191c0acf)
  Executable tests/source.rs (target/debug/deps/source-2d7b8584337b859e)
  Executable unittests src/lib.rs (target/debug/deps/lenso_contract_authoring_macros-194e1100fea275a3)
  Executable tests/registered_snapshot.rs (target/debug/deps/registered_snapshot-ea1d7fedab5782cf)
  Executable unittests src/lib.rs (target/debug/deps/lenso_contract_codegen-a5077f131e1579f6)
  Executable unittests src/main.rs (target/debug/deps/lenso_contract_codegen-67f378628f38e1a6)
  Executable tests/codegen.rs (target/debug/deps/codegen-2841bcdb94dd0175)
  Executable tests/provider_failures.rs (target/debug/deps/provider_failures-65404af5f34e685c)
  Executable tests/source_snapshot.rs (target/debug/deps/source_snapshot-942b9113bbad80b6)
  Executable unittests src/lib.rs (target/debug/deps/lenso_dylib_adapter-f07e35063b89fdea)
  Executable tests/dylib_host.rs (target/debug/deps/dylib_host-6a9866d38c189ee6)
  Executable unittests src/lib.rs (target/debug/deps/lenso_engine_app-380aea7c2b7a33b4)
  Executable tests/embedding.rs (target/debug/deps/embedding-f8f6a2b1d398bbb3)
  Executable unittests src/lib.rs (target/debug/deps/lenso_engine_authoring-d724a4132c259dbb)
  Executable tests/business_snapshot.rs (target/debug/deps/business_snapshot-025e97f3c1f1f6d1)
  Executable unittests src/lib.rs (target/debug/deps/lenso_engine_runtime-4d0e9e5c94c58932)
  Executable tests/consumer.rs (target/debug/deps/consumer-7bd7d6712a7cf5c6)
  Executable unittests src/main.rs (target/debug/deps/lenso_host_runtime-79b901271fe25436)
  Executable tests/runtime_control.rs (target/debug/deps/runtime_control-6120441f7c060d0f)
  Executable unittests src/lib.rs (target/debug/deps/lenso_http_auth-3267a983bec8467c)
  Executable unittests src/lib.rs (target/debug/deps/lenso_http_egress_plugin-92e914035c52c1c3)
  Executable tests/http_egress.rs (target/debug/deps/http_egress-7a1c2d3ce004b9a4)
  Executable tests/portable_wasm_client.rs (target/debug/deps/portable_wasm_client-1342d8dfaf3e9228)
  Executable unittests src/lib.rs (target/debug/deps/lenso_kernel-647f7ec737aff4d6)
  Executable tests/empty_boot.rs (target/debug/deps/empty_boot-5950edc9b3c6c610)
  Executable tests/execution_classes.rs (target/debug/deps/execution_classes-c3e8083032d22ae3)
  Executable tests/invocation_context.rs (target/debug/deps/invocation_context-3e5c2ec151f9e928)
  Executable tests/lifecycle.rs (target/debug/deps/lifecycle-9a2d1f3944b80230)
  Executable tests/native_event.rs (target/debug/deps/native_event-42e058100a734803)
  Executable tests/native_stream.rs (target/debug/deps/native_stream-aa736c6dff4111b8)
  Executable tests/portable_core_repository_boundary.rs (target/debug/deps/portable_core_repository_boundary-e06d2ce8a43db19e)
  Executable tests/request_admission.rs (target/debug/deps/request_admission-19b8bd1c04e19139)
  Executable tests/shutdown.rs (target/debug/deps/shutdown-cdff9fd2f0cd61be)
  Executable tests/startup_settlement.rs (target/debug/deps/startup_settlement-f8c0fc813109f89d)
  Executable tests/supervision.rs (target/debug/deps/supervision-17133779ff1bbb99)
  Executable unittests src/lib.rs (target/debug/deps/lenso_native_adapter-19aa0008583eb7ad)
  Executable tests/configuration.rs (target/debug/deps/configuration-bdb1c189723372ef)
  Executable tests/constructor_tasks.rs (target/debug/deps/constructor_tasks-bc021edd51601981)
  Executable tests/facility_authoring.rs (target/debug/deps/facility_authoring-357dc947fdc91b00)
  Executable tests/manual_configuration_defaults.rs (target/debug/deps/manual_configuration_defaults-5b2295061f5808fb)
  Executable tests/named_dependency_authoring.rs (target/debug/deps/named_dependency_authoring-67aa3b4a263f7f8c)
  Executable tests/optional_facility_authoring.rs (target/debug/deps/optional_facility_authoring-660feba69f9dff52)
  Executable tests/same_role_provides.rs (target/debug/deps/same_role_provides-d01526200d63471d)
  Executable tests/struct_authoring.rs (target/debug/deps/struct_authoring-61c12ad6c2ff4896)
  Executable unittests src/lib.rs (target/debug/deps/lenso_native_adapter_macros-e02d671e00fd1c8d)
  Executable unittests src/lib.rs (target/debug/deps/lenso_openapi_plugin-d9287e535847445a)
  Executable tests/optional_plugin.rs (target/debug/deps/optional_plugin-34ee81dd7cfcb0b8)
  Executable unittests src/lib.rs (target/debug/deps/lenso_plugin_control_plane-31da6ecf73f9a836)
  Executable unittests src/lib.rs (target/debug/deps/lenso_process_adapter-e422053b1ac09a37)
  Executable tests/process_host.rs (target/debug/deps/process_host-de0edc00ec8de76c)
  Executable tests/process_v2_host.rs (target/debug/deps/process_v2_host-3af04767e28ee392)
  Executable unittests src/lib.rs (target/debug/deps/lenso_quickjs_adapter-b5e1d38d3b019041)
  Executable tests/quickjs_host.rs (target/debug/deps/quickjs_host-b73044338a7a972f)
  Executable unittests src/lib.rs (target/debug/deps/lenso_remote_adapter-619b65f725780654)
  Executable tests/remote_host.rs (target/debug/deps/remote_host-52fefdad38a80ff6)
  Executable unittests src/lib.rs (target/debug/deps/lenso_runner-bd9ac85a61006545)
  Executable unittests src/main.rs (target/debug/deps/lenso_runner-6cf9cebb046c35bf)
  Executable tests/native_runner.rs (target/debug/deps/native_runner-cb427e8806f13227)
  Executable tests/process_owner.rs (target/debug/deps/process_owner-c1e7519045f76092)
  Executable tests/replicated_interactions.rs (target/debug/deps/replicated_interactions-5b38a723515102a7)
  Executable tests/replicated_lane_benchmark.rs (target/debug/deps/replicated_lane_benchmark-18997d0344853a3e)
  Executable tests/replicated_lanes.rs (target/debug/deps/replicated_lanes-3220c6ad654c2e7b)
  Executable tests/replicated_terminal.rs (target/debug/deps/replicated_terminal-98dacdd593dbc4bd)
  Executable tests/shutdown.rs (target/debug/deps/shutdown-e7b10644f94593dd)
  Executable tests/tokio_driver.rs (target/debug/deps/tokio_driver-82a432c9ebe7218d)
  Executable unittests src/lib.rs (target/debug/deps/lenso_runtime_codec-9f18ceb0dc64e203)
  Executable unittests src/lib.rs (target/debug/deps/lenso_test-11fb668cb6a7ba56)
  Executable unittests src/lib.rs (target/debug/deps/lenso_wasm_component_adapter-4c39ef56a78c9e77)
  Executable tests/wasm_host.rs (target/debug/deps/wasm_host-8b226480eb709324)
  Executable unittests src/lib.rs (target/debug/deps/lenso_web_host-01bcdc7a4649c36f)
  Executable tests/web_golden_path.rs (target/debug/deps/web_golden_path-4aab054f9a549625)
  Executable unittests src/lib.rs (target/debug/deps/lenso_web_ingress_plugin-cfc164287e96b764)
  Executable tests/http_auth.rs (target/debug/deps/http_auth-335be8b1ed3935c9)
  Executable tests/http_ingress.rs (target/debug/deps/http_ingress-11f4b2194d0ff6d4)
  Executable tests/http_streaming.rs (target/debug/deps/http_streaming-517cbd1156e46a60)
  Executable unittests src/lib.rs (target/debug/deps/lenso_workers_driver-5ce1f9fd686ec3cb)
mbx[cache]: 394 hits, 143 misses, 7 bypassed; 0 B downloaded, 0 B uploaded, 1.5 GiB stored locally
mbx[savings]: 380.2 GiB logical of old build output has been shown the door.
Cohort artifact preflight completed: [{"package_name":"lenso-contract-authoring-macros","version":"0.1.1","sha256":"d8271822cdbeb5660c1ecb4052e401728da13253e028031d398f793ad10a7aa9"},{"package_name":"lenso-kernel","version":"0.3.12","sha256":"517d2007c58c11cd487c483122a458f240fc3c7cb79dce9dd4dafa8dae6f5b1f"},{"package_name":"lenso-native-adapter-macros","version":"0.2.8","sha256":"3dff4fe2c4a13a3704c1ca6d5dcefca70a3dd26edbc07afcec0e637957a44eaa"},{"package_name":"lenso-runtime-codec","version":"0.4.4","sha256":"1c62ef5d6ec2800d44262bf48eaa0d1581dc4da4a1c268cc43d0f37f5ecd1cd0"},{"package_name":"lenso-wasm-component-adapter","version":"0.2.18","sha256":"292667f74efda4379db1f02621f55b99ec144cc2a3825bfb246778d8a7577700"},{"package_name":"lenso-workers-driver","version":"0.1.2","sha256":"c9b5a428a426a074a5fb0b6832e4412cee1853e18e04273dfc948443f1dc394b"},{"package_name":"lenso-browser-driver","version":"0.1.10","sha256":"e665021947b05a25c09c590b803cca3c64186b50bcd8cd182b7c9bd3b1d73c08"},{"package_name":"lenso-contract-authoring","version":"0.1.2","sha256":"93e0873448cffc14b4c86ec2811d7172ce7fbe4e671b58ee458137b791233979"},{"package_name":"lenso-contract-codegen","version":"0.10.1","sha256":"0b4cf1ffd24182481516f00ac86ba20472d541fa17c3018c6cee16a9263a1ccb"},{"package_name":"lenso-dylib-adapter","version":"0.2.11","sha256":"00361ea99c9f2ad92cd01c1b7d215fa3b89b0360f2f73aeb4dfc7435ae80b6f2"},{"package_name":"lenso-native-adapter","version":"0.3.19","sha256":"099e7beb8f3085ded3c9af600a345cdb759b5adea3f680ac640faeed5b5da6f0"},{"package_name":"lenso-process-adapter","version":"0.3.15","sha256":"a455e46b714ca8ce00da5f0a863392371aa964b1d4f85b754b40c77d022bea3a"},{"package_name":"lenso-quickjs-adapter","version":"0.2.11","sha256":"527f908648b800751bf73fd44a3b3937879f26f6735e4e67ab3b912ba91195aa"},{"package_name":"lenso-remote-adapter","version":"0.1.10","sha256":"667907b570c24c90845770955da80d6c35667372382448a9f3ec9b553a52ba20"},{"package_name":"lenso-runner","version":"0.2.20","sha256":"c85b10f1e9ed013dde13dc799687ee0351c51f5108b38148c2271fcbc0704bde"},{"package_name":"lenso-test","version":"0.1.3","sha256":"1f29e3a418e1a4b4fed53e25487ddaa2682879f8a09fbbbedbb70c2cfd2c8e1e"},{"package_name":"lenso-bun-adapter","version":"0.1.17","sha256":"8e416f6b4796f75300f02fd5400b706663eb368089d4bc09d49f14c5e10d84ed"},{"package_name":"lenso-capability-configuration-source","version":"0.1.1","sha256":"4d333261997fa4f4a5d3b1978b581d4bbfdbc940607389898cc1d0c7d89e447f"},{"package_name":"lenso-capability-http-client","version":"0.3.3","sha256":"0df2ec7fa1b5dc8bf4d292bdc547fbfd004b82afa2ccf75cf36de10510fbd527"},{"package_name":"lenso-capability-http-stream-endpoint","version":"0.1.3","sha256":"e37e0b06b510b69cfe314310866c47a88adbec153a5d299b3ab96c61c3a5fb74"},{"package_name":"lenso-capability-websocket-endpoint","version":"0.1.3","sha256":"3d5148ca7602073f2f8489c51cd0382191db8af5684f8e1631e08126b4eb75b3"},{"package_name":"lenso-engine-authoring","version":"0.2.4","sha256":"89f0ed300ba7d4b147c78f0b0c6422d592b39216c5563e3f704e79e5f6d95676"},{"package_name":"lenso-engine-runtime","version":"0.2.1","sha256":"7041df627b6716c8214c0d1a956e5211ff35f327b0d37e7ffaef12c835926e22"},{"package_name":"lenso-plugin-control-plane","version":"0.4.26","sha256":"7c91f90efebf3d9959cbb93ad77c7fb69fba899bb75fb61f752cab59df1c5767"},{"package_name":"lenso","version":"0.5.28","sha256":"21e96d42c9fdee66321c310be774dda34858d7456107e10af43070fbc130dd87"},{"package_name":"lenso-agent-tool-cli-plugin","version":"0.1.1","sha256":"167c1912dd04b0a7084d485d58e35b798c4d2863dad3180749b876228ed8cb92"},{"package_name":"lenso-capability-http-endpoint","version":"0.3.6","sha256":"06fa2c2769428b9dcdc6fbf0167ecfa9bd1dd9ad5596740ad050e445a529d1b7"},{"package_name":"lenso-host-runtime","version":"0.1.10","sha256":"c783ed8328eb13edd2f9f14936160b6f52adbc3e28f64bd73404932e46053c0b"},{"package_name":"lenso-http-auth","version":"0.2.5","sha256":"721299fc091285f755ee76100c8b7b911a8ccb5e24171a404a6833c2e7a45960"},{"package_name":"lenso-http-egress-plugin","version":"0.3.6","sha256":"c68183b376978c1723a59b23ac20c00e0bd074d3da1ff4d518d7aa357e44b9e4"},{"package_name":"lenso-web-ingress-plugin","version":"0.4.10","sha256":"3b98c6d91b2c1f3560f79f288a88c605cf8c149f2738b0317664f5284aa536d5"},{"package_name":"lenso-engine-app","version":"0.3.2","sha256":"a911d6191b8062faadd3c831ee2dc14c0fbf7a05e61a01f62738da16c2bbc9e4"},{"package_name":"lenso-openapi-plugin","version":"0.2.6","sha256":"b06533e2b2036b35e30f0533974931b7a520f80dcc9017845c21f4755e471223"},{"package_name":"lenso-web-host","version":"0.2.5","sha256":"3802a6b40c1aea1e64fef1a8bad9a2a824c35666cb15bcd27d0a244b1c7720a0"},{"package_name":"lenso-cli","version":"0.6.5","sha256":"d4589ca383d10ca36c6dc99c95fe5376b9206e633fde5a0f5fb1f1504f4fcdbb"}]
Registered incompatible legacy dependencies: [{"package_name":"lenso-contract-codegen","version":"0.8.2","source":"registry+https://github.com/rust-lang/crates.io-index","cargo_package_id":"registry+https://github.com/rust-lang/crates.io-index#lenso-contract-codegen@0.8.2"},{"package_name":"lenso-contract-codegen","version":"0.9.0","source":"registry+https://github.com/rust-lang/crates.io-index","cargo_package_id":"registry+https://github.com/rust-lang/crates.io-index#lenso-contract-codegen@0.9.0"},{"package_name":"lenso-runtime-codec","version":"0.3.4","source":"registry+https://github.com/rust-lang/crates.io-index","cargo_package_id":"registry+https://github.com/rust-lang/crates.io-index#lenso-runtime-codec@0.3.4"}]
